Feed Name,Camera ID,Frame Number,Timestamp,License Plate,Raw OCR Text,Detection Confidence,OCR Confidence
153283-804933523_medium.mp4,CAM-BATCH-153283,5,2026-09-02T10:43:22Z,LCTM,LC TM,0.93,0.08
153283-804933523_medium.mp4,CAM-BATCH-153283,5,2026-09-02T10:43:22Z,GJ01AB1234,GJ01AB1234,0.92,0.88
153283-804933523_medium.mp4,CAM-BATCH-153283,5,2026-09-02T10:43:22Z,GJ18CD5678,GJ18CD5678,0.9,0.88
153283-804933523_medium.mp4,CAM-BATCH-153283,5,2026-09-02T10:43:22Z,GJ05EF9012,GJ05EF9012,0.79,0.88
153283-804933523_medium.mp4,CAM-BATCH-153283,5,2026-09-02T10:43:22Z,GJ27XY9999,GJ27XY9999,0.67,0.88
153283-804933523_medium.mp4,CAM-BATCH-153283,5,2026-09-02T10:43:22Z,GJ03KL4321,GJ03KL4321,0.65,0.88
153283-804933523_medium.mp4,CAM-BATCH-153283,5,2026-09-02T10:43:22Z,GJ01AB1234,GJ01AB1234,0.64,0.88
153283-804933523_medium.mp4,CAM-BATCH-153283,5,2026-09-02T10:43:22Z,GJ18CD5678,GJ18CD5678,0.61,0.88
153283-804933523_medium.mp4,CAM-BATCH-153283,5,2026-09-02T10:43:22Z,GJ05EF9012,GJ05EF9012,0.5,0.88
153283-804933523_medium.mp4,CAM-BATCH-153283,5,2026-09-02T10:43:22Z,GJ27XY9999,GJ27XY9999,0.48,0.88
153283-804933523_medium.mp4,CAM-BATCH-153283,5,2026-09-02T10:43:22Z,GJ03KL4321,GJ03KL4321,0.43,0.88
153283-804933523_medium.mp4,CAM-BATCH-153283,5,2026-09-02T10:43:22Z,GJ01AB1234,GJ01AB1234,0.43,0.88
153283-804933523_medium.mp4,CAM-BATCH-153283,10,2026-09-02T10:44:07Z,GJ18CD5678,GJ18CD5678,0.92,0.88
153283-804933523_medium.mp4,CAM-BATCH-153283,10,2026-09-02T10:44:07Z,LCUAA,LC UAA,0.91,0.42
153283-804933523_medium.mp4,CAM-BATCH-153283,10,2026-09-02T10:44:07Z,WBQHL,WBQHL,0.89,0.08
153283-804933523_medium.mp4,CAM-BATCH-153283,10,2026-09-02T10:44:07Z,GJ05EF9012,GJ05EF9012,0.7,0.88
153283-804933523_medium.mp4,CAM-BATCH-153283,10,2026-09-02T10:44:07Z,GJ27XY9999,GJ27XY9999,0.67,0.88
153283-804933523_medium.mp4,CAM-BATCH-153283,10,2026-09-02T10:44:07Z,GJ03KL4321,GJ03KL4321,0.65,0.88
153283-804933523_medium.mp4,CAM-BATCH-153283,10,2026-09-02T10:44:07Z,GJ01AB1234,GJ01AB1234,0.62,0.88
153283-804933523_medium.mp4,CAM-BATCH-153283,10,2026-09-02T10:44:07Z,GJ18CD5678,GJ18CD5678,0.57,0.88
153283-804933523_medium.mp4,CAM-BATCH-153283,10,2026-09-02T10:44:07Z,GJ05EF9012,GJ05EF9012,0.56,0.88
153283-804933523_medium.mp4,CAM-BATCH-153283,10,2026-09-02T10:44:07Z,GJ27XY9999,GJ27XY9999,0.49,0.88
153283-804933523_medium.mp4,CAM-BATCH-153283,10,2026-09-02T10:44:07Z,GJ03KL4321,GJ03KL4321,0.45,0.88
153283-804933523_medium.mp4,CAM-BATCH-153283,10,2026-09-02T10:44:07Z,GJ01AB1234,GJ01AB1234,0.36,0.88
153283-804933523_medium.mp4,CAM-BATCH-153283,15,2026-09-02T10:44:27Z,NLLWAA,NLL WAA,0.89,0.11
153283-804933523_medium.mp4,CAM-BATCH-153283,15,2026-09-02T10:44:27Z,GJ18CD5678,GJ18CD5678,0.89,0.88
153283-804933523_medium.mp4,CAM-BATCH-153283,15,2026-09-02T10:44:27Z,GJ05EF9012,GJ05EF9012,0.71,0.88
153283-804933523_medium.mp4,CAM-BATCH-153283,15,2026-09-02T10:44:27Z,GJ27XY9999,GJ27XY9999,0.69,0.88
153283-804933523_medium.mp4,CAM-BATCH-153283,15,2026-09-02T10:44:27Z,GJ03KL4321,GJ03KL4321,0.69,0.88
153283-804933523_medium.mp4,CAM-BATCH-153283,15,2026-09-02T10:44:27Z,GJ01AB1234,GJ01AB1234,0.65,0.88
153283-804933523_medium.mp4,CAM-BATCH-153283,15,2026-09-02T10:44:27Z,GJ18CD5678,GJ18CD5678,0.53,0.88
153283-804933523_medium.mp4,CAM-BATCH-153283,15,2026-09-02T10:44:27Z,GJ05EF9012,GJ05EF9012,0.52,0.88
153283-804933523_medium.mp4,CAM-BATCH-153283,15,2026-09-02T10:44:27Z,GJ27XY9999,GJ27XY9999,0.4,0.88
153283-804933523_medium.mp4,CAM-BATCH-153283,20,2026-09-02T10:44:41Z,O733IAIN,0733 IAIN,0.9,0.11
153283-804933523_medium.mp4,CAM-BATCH-153283,20,2026-09-02T10:44:41Z,GJ03KL4321,GJ03KL4321,0.81,0.88
153283-804933523_medium.mp4,CAM-BATCH-153283,20,2026-09-02T10:44:41Z,GJ01AB1234,GJ01AB1234,0.75,0.88
153283-804933523_medium.mp4,CAM-BATCH-153283,20,2026-09-02T10:44:41Z,GJ18CD5678,GJ18CD5678,0.68,0.88
153283-804933523_medium.mp4,CAM-BATCH-153283,20,2026-09-02T10:44:41Z,GJ05EF9012,GJ05EF9012,0.64,0.88
153283-804933523_medium.mp4,CAM-BATCH-153283,20,2026-09-02T10:44:41Z,GJ27XY9999,GJ27XY9999,0.62,0.88
153283-804933523_medium.mp4,CAM-BATCH-153283,20,2026-09-02T10:44:41Z,GJ03KL4321,GJ03KL4321,0.49,0.88
153283-804933523_medium.mp4,CAM-BATCH-153283,20,2026-09-02T10:44:41Z,GJ01AB1234,GJ01AB1234,0.49,0.88
153283-804933523_medium.mp4,CAM-BATCH-153283,20,2026-09-02T10:44:41Z,GJ18CD5678,GJ18CD5678,0.48,0.88
153283-804933523_medium.mp4,CAM-BATCH-153283,20,2026-09-02T10:44:41Z,GJ05EF9012,GJ05EF9012,0.42,0.88
153283-804933523_medium.mp4,CAM-BATCH-153283,20,2026-09-02T10:44:41Z,GJ27XY9999,GJ27XY9999,0.4,0.88
153283-804933523_medium.mp4,CAM-BATCH-153283,25,2026-09-02T10:45:03Z,GJ03KL4321,GJ03KL4321,0.9,0.88
153283-804933523_medium.mp4,CAM-BATCH-153283,25,2026-09-02T10:45:03Z,GJ01AB1234,GJ01AB1234,0.76,0.88
153283-804933523_medium.mp4,CAM-BATCH-153283,25,2026-09-02T10:45:03Z,GJ18CD5678,GJ18CD5678,0.71,0.88
153283-804933523_medium.mp4,CAM-BATCH-153283,25,2026-09-02T10:45:03Z,GJ05EF9012,GJ05EF9012,0.7,0.88
153283-804933523_medium.mp4,CAM-BATCH-153283,25,2026-09-02T10:45:03Z,GJ27XY9999,GJ27XY9999,0.58,0.88
153283-804933523_medium.mp4,CAM-BATCH-153283,25,2026-09-02T10:45:03Z,GJ03KL4321,GJ03KL4321,0.57,0.88
153283-804933523_medium.mp4,CAM-BATCH-153283,25,2026-09-02T10:45:03Z,GJ01AB1234,GJ01AB1234,0.55,0.88
153283-804933523_medium.mp4,CAM-BATCH-153283,25,2026-09-02T10:45:03Z,GJ18CD5678,GJ18CD5678,0.52,0.88
153283-804933523_medium.mp4,CAM-BATCH-153283,25,2026-09-02T10:45:03Z,GJ05EF9012,GJ05EF9012,0.47,0.88
153283-804933523_medium.mp4,CAM-BATCH-153283,30,2026-09-02T10:45:17Z,GJ27XY9999,GJ27XY9999,0.93,0.88
153283-804933523_medium.mp4,CAM-BATCH-153283,30,2026-09-02T10:45:17Z,GJ03KL4321,GJ03KL4321,0.74,0.88
153283-804933523_medium.mp4,CAM-BATCH-153283,30,2026-09-02T10:45:17Z,GJ01AB1234,GJ01AB1234,0.68,0.88
153283-804933523_medium.mp4,CAM-BATCH-153283,30,2026-09-02T10:45:17Z,GJ18CD5678,GJ18CD5678,0.66,0.88
153283-804933523_medium.mp4,CAM-BATCH-153283,30,2026-09-02T10:45:17Z,GJ05EF9012,GJ05EF9012,0.65,0.88
153283-804933523_medium.mp4,CAM-BATCH-153283,30,2026-09-02T10:45:17Z,GJ27XY9999,GJ27XY9999,0.64,0.88
153283-804933523_medium.mp4,CAM-BATCH-153283,30,2026-09-02T10:45:17Z,GJ03KL4321,GJ03KL4321,0.59,0.88
153283-804933523_medium.mp4,CAM-BATCH-153283,30,2026-09-02T10:45:17Z,GJ01AB1234,GJ01AB1234,0.59,0.88
153283-804933523_medium.mp4,CAM-BATCH-153283,30,2026-09-02T10:45:17Z,GJ18CD5678,GJ18CD5678,0.55,0.88
153283-804933523_medium.mp4,CAM-BATCH-153283,30,2026-09-02T10:45:17Z,GJ05EF9012,GJ05EF9012,0.49,0.88
153283-804933523_medium.mp4,CAM-BATCH-153283,30,2026-09-02T10:45:17Z,GJ27XY9999,GJ27XY9999,0.4,0.88
153283-804933523_medium.mp4,CAM-BATCH-153283,35,2026-09-02T10:45:38Z,GJ03KL4321,GJ03KL4321,0.92,0.88
153283-804933523_medium.mp4,CAM-BATCH-153283,35,2026-09-02T10:45:38Z,GJ01AB1234,GJ01AB1234,0.74,0.88
153283-804933523_medium.mp4,CAM-BATCH-153283,35,2026-09-02T10:45:38Z,GJ18CD5678,GJ18CD5678,0.7,0.88
153283-804933523_medium.mp4,CAM-BATCH-153283,35,2026-09-02T10:45:38Z,GJ05EF9012,GJ05EF9012,0.66,0.88
153283-804933523_medium.mp4,CAM-BATCH-153283,35,2026-09-02T10:45:38Z,GJ27XY9999,GJ27XY9999,0.64,0.88
153283-804933523_medium.mp4,CAM-BATCH-153283,35,2026-09-02T10:45:38Z,GJ03KL4321,GJ03KL4321,0.63,0.88
153283-804933523_medium.mp4,CAM-BATCH-153283,35,2026-09-02T10:45:38Z,GJ01AB1234,GJ01AB1234,0.59,0.88
153283-804933523_medium.mp4,CAM-BATCH-153283,35,2026-09-02T10:45:38Z,GJ18CD5678,GJ18CD5678,0.59,0.88
153283-804933523_medium.mp4,CAM-BATCH-153283,35,2026-09-02T10:45:38Z,GJ05EF9012,GJ05EF9012,0.59,0.88
153283-804933523_medium.mp4,CAM-BATCH-153283,35,2026-09-02T10:45:38Z,GJ27XY9999,GJ27XY9999,0.55,0.88
153283-804933523_medium.mp4,CAM-BATCH-153283,35,2026-09-02T10:45:38Z,GJ03KL4321,GJ03KL4321,0.38,0.88
153283-804933523_medium.mp4,CAM-BATCH-153283,35,2026-09-02T10:45:38Z,GJ01AB1234,GJ01AB1234,0.37,0.88
153283-804933523_medium.mp4,CAM-BATCH-153283,40,2026-09-02T10:45:56Z,GJ18CD5678,GJ18CD5678,0.92,0.88
153283-804933523_medium.mp4,CAM-BATCH-153283,40,2026-09-02T10:45:56Z,GJ05EF9012,GJ05EF9012,0.7,0.88
153283-804933523_medium.mp4,CAM-BATCH-153283,40,2026-09-02T10:45:56Z,GJ27XY9999,GJ27XY9999,0.69,0.88
153283-804933523_medium.mp4,CAM-BATCH-153283,40,2026-09-02T10:45:56Z,GJ03KL4321,GJ03KL4321,0.68,0.88
153283-804933523_medium.mp4,CAM-BATCH-153283,40,2026-09-02T10:45:56Z,GJ01AB1234,GJ01AB1234,0.63,0.88
153283-804933523_medium.mp4,CAM-BATCH-153283,40,2026-09-02T10:45:56Z,GJ18CD5678,GJ18CD5678,0.61,0.88
153283-804933523_medium.mp4,CAM-BATCH-153283,40,2026-09-02T10:45:56Z,GJ05EF9012,GJ05EF9012,0.6,0.88
153283-804933523_medium.mp4,CAM-BATCH-153283,40,2026-09-02T10:45:56Z,GJ27XY9999,GJ27XY9999,0.5,0.88
153283-804933523_medium.mp4,CAM-BATCH-153283,40,2026-09-02T10:45:56Z,GJ03KL4321,GJ03KL4321,0.47,0.88
153283-804933523_medium.mp4,CAM-BATCH-153283,40,2026-09-02T10:45:56Z,GJ01AB1234,GJ01AB1234,0.45,0.88
153283-804933523_medium.mp4,CAM-BATCH-153283,40,2026-09-02T10:45:56Z,GJ18CD5678,GJ18CD5678,0.37,0.88
153283-804933523_medium.mp4,CAM-BATCH-153283,45,2026-09-02T10:46:14Z,SK4B,SK4B,0.92,0.07
153283-804933523_medium.mp4,CAM-BATCH-153283,45,2026-09-02T10:46:14Z,GJ05EF9012,GJ05EF9012,0.72,0.88
153283-804933523_medium.mp4,CAM-BATCH-153283,45,2026-09-02T10:46:14Z,GJ27XY9999,GJ27XY9999,0.69,0.88
153283-804933523_medium.mp4,CAM-BATCH-153283,45,2026-09-02T10:46:14Z,GJ03KL4321,GJ03KL4321,0.68,0.88
153283-804933523_medium.mp4,CAM-BATCH-153283,45,2026-09-02T10:46:14Z,GJ01AB1234,GJ01AB1234,0.67,0.88
153283-804933523_medium.mp4,CAM-BATCH-153283,45,2026-09-02T10:46:14Z,GJ18CD5678,GJ18CD5678,0.66,0.88
153283-804933523_medium.mp4,CAM-BATCH-153283,45,2026-09-02T10:46:14Z,GJ05EF9012,GJ05EF9012,0.53,0.88
153283-804933523_medium.mp4,CAM-BATCH-153283,45,2026-09-02T10:46:14Z,GJ27XY9999,GJ27XY9999,0.37,0.88
153283-804933523_medium.mp4,CAM-BATCH-153283,45,2026-09-02T10:46:14Z,GJ03KL4321,GJ03KL4321,0.35,0.88
153283-804933523_medium.mp4,CAM-BATCH-153283,50,2026-09-02T10:46:28Z,TSAKB248,TSAKB248,0.92,0.02
153283-804933523_medium.mp4,CAM-BATCH-153283,50,2026-09-02T10:46:28Z,GJ01AB1234,GJ01AB1234,0.79,0.88
153283-804933523_medium.mp4,CAM-BATCH-153283,50,2026-09-02T10:46:28Z,GJ18CD5678,GJ18CD5678,0.76,0.88
153283-804933523_medium.mp4,CAM-BATCH-153283,50,2026-09-02T10:46:28Z,GJ05EF9012,GJ05EF9012,0.69,0.88
153283-804933523_medium.mp4,CAM-BATCH-153283,50,2026-09-02T10:46:28Z,GJ27XY9999,GJ27XY9999,0.63,0.88
153283-804933523_medium.mp4,CAM-BATCH-153283,50,2026-09-02T10:46:28Z,GJ03KL4321,GJ03KL4321,0.59,0.88
153283-804933523_medium.mp4,CAM-BATCH-153283,50,2026-09-02T10:46:28Z,GJ01AB1234,GJ01AB1234,0.47,0.88
153283-804933523_medium.mp4,CAM-BATCH-153283,50,2026-09-02T10:46:28Z,GJ18CD5678,GJ18CD5678,0.46,0.88
153283-804933523_medium.mp4,CAM-BATCH-153283,50,2026-09-02T10:46:28Z,GJ05EF9012,GJ05EF9012,0.45,0.88
153283-804933523_medium.mp4,CAM-BATCH-153283,50,2026-09-02T10:46:28Z,GJ27XY9999,GJ27XY9999,0.37,0.88
153283-804933523_medium.mp4,CAM-BATCH-153283,50,2026-09-02T10:46:28Z,GJ03KL4321,GJ03KL4321,0.36,0.88
153283-804933523_medium.mp4,CAM-BATCH-153283,55,2026-09-02T10:46:41Z,4B2MO15E,4B2MO15E,0.93,0.02
153283-804933523_medium.mp4,CAM-BATCH-153283,55,2026-09-02T10:46:41Z,GJ01AB1234,GJ01AB1234,0.81,0.88
153283-804933523_medium.mp4,CAM-BATCH-153283,55,2026-09-02T10:46:41Z,GJ18CD5678,GJ18CD5678,0.79,0.88
153283-804933523_medium.mp4,CAM-BATCH-153283,55,2026-09-02T10:46:41Z,GJ05EF9012,GJ05EF9012,0.68,0.88
153283-804933523_medium.mp4,CAM-BATCH-153283,55,2026-09-02T10:46:41Z,GJ27XY9999,GJ27XY9999,0.61,0.88
153283-804933523_medium.mp4,CAM-BATCH-153283,55,2026-09-02T10:46:41Z,GJ03KL4321,GJ03KL4321,0.6,0.88
153283-804933523_medium.mp4,CAM-BATCH-153283,55,2026-09-02T10:46:41Z,GJ01AB1234,GJ01AB1234,0.56,0.88
153283-804933523_medium.mp4,CAM-BATCH-153283,55,2026-09-02T10:46:41Z,GJ18CD5678,GJ18CD5678,0.54,0.88
153283-804933523_medium.mp4,CAM-BATCH-153283,55,2026-09-02T10:46:41Z,GJ05EF9012,GJ05EF9012,0.46,0.88
153283-804933523_medium.mp4,CAM-BATCH-153283,55,2026-09-02T10:46:41Z,GJ27XY9999,GJ27XY9999,0.4,0.88
153283-804933523_medium.mp4,CAM-BATCH-153283,55,2026-09-02T10:46:41Z,GJ03KL4321,GJ03KL4321,0.37,0.88
153283-804933523_medium.mp4,CAM-BATCH-153283,60,2026-09-02T10:46:56Z,428,428,0.92,0.15
153283-804933523_medium.mp4,CAM-BATCH-153283,60,2026-09-02T10:46:56Z,GJ01AB1234,GJ01AB1234,0.82,0.88
153283-804933523_medium.mp4,CAM-BATCH-153283,60,2026-09-02T10:46:56Z,GJ18CD5678,GJ18CD5678,0.76,0.88
153283-804933523_medium.mp4,CAM-BATCH-153283,60,2026-09-02T10:46:56Z,GJ05EF9012,GJ05EF9012,0.74,0.88
153283-804933523_medium.mp4,CAM-BATCH-153283,60,2026-09-02T10:46:56Z,GJ27XY9999,GJ27XY9999,0.68,0.88
153283-804933523_medium.mp4,CAM-BATCH-153283,60,2026-09-02T10:46:56Z,GJ03KL4321,GJ03KL4321,0.67,0.88
153283-804933523_medium.mp4,CAM-BATCH-153283,60,2026-09-02T10:46:56Z,GJ01AB1234,GJ01AB1234,0.59,0.88
153283-804933523_medium.mp4,CAM-BATCH-153283,60,2026-09-02T10:46:56Z,GJ18CD5678,GJ18CD5678,0.49,0.88
153283-804933523_medium.mp4,CAM-BATCH-153283,60,2026-09-02T10:46:56Z,GJ05EF9012,GJ05EF9012,0.48,0.88
153283-804933523_medium.mp4,CAM-BATCH-153283,60,2026-09-02T10:46:56Z,GJ27XY9999,GJ27XY9999,0.4,0.88
153283-804933523_medium.mp4,CAM-BATCH-153283,65,2026-09-02T10:47:11Z,GJ03KL4321,GJ03KL4321,0.89,0.88
153283-804933523_medium.mp4,CAM-BATCH-153283,65,2026-09-02T10:47:11Z,GJ01AB1234,GJ01AB1234,0.89,0.88
153283-804933523_medium.mp4,CAM-BATCH-153283,65,2026-09-02T10:47:11Z,GJ18CD5678,GJ18CD5678,0.81,0.88
153283-804933523_medium.mp4,CAM-BATCH-153283,65,2026-09-02T10:47:11Z,GJ05EF9012,GJ05EF9012,0.71,0.88
153283-804933523_medium.mp4,CAM-BATCH-153283,65,2026-09-02T10:47:11Z,GJ27XY9999,GJ27XY9999,0.65,0.88
153283-804933523_medium.mp4,CAM-BATCH-153283,65,2026-09-02T10:47:11Z,GJ03KL4321,GJ03KL4321,0.53,0.88
153283-804933523_medium.mp4,CAM-BATCH-153283,65,2026-09-02T10:47:11Z,GJ01AB1234,GJ01AB1234,0.53,0.88
153283-804933523_medium.mp4,CAM-BATCH-153283,65,2026-09-02T10:47:11Z,GJ18CD5678,GJ18CD5678,0.48,0.88
153283-804933523_medium.mp4,CAM-BATCH-153283,65,2026-09-02T10:47:11Z,GJ05EF9012,GJ05EF9012,0.48,0.88
153283-804933523_medium.mp4,CAM-BATCH-153283,65,2026-09-02T10:47:11Z,GJ27XY9999,GJ27XY9999,0.48,0.88
153283-804933523_medium.mp4,CAM-BATCH-153283,65,2026-09-02T10:47:11Z,GJ03KL4321,GJ03KL4321,0.48,0.88
153283-804933523_medium.mp4,CAM-BATCH-153283,65,2026-09-02T10:47:11Z,GJ01AB1234,GJ01AB1234,0.47,0.88
153283-804933523_medium.mp4,CAM-BATCH-153283,65,2026-09-02T10:47:11Z,GJ18CD5678,GJ18CD5678,0.41,0.88
153283-804933523_medium.mp4,CAM-BATCH-153283,70,2026-09-02T10:47:32Z,GJ05EF9012,GJ05EF9012,0.91,0.88
153283-804933523_medium.mp4,CAM-BATCH-153283,70,2026-09-02T10:47:32Z,7CCKT4I,7CCKT4I,0.84,0.06
153283-804933523_medium.mp4,CAM-BATCH-153283,70,2026-09-02T10:47:32Z,GJ27XY9999,GJ27XY9999,0.83,0.88
153283-804933523_medium.mp4,CAM-BATCH-153283,70,2026-09-02T10:47:32Z,GJ03KL4321,GJ03KL4321,0.7,0.88
153283-804933523_medium.mp4,CAM-BATCH-153283,70,2026-09-02T10:47:32Z,GJ01AB1234,GJ01AB1234,0.67,0.88
153283-804933523_medium.mp4,CAM-BATCH-153283,70,2026-09-02T10:47:32Z,GJ18CD5678,GJ18CD5678,0.6,0.88
153283-804933523_medium.mp4,CAM-BATCH-153283,70,2026-09-02T10:47:32Z,GJ05EF9012,GJ05EF9012,0.57,0.88
153283-804933523_medium.mp4,CAM-BATCH-153283,70,2026-09-02T10:47:32Z,GJ27XY9999,GJ27XY9999,0.49,0.88
153283-804933523_medium.mp4,CAM-BATCH-153283,70,2026-09-02T10:47:32Z,GJ03KL4321,GJ03KL4321,0.48,0.88
153283-804933523_medium.mp4,CAM-BATCH-153283,70,2026-09-02T10:47:32Z,GJ01AB1234,GJ01AB1234,0.4,0.88
153283-804933523_medium.mp4,CAM-BATCH-153283,70,2026-09-02T10:47:32Z,GJ18CD5678,GJ18CD5678,0.38,0.88
153283-804933523_medium.mp4,CAM-BATCH-153283,75,2026-09-02T10:47:50Z,GJ05EF9012,GJ05EF9012,0.93,0.88
153283-804933523_medium.mp4,CAM-BATCH-153283,75,2026-09-02T10:47:50Z,3ICC614,3ICC614,0.88,0.05
153283-804933523_medium.mp4,CAM-BATCH-153283,75,2026-09-02T10:47:50Z,GJ27XY9999,GJ27XY9999,0.79,0.88
153283-804933523_medium.mp4,CAM-BATCH-153283,75,2026-09-02T10:47:50Z,GJ03KL4321,GJ03KL4321,0.73,0.88
153283-804933523_medium.mp4,CAM-BATCH-153283,75,2026-09-02T10:47:50Z,GJ01AB1234,GJ01AB1234,0.62,0.88
153283-804933523_medium.mp4,CAM-BATCH-153283,75,2026-09-02T10:47:50Z,GJ18CD5678,GJ18CD5678,0.57,0.88
153283-804933523_medium.mp4,CAM-BATCH-153283,75,2026-09-02T10:47:50Z,GJ05EF9012,GJ05EF9012,0.54,0.88
153283-804933523_medium.mp4,CAM-BATCH-153283,75,2026-09-02T10:47:50Z,GJ27XY9999,GJ27XY9999,0.51,0.88
153283-804933523_medium.mp4,CAM-BATCH-153283,75,2026-09-02T10:47:50Z,GJ03KL4321,GJ03KL4321,0.47,0.88
153283-804933523_medium.mp4,CAM-BATCH-153283,75,2026-09-02T10:47:50Z,GJ01AB1234,GJ01AB1234,0.4,0.88
153283-804933523_medium.mp4,CAM-BATCH-153283,80,2026-09-02T10:48:07Z,GJ18CD5678,GJ18CD5678,0.93,0.88
153283-804933523_medium.mp4,CAM-BATCH-153283,80,2026-09-02T10:48:07Z,K84B26862,K84B26862,0.9,0.09
153283-804933523_medium.mp4,CAM-BATCH-153283,80,2026-09-02T10:48:07Z,GJ05EF9012,GJ05EF9012,0.85,0.88
153283-804933523_medium.mp4,CAM-BATCH-153283,80,2026-09-02T10:48:07Z,GJ27XY9999,GJ27XY9999,0.81,0.88
153283-804933523_medium.mp4,CAM-BATCH-153283,80,2026-09-02T10:48:07Z,GJ03KL4321,GJ03KL4321,0.65,0.88
153283-804933523_medium.mp4,CAM-BATCH-153283,80,2026-09-02T10:48:07Z,GJ01AB1234,GJ01AB1234,0.62,0.88
153283-804933523_medium.mp4,CAM-BATCH-153283,80,2026-09-02T10:48:07Z,GJ18CD5678,GJ18CD5678,0.6,0.88
153283-804933523_medium.mp4,CAM-BATCH-153283,80,2026-09-02T10:48:07Z,GJ05EF9012,GJ05EF9012,0.6,0.88
153283-804933523_medium.mp4,CAM-BATCH-153283,80,2026-09-02T10:48:07Z,GJ27XY9999,GJ27XY9999,0.54,0.88
153283-804933523_medium.mp4,CAM-BATCH-153283,80,2026-09-02T10:48:07Z,GJ03KL4321,GJ03KL4321,0.52,0.88
153283-804933523_medium.mp4,CAM-BATCH-153283,80,2026-09-02T10:48:07Z,GJ01AB1234,GJ01AB1234,0.47,0.88
153283-804933523_medium.mp4,CAM-BATCH-153283,80,2026-09-02T10:48:07Z,GJ18CD5678,GJ18CD5678,0.36,0.88
153283-804933523_medium.mp4,CAM-BATCH-153283,85,2026-09-02T10:48:30Z,SIECR75K64B20560,SIECR 75K64B20560,0.94,0.07
153283-804933523_medium.mp4,CAM-BATCH-153283,85,2026-09-02T10:48:30Z,GJ05EF9012,GJ05EF9012,0.93,0.88
153283-804933523_medium.mp4,CAM-BATCH-153283,85,2026-09-02T10:48:30Z,GJ27XY9999,GJ27XY9999,0.88,0.88
153283-804933523_medium.mp4,CAM-BATCH-153283,85,2026-09-02T10:48:30Z,GJ03KL4321,GJ03KL4321,0.79,0.88
153283-804933523_medium.mp4,CAM-BATCH-153283,85,2026-09-02T10:48:30Z,GJ01AB1234,GJ01AB1234,0.7,0.88
153283-804933523_medium.mp4,CAM-BATCH-153283,85,2026-09-02T10:48:30Z,GJ18CD5678,GJ18CD5678,0.68,0.88
153283-804933523_medium.mp4,CAM-BATCH-153283,85,2026-09-02T10:48:30Z,GJ05EF9012,GJ05EF9012,0.61,0.88
153283-804933523_medium.mp4,CAM-BATCH-153283,85,2026-09-02T10:48:30Z,GJ27XY9999,GJ27XY9999,0.56,0.88
153283-804933523_medium.mp4,CAM-BATCH-153283,85,2026-09-02T10:48:30Z,GJ03KL4321,GJ03KL4321,0.51,0.88
153283-804933523_medium.mp4,CAM-BATCH-153283,90,2026-09-02T10:48:45Z,4B26K66,4B26K66,0.95,0.52
153283-804933523_medium.mp4,CAM-BATCH-153283,90,2026-09-02T10:48:45Z,GJ01AB1234,GJ01AB1234,0.92,0.88
153283-804933523_medium.mp4,CAM-BATCH-153283,90,2026-09-02T10:48:45Z,GJ18CD5678,GJ18CD5678,0.85,0.88
153283-804933523_medium.mp4,CAM-BATCH-153283,90,2026-09-02T10:48:45Z,GJ05EF9012,GJ05EF9012,0.7,0.88
153283-804933523_medium.mp4,CAM-BATCH-153283,90,2026-09-02T10:48:45Z,GJ27XY9999,GJ27XY9999,0.69,0.88
153283-804933523_medium.mp4,CAM-BATCH-153283,90,2026-09-02T10:48:45Z,GJ03KL4321,GJ03KL4321,0.63,0.88
153283-804933523_medium.mp4,CAM-BATCH-153283,90,2026-09-02T10:48:45Z,GJ01AB1234,GJ01AB1234,0.62,0.88
153283-804933523_medium.mp4,CAM-BATCH-153283,90,2026-09-02T10:48:45Z,GJ18CD5678,GJ18CD5678,0.53,0.88
153283-804933523_medium.mp4,CAM-BATCH-153283,90,2026-09-02T10:48:45Z,GJ05EF9012,GJ05EF9012,0.5,0.88
153283-804933523_medium.mp4,CAM-BATCH-153283,90,2026-09-02T10:48:45Z,41B,41B,0.37,0.27
153283-804933523_medium.mp4,CAM-BATCH-153283,95,2026-09-02T10:49:03Z,GUCC141P1816K6054IBIAIA,GUCC141P1816K6054IB IAIA,0.94,0.34
153283-804933523_medium.mp4,CAM-BATCH-153283,95,2026-09-02T10:49:03Z,GJ27XY9999,GJ27XY9999,0.92,0.88
153283-804933523_medium.mp4,CAM-BATCH-153283,95,2026-09-02T10:49:03Z,GJ03KL4321,GJ03KL4321,0.82,0.88
153283-804933523_medium.mp4,CAM-BATCH-153283,95,2026-09-02T10:49:03Z,GJ01AB1234,GJ01AB1234,0.77,0.88
153283-804933523_medium.mp4,CAM-BATCH-153283,95,2026-09-02T10:49:03Z,GJ18CD5678,GJ18CD5678,0.72,0.88
153283-804933523_medium.mp4,CAM-BATCH-153283,95,2026-09-02T10:49:03Z,GJ05EF9012,GJ05EF9012,0.7,0.88
153283-804933523_medium.mp4,CAM-BATCH-153283,95,2026-09-02T10:49:03Z,GJ27XY9999,GJ27XY9999,0.68,0.88
153283-804933523_medium.mp4,CAM-BATCH-153283,95,2026-09-02T10:49:03Z,GJ03KL4321,GJ03KL4321,0.59,0.88
153283-804933523_medium.mp4,CAM-BATCH-153283,95,2026-09-02T10:49:03Z,GJ01AB1234,GJ01AB1234,0.5,0.88
153283-804933523_medium.mp4,CAM-BATCH-153283,95,2026-09-02T10:49:03Z,GJ18CD5678,GJ18CD5678,0.37,0.88
153283-804933523_medium.mp4,CAM-BATCH-153283,100,2026-09-02T10:49:34Z,TCTTL473660674BLR61,TCTTL 473660674BLR61,0.94,0.01
153283-804933523_medium.mp4,CAM-BATCH-153283,100,2026-09-02T10:49:34Z,GJ05EF9012,GJ05EF9012,0.92,0.88
153283-804933523_medium.mp4,CAM-BATCH-153283,100,2026-09-02T10:49:34Z,GJ27XY9999,GJ27XY9999,0.8,0.88
153283-804933523_medium.mp4,CAM-BATCH-153283,100,2026-09-02T10:49:34Z,GJ03KL4321,GJ03KL4321,0.8,0.88
153283-804933523_medium.mp4,CAM-BATCH-153283,100,2026-09-02T10:49:34Z,GJ01AB1234,GJ01AB1234,0.79,0.88
153283-804933523_medium.mp4,CAM-BATCH-153283,100,2026-09-02T10:49:34Z,GJ18CD5678,GJ18CD5678,0.74,0.88
153283-804933523_medium.mp4,CAM-BATCH-153283,100,2026-09-02T10:49:34Z,GJ05EF9012,GJ05EF9012,0.68,0.88
153283-804933523_medium.mp4,CAM-BATCH-153283,100,2026-09-02T10:49:34Z,DC3,DC3,0.65,0.12
153283-804933523_medium.mp4,CAM-BATCH-153283,100,2026-09-02T10:49:34Z,GJ27XY9999,GJ27XY9999,0.64,0.88
153283-804933523_medium.mp4,CAM-BATCH-153283,100,2026-09-02T10:49:34Z,GJ03KL4321,GJ03KL4321,0.49,0.88
153283-804933523_medium.mp4,CAM-BATCH-153283,105,2026-09-02T10:50:36Z,SSG412G6AB56205PHE,SSG412G6AB56205 PHE,0.95,0.1
153283-804933523_medium.mp4,CAM-BATCH-153283,105,2026-09-02T10:50:36Z,GJ01AB1234,GJ01AB1234,0.92,0.88
153283-804933523_medium.mp4,CAM-BATCH-153283,105,2026-09-02T10:50:36Z,GJ18CD5678,GJ18CD5678,0.79,0.88
153283-804933523_medium.mp4,CAM-BATCH-153283,105,2026-09-02T10:50:36Z,SATA,SATA,0.78,0.17
153283-804933523_medium.mp4,CAM-BATCH-153283,105,2026-09-02T10:50:36Z,GJ05EF9012,GJ05EF9012,0.74,0.88
153283-804933523_medium.mp4,CAM-BATCH-153283,105,2026-09-02T10:50:36Z,WO4L,WO4L,0.72,0.07
153283-804933523_medium.mp4,CAM-BATCH-153283,105,2026-09-02T10:50:36Z,GJ27XY9999,GJ27XY9999,0.71,0.88
153283-804933523_medium.mp4,CAM-BATCH-153283,105,2026-09-02T10:50:36Z,GJ03KL4321,GJ03KL4321,0.47,0.88
153283-804933523_medium.mp4,CAM-BATCH-153283,105,2026-09-02T10:50:36Z,GJ01AB1234,GJ01AB1234,0.4,0.88
153283-804933523_medium.mp4,CAM-BATCH-153283,105,2026-09-02T10:50:36Z,GJ18CD5678,GJ18CD5678,0.4,0.88
153283-804933523_medium.mp4,CAM-BATCH-153283,110,2026-09-02T10:51:04Z,SS94F0GVK4B56276GEPC,SS94F0GVK4B56276GE PC,0.96,0.15
153283-804933523_medium.mp4,CAM-BATCH-153283,110,2026-09-02T10:51:04Z,GJ05EF9012,GJ05EF9012,0.86,0.88
153283-804933523_medium.mp4,CAM-BATCH-153283,110,2026-09-02T10:51:04Z,GJ27XY9999,GJ27XY9999,0.85,0.88
153283-804933523_medium.mp4,CAM-BATCH-153283,110,2026-09-02T10:51:04Z,GJ03KL4321,GJ03KL4321,0.73,0.88
153283-804933523_medium.mp4,CAM-BATCH-153283,110,2026-09-02T10:51:04Z,GJ01AB1234,GJ01AB1234,0.72,0.88
153283-804933523_medium.mp4,CAM-BATCH-153283,110,2026-09-02T10:51:04Z,D42,D42,0.69,0.75
153283-804933523_medium.mp4,CAM-BATCH-153283,110,2026-09-02T10:51:04Z,GJ18CD5678,GJ18CD5678,0.42,0.88
153283-804933523_medium.mp4,CAM-BATCH-153283,115,2026-09-02T10:51:25Z,5I8C411O3641B5266PHE,518C411O3641B5266 PHE,0.95,0.08
153283-804933523_medium.mp4,CAM-BATCH-153283,115,2026-09-02T10:51:25Z,GJ05EF9012,GJ05EF9012,0.86,0.88
153283-804933523_medium.mp4,CAM-BATCH-153283,115,2026-09-02T10:51:25Z,GJ27XY9999,GJ27XY9999,0.82,0.88
153283-804933523_medium.mp4,CAM-BATCH-153283,115,2026-09-02T10:51:25Z,GJ03KL4321,GJ03KL4321,0.76,0.88
153283-804933523_medium.mp4,CAM-BATCH-153283,115,2026-09-02T10:51:25Z,GJ01AB1234,GJ01AB1234,0.58,0.88
153283-804933523_medium.mp4,CAM-BATCH-153283,115,2026-09-02T10:51:25Z,GJ18CD5678,GJ18CD5678,0.56,0.88
153283-804933523_medium.mp4,CAM-BATCH-153283,115,2026-09-02T10:51:25Z,WO4E8202,WO4E8202,0.42,0.06
153283-804933523_medium.mp4,CAM-BATCH-153283,120,2026-09-02T10:51:47Z,S50414GGXAIB5276GPHE,S50414GGXAIB5276G PHE,0.95,0.1
153283-804933523_medium.mp4,CAM-BATCH-153283,120,2026-09-02T10:51:47Z,GJ05EF9012,GJ05EF9012,0.86,0.88
153283-804933523_medium.mp4,CAM-BATCH-153283,120,2026-09-02T10:51:47Z,GJ27XY9999,GJ27XY9999,0.86,0.88
153283-804933523_medium.mp4,CAM-BATCH-153283,120,2026-09-02T10:51:47Z,GJ03KL4321,GJ03KL4321,0.8,0.88
153283-804933523_medium.mp4,CAM-BATCH-153283,120,2026-09-02T10:51:47Z,GJ01AB1234,GJ01AB1234,0.65,0.88
153283-804933523_medium.mp4,CAM-BATCH-153283,120,2026-09-02T10:51:47Z,GJ18CD5678,GJ18CD5678,0.6,0.88
153283-804933523_medium.mp4,CAM-BATCH-153283,125,2026-09-02T10:52:07Z,A4909040AB212KG5P3,A4909040AB212KG5 P3,0.95,0.25
153283-804933523_medium.mp4,CAM-BATCH-153283,125,2026-09-02T10:52:07Z,GJ05EF9012,GJ05EF9012,0.9,0.88
153283-804933523_medium.mp4,CAM-BATCH-153283,125,2026-09-02T10:52:07Z,GJ27XY9999,GJ27XY9999,0.87,0.88
153283-804933523_medium.mp4,CAM-BATCH-153283,125,2026-09-02T10:52:07Z,GJ03KL4321,GJ03KL4321,0.82,0.88
153283-804933523_medium.mp4,CAM-BATCH-153283,125,2026-09-02T10:52:07Z,GJ01AB1234,GJ01AB1234,0.74,0.88
153283-804933523_medium.mp4,CAM-BATCH-153283,125,2026-09-02T10:52:07Z,O2048242,02048242,0.59,0.05
153283-804933523_medium.mp4,CAM-BATCH-153283,125,2026-09-02T10:52:07Z,GJ18CD5678,GJ18CD5678,0.44,0.88
153283-804933523_medium.mp4,CAM-BATCH-153283,125,2026-09-02T10:52:07Z,GJ05EF9012,GJ05EF9012,0.43,0.88
153283-804933523_medium.mp4,CAM-BATCH-153283,125,2026-09-02T10:52:07Z,GJ27XY9999,GJ27XY9999,0.36,0.88
153283-804933523_medium.mp4,CAM-BATCH-153283,130,2026-09-02T10:52:32Z,34069TGK41B262GP5,34069TGK41B262G P5,0.94,0.13
153283-804933523_medium.mp4,CAM-BATCH-153283,130,2026-09-02T10:52:32Z,GJ03KL4321,GJ03KL4321,0.91,0.88
153283-804933523_medium.mp4,CAM-BATCH-153283,130,2026-09-02T10:52:32Z,GJ01AB1234,GJ01AB1234,0.89,0.88
153283-804933523_medium.mp4,CAM-BATCH-153283,130,2026-09-02T10:52:32Z,GJ18CD5678,GJ18CD5678,0.85,0.88
153283-804933523_medium.mp4,CAM-BATCH-153283,130,2026-09-02T10:52:32Z,GJ05EF9012,GJ05EF9012,0.63,0.88
153283-804933523_medium.mp4,CAM-BATCH-153283,130,2026-09-02T10:52:32Z,GJ27XY9999,GJ27XY9999,0.58,0.88
153283-804933523_medium.mp4,CAM-BATCH-153283,130,2026-09-02T10:52:32Z,GJ03KL4321,GJ03KL4321,0.48,0.88
153283-804933523_medium.mp4,CAM-BATCH-153283,130,2026-09-02T10:52:32Z,GJ01AB1234,GJ01AB1234,0.36,0.88
153283-804933523_medium.mp4,CAM-BATCH-153283,135,2026-09-02T10:52:59Z,JA1B2626GPH6E,JA1B2626G PH6E,0.93,0.2
153283-804933523_medium.mp4,CAM-BATCH-153283,135,2026-09-02T10:52:59Z,GJ18CD5678,GJ18CD5678,0.92,0.88
153283-804933523_medium.mp4,CAM-BATCH-153283,135,2026-09-02T10:52:59Z,GJ05EF9012,GJ05EF9012,0.89,0.88
153283-804933523_medium.mp4,CAM-BATCH-153283,135,2026-09-02T10:52:59Z,GJ27XY9999,GJ27XY9999,0.8,0.88
153283-804933523_medium.mp4,CAM-BATCH-153283,135,2026-09-02T10:52:59Z,GJ03KL4321,GJ03KL4321,0.71,0.88
153283-804933523_medium.mp4,CAM-BATCH-153283,135,2026-09-02T10:52:59Z,GJ01AB1234,GJ01AB1234,0.5,0.88
153283-804933523_medium.mp4,CAM-BATCH-153283,135,2026-09-02T10:52:59Z,GJ18CD5678,GJ18CD5678,0.42,0.88
153283-804933523_medium.mp4,CAM-BATCH-153283,135,2026-09-02T10:52:59Z,GJ05EF9012,GJ05EF9012,0.4,0.88
153283-804933523_medium.mp4,CAM-BATCH-153283,140,2026-09-02T10:53:26Z,GJ27XY9999,GJ27XY9999,0.86,0.88
153283-804933523_medium.mp4,CAM-BATCH-153283,140,2026-09-02T10:53:26Z,GJ03KL4321,GJ03KL4321,0.86,0.88
153283-804933523_medium.mp4,CAM-BATCH-153283,140,2026-09-02T10:53:26Z,GJ01AB1234,GJ01AB1234,0.85,0.88
153283-804933523_medium.mp4,CAM-BATCH-153283,140,2026-09-02T10:53:26Z,GJ18CD5678,GJ18CD5678,0.82,0.88
153283-804933523_medium.mp4,CAM-BATCH-153283,140,2026-09-02T10:53:26Z,GJ05EF9012,GJ05EF9012,0.73,0.88
153283-804933523_medium.mp4,CAM-BATCH-153283,140,2026-09-02T10:53:26Z,GJ27XY9999,GJ27XY9999,0.71,0.88
153283-804933523_medium.mp4,CAM-BATCH-153283,140,2026-09-02T10:53:26Z,GJ03KL4321,GJ03KL4321,0.39,0.88
153283-804933523_medium.mp4,CAM-BATCH-153283,145,2026-09-02T10:53:53Z,GJ01AB1234,GJ01AB1234,0.89,0.88
153283-804933523_medium.mp4,CAM-BATCH-153283,145,2026-09-02T10:53:53Z,GJ18CD5678,GJ18CD5678,0.83,0.88
153283-804933523_medium.mp4,CAM-BATCH-153283,145,2026-09-02T10:53:53Z,GJ05EF9012,GJ05EF9012,0.8,0.88
153283-804933523_medium.mp4,CAM-BATCH-153283,145,2026-09-02T10:53:53Z,GJ27XY9999,GJ27XY9999,0.74,0.88
153283-804933523_medium.mp4,CAM-BATCH-153283,145,2026-09-02T10:53:53Z,GJ03KL4321,GJ03KL4321,0.61,0.88
153283-804933523_medium.mp4,CAM-BATCH-153283,145,2026-09-02T10:53:53Z,GJ01AB1234,GJ01AB1234,0.57,0.88
153283-804933523_medium.mp4,CAM-BATCH-153283,145,2026-09-02T10:53:53Z,GJ18CD5678,GJ18CD5678,0.4,0.88
153283-804933523_medium.mp4,CAM-BATCH-153283,145,2026-09-02T10:53:53Z,GJ05EF9012,GJ05EF9012,0.38,0.88
153283-804933523_medium.mp4,CAM-BATCH-153283,150,2026-09-02T10:54:27Z,GJ27XY9999,GJ27XY9999,0.89,0.88
153283-804933523_medium.mp4,CAM-BATCH-153283,150,2026-09-02T10:54:27Z,GJ03KL4321,GJ03KL4321,0.85,0.88
153283-804933523_medium.mp4,CAM-BATCH-153283,150,2026-09-02T10:54:27Z,KOKCHOKI,KOKCHOKI,0.8,0.2
153283-804933523_medium.mp4,CAM-BATCH-153283,150,2026-09-02T10:54:27Z,GJ01AB1234,GJ01AB1234,0.68,0.88
153283-804933523_medium.mp4,CAM-BATCH-153283,150,2026-09-02T10:54:27Z,GJ18CD5678,GJ18CD5678,0.52,0.88
153283-804933523_medium.mp4,CAM-BATCH-153283,150,2026-09-02T10:54:27Z,GJ05EF9012,GJ05EF9012,0.49,0.88
153283-804933523_medium.mp4,CAM-BATCH-153283,150,2026-09-02T10:54:27Z,GJ27XY9999,GJ27XY9999,0.48,0.88
153283-804933523_medium.mp4,CAM-BATCH-153283,155,2026-09-02T10:54:57Z,GJ03KL4321,GJ03KL4321,0.91,0.88
153283-804933523_medium.mp4,CAM-BATCH-153283,155,2026-09-02T10:54:57Z,KONCHOHK,KONCHOHK,0.83,0.32
153283-804933523_medium.mp4,CAM-BATCH-153283,155,2026-09-02T10:54:57Z,GJ01AB1234,GJ01AB1234,0.8,0.88
153283-804933523_medium.mp4,CAM-BATCH-153283,155,2026-09-02T10:54:57Z,GJ18CD5678,GJ18CD5678,0.59,0.88
153283-804933523_medium.mp4,CAM-BATCH-153283,155,2026-09-02T10:54:57Z,GJ05EF9012,GJ05EF9012,0.58,0.88
153283-804933523_medium.mp4,CAM-BATCH-153283,155,2026-09-02T10:54:57Z,GJ27XY9999,GJ27XY9999,0.5,0.88
153283-804933523_medium.mp4,CAM-BATCH-153283,155,2026-09-02T10:54:57Z,GJ03KL4321,GJ03KL4321,0.45,0.88
153283-804933523_medium.mp4,CAM-BATCH-153283,160,2026-09-02T10:55:26Z,GJ01AB1234,GJ01AB1234,0.91,0.88
153283-804933523_medium.mp4,CAM-BATCH-153283,160,2026-09-02T10:55:26Z,UUKONCHOW,UU KONCHOW,0.91,0.62
153283-804933523_medium.mp4,CAM-BATCH-153283,160,2026-09-02T10:55:26Z,GJ18CD5678,GJ18CD5678,0.89,0.88
153283-804933523_medium.mp4,CAM-BATCH-153283,160,2026-09-02T10:55:26Z,GJ05EF9012,GJ05EF9012,0.71,0.88
153283-804933523_medium.mp4,CAM-BATCH-153283,160,2026-09-02T10:55:26Z,GJ27XY9999,GJ27XY9999,0.63,0.88
153283-804933523_medium.mp4,CAM-BATCH-153283,160,2026-09-02T10:55:26Z,GJ03KL4321,GJ03KL4321,0.62,0.88
153283-804933523_medium.mp4,CAM-BATCH-153283,160,2026-09-02T10:55:26Z,GJ01AB1234,GJ01AB1234,0.57,0.88
153283-804933523_medium.mp4,CAM-BATCH-153283,165,2026-09-02T10:55:56Z,NAKONCHOTE8L1,NA KONCHOTE8L1,0.94,0.11
153283-804933523_medium.mp4,CAM-BATCH-153283,165,2026-09-02T10:55:56Z,GJ18CD5678,GJ18CD5678,0.9,0.88
153283-804933523_medium.mp4,CAM-BATCH-153283,165,2026-09-02T10:55:56Z,GJ05EF9012,GJ05EF9012,0.88,0.88
153283-804933523_medium.mp4,CAM-BATCH-153283,165,2026-09-02T10:55:56Z,GJ27XY9999,GJ27XY9999,0.74,0.88
153283-804933523_medium.mp4,CAM-BATCH-153283,165,2026-09-02T10:55:56Z,GJ03KL4321,GJ03KL4321,0.62,0.88
153283-804933523_medium.mp4,CAM-BATCH-153283,165,2026-09-02T10:55:56Z,GJ01AB1234,GJ01AB1234,0.62,0.88
153283-804933523_medium.mp4,CAM-BATCH-153283,165,2026-09-02T10:55:56Z,GJ18CD5678,GJ18CD5678,0.39,0.88
153283-804933523_medium.mp4,CAM-BATCH-153283,170,2026-09-02T10:56:19Z,JJWANUEKONCHOWECILA,JJ WAN UE KONCHOWECILA,0.95,0.15
153283-804933523_medium.mp4,CAM-BATCH-153283,170,2026-09-02T10:56:19Z,ENE02L9SS,ENE02L9SS,0.91,0.04
153283-804933523_medium.mp4,CAM-BATCH-153283,170,2026-09-02T10:56:19Z,GJ05EF9012,GJ05EF9012,0.75,0.88
153283-804933523_medium.mp4,CAM-BATCH-153283,170,2026-09-02T10:56:19Z,GJ27XY9999,GJ27XY9999,0.74,0.88
153283-804933523_medium.mp4,CAM-BATCH-153283,170,2026-09-02T10:56:19Z,GJ03KL4321,GJ03KL4321,0.72,0.88
153283-804933523_medium.mp4,CAM-BATCH-153283,170,2026-09-02T10:56:19Z,GJ01AB1234,GJ01AB1234,0.7,0.88
153283-804933523_medium.mp4,CAM-BATCH-153283,170,2026-09-02T10:56:19Z,GJ18CD5678,GJ18CD5678,0.54,0.88
153283-804933523_medium.mp4,CAM-BATCH-153283,170,2026-09-02T10:56:19Z,GJ05EF9012,GJ05EF9012,0.39,0.88
153283-804933523_medium.mp4,CAM-BATCH-153283,175,2026-09-02T10:56:44Z,NAA403SEKONCHVE0,NAA4 03S E KONCHVE0,0.95,0.17
153283-804933523_medium.mp4,CAM-BATCH-153283,175,2026-09-02T10:56:44Z,NO0240592,N00240592,0.86,0.04
153283-804933523_medium.mp4,CAM-BATCH-153283,175,2026-09-02T10:56:44Z,GJ27XY9999,GJ27XY9999,0.85,0.88
153283-804933523_medium.mp4,CAM-BATCH-153283,175,2026-09-02T10:56:44Z,GJ03KL4321,GJ03KL4321,0.81,0.88
153283-804933523_medium.mp4,CAM-BATCH-153283,175,2026-09-02T10:56:44Z,GJ01AB1234,GJ01AB1234,0.78,0.88
153283-804933523_medium.mp4,CAM-BATCH-153283,175,2026-09-02T10:56:44Z,GJ18CD5678,GJ18CD5678,0.75,0.88
153283-804933523_medium.mp4,CAM-BATCH-153283,175,2026-09-02T10:56:44Z,GJ05EF9012,GJ05EF9012,0.69,0.88
153283-804933523_medium.mp4,CAM-BATCH-153283,175,2026-09-02T10:56:44Z,GJ27XY9999,GJ27XY9999,0.41,0.88
153283-804933523_medium.mp4,CAM-BATCH-153283,175,2026-09-02T10:56:44Z,GJ03KL4321,GJ03KL4321,0.41,0.88
153283-804933523_medium.mp4,CAM-BATCH-153283,175,2026-09-02T10:56:44Z,GJ01AB1234,GJ01AB1234,0.41,0.88
153283-804933523_medium.mp4,CAM-BATCH-153283,175,2026-09-02T10:56:44Z,GJ18CD5678,GJ18CD5678,0.37,0.88
153283-804933523_medium.mp4,CAM-BATCH-153283,180,2026-09-02T10:57:16Z,SJMRISFJI7EW3LB4EXLKONCHOV,SJ MRISFJI7 EW3 LB4 EXL KONCHOV,0.95,0.28
153283-804933523_medium.mp4,CAM-BATCH-153283,180,2026-09-02T10:57:16Z,GJ05EF9012,GJ05EF9012,0.89,0.88
153283-804933523_medium.mp4,CAM-BATCH-153283,180,2026-09-02T10:57:16Z,E45I,E45I,0.84,0.02
153283-804933523_medium.mp4,CAM-BATCH-153283,180,2026-09-02T10:57:16Z,GJ27XY9999,GJ27XY9999,0.79,0.88
153283-804933523_medium.mp4,CAM-BATCH-153283,180,2026-09-02T10:57:16Z,GJ03KL4321,GJ03KL4321,0.72,0.88
153283-804933523_medium.mp4,CAM-BATCH-153283,180,2026-09-02T10:57:16Z,GJ01AB1234,GJ01AB1234,0.68,0.88
153283-804933523_medium.mp4,CAM-BATCH-153283,180,2026-09-02T10:57:16Z,GJ18CD5678,GJ18CD5678,0.5,0.88
153283-804933523_medium.mp4,CAM-BATCH-153283,180,2026-09-02T10:57:16Z,GJ05EF9012,GJ05EF9012,0.43,0.88
153283-804933523_medium.mp4,CAM-BATCH-153283,180,2026-09-02T10:57:16Z,GJ27XY9999,GJ27XY9999,0.41,0.88
153283-804933523_medium.mp4,CAM-BATCH-153283,180,2026-09-02T10:57:16Z,GJ03KL4321,GJ03KL4321,0.41,0.88
153283-804933523_medium.mp4,CAM-BATCH-153283,180,2026-09-02T10:57:16Z,GJ01AB1234,GJ01AB1234,0.4,0.88
153283-804933523_medium.mp4,CAM-BATCH-153283,185,2026-09-02T10:57:45Z,NIAB4CB19F3173E359EXIE,NIAB4 CB19F3173 E359 EXIE,0.92,0.4
153283-804933523_medium.mp4,CAM-BATCH-153283,185,2026-09-02T10:57:45Z,72408592,72408592,0.92,0.25
153283-804933523_medium.mp4,CAM-BATCH-153283,185,2026-09-02T10:57:45Z,GJ18CD5678,GJ18CD5678,0.89,0.88
153283-804933523_medium.mp4,CAM-BATCH-153283,185,2026-09-02T10:57:45Z,GJ05EF9012,GJ05EF9012,0.89,0.88
153283-804933523_medium.mp4,CAM-BATCH-153283,185,2026-09-02T10:57:45Z,GJ27XY9999,GJ27XY9999,0.84,0.88
153283-804933523_medium.mp4,CAM-BATCH-153283,185,2026-09-02T10:57:45Z,GJ03KL4321,GJ03KL4321,0.78,0.88
153283-804933523_medium.mp4,CAM-BATCH-153283,185,2026-09-02T10:57:45Z,GJ01AB1234,GJ01AB1234,0.67,0.88
153283-804933523_medium.mp4,CAM-BATCH-153283,185,2026-09-02T10:57:45Z,GJ18CD5678,GJ18CD5678,0.64,0.88
153283-804933523_medium.mp4,CAM-BATCH-153283,185,2026-09-02T10:57:45Z,GJ05EF9012,GJ05EF9012,0.54,0.88
153283-804933523_medium.mp4,CAM-BATCH-153283,185,2026-09-02T10:57:45Z,GJ27XY9999,GJ27XY9999,0.54,0.88
153283-804933523_medium.mp4,CAM-BATCH-153283,185,2026-09-02T10:57:45Z,GJ03KL4321,GJ03KL4321,0.43,0.88
153283-804933523_medium.mp4,CAM-BATCH-153283,185,2026-09-02T10:57:45Z,GJ01AB1234,GJ01AB1234,0.37,0.88
153283-804933523_medium.mp4,CAM-BATCH-153283,185,2026-09-02T10:57:45Z,GJ18CD5678,GJ18CD5678,0.36,0.88
153283-804933523_medium.mp4,CAM-BATCH-153283,190,2026-09-02T10:58:19Z,TA41I2G04IB28663,TA41 I2G04IB28663,0.92,0.12
153283-804933523_medium.mp4,CAM-BATCH-153283,190,2026-09-02T10:58:19Z,Y47WB19F3173,Y47 WB19F3173,0.9,0.35
153283-804933523_medium.mp4,CAM-BATCH-153283,190,2026-09-02T10:58:19Z,GJ05EF9012,GJ05EF9012,0.88,0.88
153283-804933523_medium.mp4,CAM-BATCH-153283,190,2026-09-02T10:58:19Z,GJ27XY9999,GJ27XY9999,0.85,0.88
153283-804933523_medium.mp4,CAM-BATCH-153283,190,2026-09-02T10:58:19Z,GJ03KL4321,GJ03KL4321,0.8,0.88
153283-804933523_medium.mp4,CAM-BATCH-153283,190,2026-09-02T10:58:19Z,GJ01AB1234,GJ01AB1234,0.62,0.88
153283-804933523_medium.mp4,CAM-BATCH-153283,190,2026-09-02T10:58:19Z,GJ18CD5678,GJ18CD5678,0.61,0.88
153283-804933523_medium.mp4,CAM-BATCH-153283,190,2026-09-02T10:58:19Z,GJ05EF9012,GJ05EF9012,0.46,0.88
153283-804933523_medium.mp4,CAM-BATCH-153283,190,2026-09-02T10:58:19Z,GJ27XY9999,GJ27XY9999,0.41,0.88
153283-804933523_medium.mp4,CAM-BATCH-153283,190,2026-09-02T10:58:19Z,GJ03KL4321,GJ03KL4321,0.38,0.88
153283-804933523_medium.mp4,CAM-BATCH-153283,195,2026-09-02T10:58:56Z,QCT94GE0R4B91263PHE,QCT94GE0R4B91263 PHE,0.96,0.1
153283-804933523_medium.mp4,CAM-BATCH-153283,195,2026-09-02T10:58:56Z,GJ01AB1234,GJ01AB1234,0.91,0.88
153283-804933523_medium.mp4,CAM-BATCH-153283,195,2026-09-02T10:58:56Z,GJ18CD5678,GJ18CD5678,0.84,0.88
153283-804933523_medium.mp4,CAM-BATCH-153283,195,2026-09-02T10:58:56Z,GJ05EF9012,GJ05EF9012,0.72,0.88
153283-804933523_medium.mp4,CAM-BATCH-153283,195,2026-09-02T10:58:56Z,GJ27XY9999,GJ27XY9999,0.58,0.88
153283-804933523_medium.mp4,CAM-BATCH-153283,195,2026-09-02T10:58:56Z,GJ03KL4321,GJ03KL4321,0.46,0.88
153283-804933523_medium.mp4,CAM-BATCH-153283,195,2026-09-02T10:58:56Z,GJ01AB1234,GJ01AB1234,0.36,0.88
153283-804933523_medium.mp4,CAM-BATCH-153283,200,2026-09-02T10:59:16Z,RGK4IB9163PH,RGK4IB9163 PH,0.94,0.45
153283-804933523_medium.mp4,CAM-BATCH-153283,200,2026-09-02T10:59:16Z,GJ18CD5678,GJ18CD5678,0.92,0.88
153283-804933523_medium.mp4,CAM-BATCH-153283,200,2026-09-02T10:59:16Z,GJ05EF9012,GJ05EF9012,0.85,0.88
153283-804933523_medium.mp4,CAM-BATCH-153283,200,2026-09-02T10:59:16Z,GJ27XY9999,GJ27XY9999,0.72,0.88
153283-804933523_medium.mp4,CAM-BATCH-153283,200,2026-09-02T10:59:16Z,GJ03KL4321,GJ03KL4321,0.7,0.88
153283-804933523_medium.mp4,CAM-BATCH-153283,200,2026-09-02T10:59:16Z,GJ01AB1234,GJ01AB1234,0.52,0.88
153283-804933523_medium.mp4,CAM-BATCH-153283,205,2026-09-02T10:59:39Z,GJ18CD5678,GJ18CD5678,0.95,0.88
153283-804933523_medium.mp4,CAM-BATCH-153283,205,2026-09-02T10:59:39Z,4Q33PH,4Q33 PH,0.93,0.16
153283-804933523_medium.mp4,CAM-BATCH-153283,205,2026-09-02T10:59:39Z,GJ05EF9012,GJ05EF9012,0.89,0.88
153283-804933523_medium.mp4,CAM-BATCH-153283,205,2026-09-02T10:59:39Z,GJ27XY9999,GJ27XY9999,0.74,0.88
153283-804933523_medium.mp4,CAM-BATCH-153283,205,2026-09-02T10:59:39Z,GJ03KL4321,GJ03KL4321,0.74,0.88
153283-804933523_medium.mp4,CAM-BATCH-153283,205,2026-09-02T10:59:39Z,GJ01AB1234,GJ01AB1234,0.64,0.88
153283-804933523_medium.mp4,CAM-BATCH-153283,210,2026-09-02T10:59:54Z,GJ18CD5678,GJ18CD5678,0.94,0.88
153283-804933523_medium.mp4,CAM-BATCH-153283,210,2026-09-02T10:59:54Z,GJ05EF9012,GJ05EF9012,0.9,0.88
153283-804933523_medium.mp4,CAM-BATCH-153283,210,2026-09-02T10:59:54Z,PH6E,PH6E,0.84,0.22
153283-804933523_medium.mp4,CAM-BATCH-153283,210,2026-09-02T10:59:54Z,GJ27XY9999,GJ27XY9999,0.74,0.88
153283-804933523_medium.mp4,CAM-BATCH-153283,210,2026-09-02T10:59:54Z,GJ03KL4321,GJ03KL4321,0.74,0.88
153283-804933523_medium.mp4,CAM-BATCH-153283,210,2026-09-02T10:59:54Z,GJ01AB1234,GJ01AB1234,0.49,0.88
153283-804933523_medium.mp4,CAM-BATCH-153283,210,2026-09-02T10:59:54Z,GJ18CD5678,GJ18CD5678,0.43,0.88
153283-804933523_medium.mp4,CAM-BATCH-153283,210,2026-09-02T10:59:54Z,GJ05EF9012,GJ05EF9012,0.42,0.88
153283-804933523_medium.mp4,CAM-BATCH-153283,210,2026-09-02T10:59:54Z,GJ27XY9999,GJ27XY9999,0.41,0.88
153283-804933523_medium.mp4,CAM-BATCH-153283,215,2026-09-02T11:00:11Z,GJ03KL4321,GJ03KL4321,0.92,0.88
153283-804933523_medium.mp4,CAM-BATCH-153283,215,2026-09-02T11:00:11Z,GJ01AB1234,GJ01AB1234,0.9,0.88
153283-804933523_medium.mp4,CAM-BATCH-153283,215,2026-09-02T11:00:11Z,HGQAL,HGQAL,0.88,0.09
153283-804933523_medium.mp4,CAM-BATCH-153283,215,2026-09-02T11:00:11Z,GJ18CD5678,GJ18CD5678,0.73,0.88
153283-804933523_medium.mp4,CAM-BATCH-153283,215,2026-09-02T11:00:11Z,GJ05EF9012,GJ05EF9012,0.71,0.88
153283-804933523_medium.mp4,CAM-BATCH-153283,215,2026-09-02T11:00:11Z,GJ27XY9999,GJ27XY9999,0.46,0.88
153283-804933523_medium.mp4,CAM-BATCH-153283,215,2026-09-02T11:00:11Z,GJ03KL4321,GJ03KL4321,0.43,0.88
153283-804933523_medium.mp4,CAM-BATCH-153283,215,2026-09-02T11:00:11Z,GJ01AB1234,GJ01AB1234,0.43,0.88
153283-804933523_medium.mp4,CAM-BATCH-153283,220,2026-09-02T11:00:24Z,GNCOIA1K6,GNCO IA1K6,0.92,0.06
153283-804933523_medium.mp4,CAM-BATCH-153283,220,2026-09-02T11:00:24Z,05ST,05ST,0.91,0.08
153283-804933523_medium.mp4,CAM-BATCH-153283,220,2026-09-02T11:00:24Z,GJ18CD5678,GJ18CD5678,0.86,0.88
153283-804933523_medium.mp4,CAM-BATCH-153283,220,2026-09-02T11:00:24Z,GJ05EF9012,GJ05EF9012,0.73,0.88
153283-804933523_medium.mp4,CAM-BATCH-153283,220,2026-09-02T11:00:24Z,GJ27XY9999,GJ27XY9999,0.72,0.88
153283-804933523_medium.mp4,CAM-BATCH-153283,220,2026-09-02T11:00:24Z,GJ03KL4321,GJ03KL4321,0.55,0.88
153283-804933523_medium.mp4,CAM-BATCH-153283,220,2026-09-02T11:00:24Z,GJ01AB1234,GJ01AB1234,0.51,0.88
153283-804933523_medium.mp4,CAM-BATCH-153283,220,2026-09-02T11:00:24Z,GJ18CD5678,GJ18CD5678,0.45,0.88
153283-804933523_medium.mp4,CAM-BATCH-153283,225,2026-09-02T11:00:38Z,TG04NGKABAX5,TG04NGKABAX5,0.94,0.01
153283-804933523_medium.mp4,CAM-BATCH-153283,225,2026-09-02T11:00:38Z,GJ05EF9012,GJ05EF9012,0.89,0.88
153283-804933523_medium.mp4,CAM-BATCH-153283,225,2026-09-02T11:00:38Z,GJ27XY9999,GJ27XY9999,0.88,0.88
153283-804933523_medium.mp4,CAM-BATCH-153283,225,2026-09-02T11:00:38Z,GJ03KL4321,GJ03KL4321,0.72,0.88
153283-804933523_medium.mp4,CAM-BATCH-153283,225,2026-09-02T11:00:38Z,GJ01AB1234,GJ01AB1234,0.66,0.88
153283-804933523_medium.mp4,CAM-BATCH-153283,225,2026-09-02T11:00:38Z,GJ18CD5678,GJ18CD5678,0.62,0.88
153283-804933523_medium.mp4,CAM-BATCH-153283,225,2026-09-02T11:00:38Z,GJ05EF9012,GJ05EF9012,0.39,0.88
153283-804933523_medium.mp4,CAM-BATCH-153283,225,2026-09-02T11:00:38Z,GJ27XY9999,GJ27XY9999,0.37,0.88
153283-804933523_medium.mp4,CAM-BATCH-153283,230,2026-09-02T11:00:52Z,54061412880960K41B27685PHE,54061412880960K41B27685 PHE,0.96,0.14
153283-804933523_medium.mp4,CAM-BATCH-153283,230,2026-09-02T11:00:52Z,GJ03KL4321,GJ03KL4321,0.88,0.88
153283-804933523_medium.mp4,CAM-BATCH-153283,230,2026-09-02T11:00:52Z,GJ01AB1234,GJ01AB1234,0.84,0.88
153283-804933523_medium.mp4,CAM-BATCH-153283,230,2026-09-02T11:00:52Z,GJ18CD5678,GJ18CD5678,0.69,0.88
153283-804933523_medium.mp4,CAM-BATCH-153283,230,2026-09-02T11:00:52Z,GJ05EF9012,GJ05EF9012,0.67,0.88
153283-804933523_medium.mp4,CAM-BATCH-153283,230,2026-09-02T11:00:52Z,GJ27XY9999,GJ27XY9999,0.58,0.88
153283-804933523_medium.mp4,CAM-BATCH-153283,230,2026-09-02T11:00:52Z,GJ03KL4321,GJ03KL4321,0.52,0.88
153283-804933523_medium.mp4,CAM-BATCH-153283,235,2026-09-02T11:01:06Z,JGUCGVI41K4BQK1GEPHE,J GUCGV I41K4BQK1GE PHE,0.96,0.23
153283-804933523_medium.mp4,CAM-BATCH-153283,235,2026-09-02T11:01:06Z,VE02462528,VE02462528,0.92,0.04
153283-804933523_medium.mp4,CAM-BATCH-153283,235,2026-09-02T11:01:06Z,GJ01AB1234,GJ01AB1234,0.91,0.88
153283-804933523_medium.mp4,CAM-BATCH-153283,235,2026-09-02T11:01:06Z,GJ18CD5678,GJ18CD5678,0.8,0.88
153283-804933523_medium.mp4,CAM-BATCH-153283,235,2026-09-02T11:01:06Z,GJ05EF9012,GJ05EF9012,0.69,0.88
153283-804933523_medium.mp4,CAM-BATCH-153283,235,2026-09-02T11:01:06Z,GJ27XY9999,GJ27XY9999,0.67,0.88
153283-804933523_medium.mp4,CAM-BATCH-153283,235,2026-09-02T11:01:06Z,GJ03KL4321,GJ03KL4321,0.51,0.88
153283-804933523_medium.mp4,CAM-BATCH-153283,235,2026-09-02T11:01:06Z,GJ01AB1234,GJ01AB1234,0.36,0.88
153283-804933523_medium.mp4,CAM-BATCH-153283,240,2026-09-02T11:01:21Z,R44B4KGPHE,R44B4KG PHE,0.95,0.17
153283-804933523_medium.mp4,CAM-BATCH-153283,240,2026-09-02T11:01:21Z,GJ18CD5678,GJ18CD5678,0.89,0.88
153283-804933523_medium.mp4,CAM-BATCH-153283,240,2026-09-02T11:01:21Z,GJ05EF9012,GJ05EF9012,0.83,0.88
153283-804933523_medium.mp4,CAM-BATCH-153283,240,2026-09-02T11:01:21Z,GJ27XY9999,GJ27XY9999,0.75,0.88
153283-804933523_medium.mp4,CAM-BATCH-153283,240,2026-09-02T11:01:21Z,GJ03KL4321,GJ03KL4321,0.67,0.88
153283-804933523_medium.mp4,CAM-BATCH-153283,240,2026-09-02T11:01:21Z,GJ01AB1234,GJ01AB1234,0.44,0.88
153283-804933523_medium.mp4,CAM-BATCH-153283,245,2026-09-02T11:01:32Z,FGR4IB4PHE,FGR4IB4 PHE,0.94,0.17
153283-804933523_medium.mp4,CAM-BATCH-153283,245,2026-09-02T11:01:32Z,GJ18CD5678,GJ18CD5678,0.93,0.88
153283-804933523_medium.mp4,CAM-BATCH-153283,245,2026-09-02T11:01:32Z,GJ05EF9012,GJ05EF9012,0.83,0.88
153283-804933523_medium.mp4,CAM-BATCH-153283,245,2026-09-02T11:01:32Z,GJ27XY9999,GJ27XY9999,0.7,0.88
153283-804933523_medium.mp4,CAM-BATCH-153283,245,2026-09-02T11:01:32Z,GJ03KL4321,GJ03KL4321,0.59,0.88
153283-804933523_medium.mp4,CAM-BATCH-153283,245,2026-09-02T11:01:32Z,GJ01AB1234,GJ01AB1234,0.55,0.88
153283-804933523_medium.mp4,CAM-BATCH-153283,245,2026-09-02T11:01:32Z,GJ18CD5678,GJ18CD5678,0.45,0.88
153283-804933523_medium.mp4,CAM-BATCH-153283,245,2026-09-02T11:01:32Z,GJ05EF9012,GJ05EF9012,0.42,0.88
153283-804933523_medium.mp4,CAM-BATCH-153283,245,2026-09-02T11:01:32Z,GJ27XY9999,GJ27XY9999,0.42,0.88
153283-804933523_medium.mp4,CAM-BATCH-153283,250,2026-09-02T11:01:47Z,ITR4B41HPN,ITR4B41H PN,0.93,0.27
153283-804933523_medium.mp4,CAM-BATCH-153283,250,2026-09-02T11:01:47Z,GJ03KL4321,GJ03KL4321,0.89,0.88
153283-804933523_medium.mp4,CAM-BATCH-153283,250,2026-09-02T11:01:47Z,GJ01AB1234,GJ01AB1234,0.85,0.88
153283-804933523_medium.mp4,CAM-BATCH-153283,250,2026-09-02T11:01:47Z,GJ18CD5678,GJ18CD5678,0.74,0.88
153283-804933523_medium.mp4,CAM-BATCH-153283,250,2026-09-02T11:01:47Z,GJ05EF9012,GJ05EF9012,0.69,0.88
153283-804933523_medium.mp4,CAM-BATCH-153283,250,2026-09-02T11:01:47Z,GJ27XY9999,GJ27XY9999,0.59,0.88
153283-804933523_medium.mp4,CAM-BATCH-153283,250,2026-09-02T11:01:47Z,GJ03KL4321,GJ03KL4321,0.49,0.88
153283-804933523_medium.mp4,CAM-BATCH-153283,250,2026-09-02T11:01:47Z,GJ01AB1234,GJ01AB1234,0.41,0.88
153283-804933523_medium.mp4,CAM-BATCH-153283,250,2026-09-02T11:01:47Z,GJ18CD5678,GJ18CD5678,0.39,0.88
153283-804933523_medium.mp4,CAM-BATCH-153283,250,2026-09-02T11:01:47Z,GJ05EF9012,GJ05EF9012,0.39,0.88
153283-804933523_medium.mp4,CAM-BATCH-153283,250,2026-09-02T11:01:47Z,GJ27XY9999,GJ27XY9999,0.38,0.88
153283-804933523_medium.mp4,CAM-BATCH-153283,255,2026-09-02T11:02:07Z,GJ03KL4321,GJ03KL4321,0.94,0.88
153283-804933523_medium.mp4,CAM-BATCH-153283,255,2026-09-02T11:02:07Z,VA5CPH68,VA5C PH68,0.91,0.08
153283-804933523_medium.mp4,CAM-BATCH-153283,255,2026-09-02T11:02:07Z,GJ01AB1234,GJ01AB1234,0.83,0.88
153283-804933523_medium.mp4,CAM-BATCH-153283,255,2026-09-02T11:02:07Z,GJ18CD5678,GJ18CD5678,0.68,0.88
153283-804933523_medium.mp4,CAM-BATCH-153283,255,2026-09-02T11:02:07Z,GJ05EF9012,GJ05EF9012,0.64,0.88
153283-804933523_medium.mp4,CAM-BATCH-153283,255,2026-09-02T11:02:07Z,GJ27XY9999,GJ27XY9999,0.6,0.88
153283-804933523_medium.mp4,CAM-BATCH-153283,255,2026-09-02T11:02:07Z,GJ03KL4321,GJ03KL4321,0.58,0.88
153283-804933523_medium.mp4,CAM-BATCH-153283,255,2026-09-02T11:02:07Z,GJ01AB1234,GJ01AB1234,0.42,0.88
153283-804933523_medium.mp4,CAM-BATCH-153283,255,2026-09-02T11:02:07Z,GJ18CD5678,GJ18CD5678,0.37,0.88
153283-804933523_medium.mp4,CAM-BATCH-153283,260,2026-09-02T11:02:21Z,GJ05EF9012,GJ05EF9012,0.96,0.88
153283-804933523_medium.mp4,CAM-BATCH-153283,260,2026-09-02T11:02:21Z,GJ27XY9999,GJ27XY9999,0.84,0.88
153283-804933523_medium.mp4,CAM-BATCH-153283,260,2026-09-02T11:02:21Z,GJ03KL4321,GJ03KL4321,0.83,0.88
153283-804933523_medium.mp4,CAM-BATCH-153283,260,2026-09-02T11:02:21Z,GJ01AB1234,GJ01AB1234,0.71,0.88
153283-804933523_medium.mp4,CAM-BATCH-153283,260,2026-09-02T11:02:21Z,GJ18CD5678,GJ18CD5678,0.68,0.88
153283-804933523_medium.mp4,CAM-BATCH-153283,260,2026-09-02T11:02:21Z,GJ05EF9012,GJ05EF9012,0.61,0.88
153283-804933523_medium.mp4,CAM-BATCH-153283,260,2026-09-02T11:02:21Z,GJ27XY9999,GJ27XY9999,0.56,0.88
153283-804933523_medium.mp4,CAM-BATCH-153283,260,2026-09-02T11:02:21Z,GJ03KL4321,GJ03KL4321,0.47,0.88
153283-804933523_medium.mp4,CAM-BATCH-153283,260,2026-09-02T11:02:21Z,GJ01AB1234,GJ01AB1234,0.46,0.88
153283-804933523_medium.mp4,CAM-BATCH-153283,260,2026-09-02T11:02:21Z,GJ18CD5678,GJ18CD5678,0.43,0.88
153283-804933523_medium.mp4,CAM-BATCH-153283,265,2026-09-02T11:02:39Z,GJ05EF9012,GJ05EF9012,0.94,0.88
153283-804933523_medium.mp4,CAM-BATCH-153283,265,2026-09-02T11:02:39Z,GJ27XY9999,GJ27XY9999,0.85,0.88
153283-804933523_medium.mp4,CAM-BATCH-153283,265,2026-09-02T11:02:39Z,GJ03KL4321,GJ03KL4321,0.78,0.88
153283-804933523_medium.mp4,CAM-BATCH-153283,265,2026-09-02T11:02:39Z,GJ01AB1234,GJ01AB1234,0.67,0.88
153283-804933523_medium.mp4,CAM-BATCH-153283,265,2026-09-02T11:02:39Z,GJ18CD5678,GJ18CD5678,0.6,0.88
153283-804933523_medium.mp4,CAM-BATCH-153283,265,2026-09-02T11:02:39Z,GJ05EF9012,GJ05EF9012,0.57,0.88
153283-804933523_medium.mp4,CAM-BATCH-153283,265,2026-09-02T11:02:39Z,GJ27XY9999,GJ27XY9999,0.55,0.88
153283-804933523_medium.mp4,CAM-BATCH-153283,265,2026-09-02T11:02:39Z,GJ03KL4321,GJ03KL4321,0.51,0.88
153283-804933523_medium.mp4,CAM-BATCH-153283,265,2026-09-02T11:02:39Z,GJ01AB1234,GJ01AB1234,0.49,0.88
153283-804933523_medium.mp4,CAM-BATCH-153283,265,2026-09-02T11:02:39Z,GJ18CD5678,GJ18CD5678,0.41,0.88
153283-804933523_medium.mp4,CAM-BATCH-153283,265,2026-09-02T11:02:39Z,GJ05EF9012,GJ05EF9012,0.4,0.88
153283-804933523_medium.mp4,CAM-BATCH-153283,265,2026-09-02T11:02:39Z,GJ27XY9999,GJ27XY9999,0.39,0.88
153283-804933523_medium.mp4,CAM-BATCH-153283,265,2026-09-02T11:02:39Z,GJ03KL4321,GJ03KL4321,0.37,0.88
153283-804933523_medium.mp4,CAM-BATCH-153283,270,2026-09-02T11:03:03Z,GJ01AB1234,GJ01AB1234,0.93,0.88
153283-804933523_medium.mp4,CAM-BATCH-153283,270,2026-09-02T11:03:03Z,GJ18CD5678,GJ18CD5678,0.84,0.88
153283-804933523_medium.mp4,CAM-BATCH-153283,270,2026-09-02T11:03:03Z,GJ05EF9012,GJ05EF9012,0.81,0.88
153283-804933523_medium.mp4,CAM-BATCH-153283,270,2026-09-02T11:03:03Z,GJ27XY9999,GJ27XY9999,0.65,0.88
153283-804933523_medium.mp4,CAM-BATCH-153283,270,2026-09-02T11:03:03Z,GJ03KL4321,GJ03KL4321,0.61,0.88
153283-804933523_medium.mp4,CAM-BATCH-153283,270,2026-09-02T11:03:03Z,GJ01AB1234,GJ01AB1234,0.51,0.88
153283-804933523_medium.mp4,CAM-BATCH-153283,270,2026-09-02T11:03:03Z,GJ18CD5678,GJ18CD5678,0.43,0.88
153283-804933523_medium.mp4,CAM-BATCH-153283,270,2026-09-02T11:03:03Z,GJ05EF9012,GJ05EF9012,0.4,0.88
153283-804933523_medium.mp4,CAM-BATCH-153283,270,2026-09-02T11:03:03Z,GJ27XY9999,GJ27XY9999,0.38,0.88
153283-804933523_medium.mp4,CAM-BATCH-153283,270,2026-09-02T11:03:03Z,GJ03KL4321,GJ03KL4321,0.37,0.88
153283-804933523_medium.mp4,CAM-BATCH-153283,270,2026-09-02T11:03:03Z,GJ01AB1234,GJ01AB1234,0.36,0.88
153283-804933523_medium.mp4,CAM-BATCH-153283,275,2026-09-02T11:03:23Z,GJ18CD5678,GJ18CD5678,0.93,0.88
153283-804933523_medium.mp4,CAM-BATCH-153283,275,2026-09-02T11:03:23Z,GJ05EF9012,GJ05EF9012,0.83,0.88
153283-804933523_medium.mp4,CAM-BATCH-153283,275,2026-09-02T11:03:23Z,GJ27XY9999,GJ27XY9999,0.82,0.88
153283-804933523_medium.mp4,CAM-BATCH-153283,275,2026-09-02T11:03:23Z,GJ03KL4321,GJ03KL4321,0.77,0.88
153283-804933523_medium.mp4,CAM-BATCH-153283,275,2026-09-02T11:03:23Z,GJ01AB1234,GJ01AB1234,0.71,0.88
153283-804933523_medium.mp4,CAM-BATCH-153283,275,2026-09-02T11:03:23Z,GJ18CD5678,GJ18CD5678,0.67,0.88
153283-804933523_medium.mp4,CAM-BATCH-153283,275,2026-09-02T11:03:23Z,GJ05EF9012,GJ05EF9012,0.46,0.88
153283-804933523_medium.mp4,CAM-BATCH-153283,275,2026-09-02T11:03:23Z,GJ27XY9999,GJ27XY9999,0.44,0.88
153283-804933523_medium.mp4,CAM-BATCH-153283,275,2026-09-02T11:03:23Z,GJ03KL4321,GJ03KL4321,0.42,0.88
153283-804933523_medium.mp4,CAM-BATCH-153283,275,2026-09-02T11:03:23Z,GJ01AB1234,GJ01AB1234,0.39,0.88
153283-804933523_medium.mp4,CAM-BATCH-153283,275,2026-09-02T11:03:23Z,GJ18CD5678,GJ18CD5678,0.39,0.88
153283-804933523_medium.mp4,CAM-BATCH-153283,275,2026-09-02T11:03:23Z,GJ05EF9012,GJ05EF9012,0.39,0.88
153283-804933523_medium.mp4,CAM-BATCH-153283,275,2026-09-02T11:03:23Z,GJ27XY9999,GJ27XY9999,0.35,0.88
153283-804933523_medium.mp4,CAM-BATCH-153283,280,2026-09-02T11:03:42Z,GJ03KL4321,GJ03KL4321,0.86,0.88
153283-804933523_medium.mp4,CAM-BATCH-153283,280,2026-09-02T11:03:42Z,GJ01AB1234,GJ01AB1234,0.84,0.88
153283-804933523_medium.mp4,CAM-BATCH-153283,280,2026-09-02T11:03:42Z,GJ18CD5678,GJ18CD5678,0.83,0.88
153283-804933523_medium.mp4,CAM-BATCH-153283,280,2026-09-02T11:03:42Z,GJ05EF9012,GJ05EF9012,0.55,0.88
153283-804933523_medium.mp4,CAM-BATCH-153283,280,2026-09-02T11:03:42Z,GJ27XY9999,GJ27XY9999,0.51,0.88
153283-804933523_medium.mp4,CAM-BATCH-153283,280,2026-09-02T11:03:42Z,GJ03KL4321,GJ03KL4321,0.48,0.88
153283-804933523_medium.mp4,CAM-BATCH-153283,280,2026-09-02T11:03:42Z,GJ01AB1234,GJ01AB1234,0.45,0.88
153283-804933523_medium.mp4,CAM-BATCH-153283,280,2026-09-02T11:03:42Z,GJ18CD5678,GJ18CD5678,0.42,0.88
153283-804933523_medium.mp4,CAM-BATCH-153283,280,2026-09-02T11:03:42Z,GJ05EF9012,GJ05EF9012,0.4,0.88
153283-804933523_medium.mp4,CAM-BATCH-153283,280,2026-09-02T11:03:42Z,GJ27XY9999,GJ27XY9999,0.37,0.88
153283-804933523_medium.mp4,CAM-BATCH-153283,280,2026-09-02T11:03:42Z,GJ03KL4321,GJ03KL4321,0.37,0.88
153283-804933523_medium.mp4,CAM-BATCH-153283,285,2026-09-02T11:03:59Z,HAL,HAL,0.94,0.73
153283-804933523_medium.mp4,CAM-BATCH-153283,285,2026-09-02T11:03:59Z,GJ01AB1234,GJ01AB1234,0.85,0.88
153283-804933523_medium.mp4,CAM-BATCH-153283,285,2026-09-02T11:03:59Z,GJ18CD5678,GJ18CD5678,0.82,0.88
153283-804933523_medium.mp4,CAM-BATCH-153283,285,2026-09-02T11:03:59Z,GJ05EF9012,GJ05EF9012,0.8,0.88
153283-804933523_medium.mp4,CAM-BATCH-153283,285,2026-09-02T11:03:59Z,GJ27XY9999,GJ27XY9999,0.57,0.88
153283-804933523_medium.mp4,CAM-BATCH-153283,285,2026-09-02T11:03:59Z,GJ03KL4321,GJ03KL4321,0.51,0.88
153283-804933523_medium.mp4,CAM-BATCH-153283,285,2026-09-02T11:03:59Z,GJ01AB1234,GJ01AB1234,0.5,0.88
153283-804933523_medium.mp4,CAM-BATCH-153283,285,2026-09-02T11:03:59Z,GJ18CD5678,GJ18CD5678,0.43,0.88
153283-804933523_medium.mp4,CAM-BATCH-153283,285,2026-09-02T11:03:59Z,GJ05EF9012,GJ05EF9012,0.4,0.88
153283-804933523_medium.mp4,CAM-BATCH-153283,285,2026-09-02T11:03:59Z,GJ27XY9999,GJ27XY9999,0.39,0.88
153283-804933523_medium.mp4,CAM-BATCH-153283,285,2026-09-02T11:03:59Z,GJ03KL4321,GJ03KL4321,0.38,0.88
153283-804933523_medium.mp4,CAM-BATCH-153283,285,2026-09-02T11:03:59Z,GJ01AB1234,GJ01AB1234,0.37,0.88
153283-804933523_medium.mp4,CAM-BATCH-153283,290,2026-09-02T11:04:35Z,GJ18CD5678,GJ18CD5678,0.94,0.88
153283-804933523_medium.mp4,CAM-BATCH-153283,290,2026-09-02T11:04:35Z,GJ05EF9012,GJ05EF9012,0.87,0.88
153283-804933523_medium.mp4,CAM-BATCH-153283,290,2026-09-02T11:04:35Z,GJ27XY9999,GJ27XY9999,0.79,0.88
153283-804933523_medium.mp4,CAM-BATCH-153283,290,2026-09-02T11:04:35Z,GJ03KL4321,GJ03KL4321,0.73,0.88
153283-804933523_medium.mp4,CAM-BATCH-153283,290,2026-09-02T11:04:35Z,GJ01AB1234,GJ01AB1234,0.69,0.88
153283-804933523_medium.mp4,CAM-BATCH-153283,290,2026-09-02T11:04:35Z,GJ18CD5678,GJ18CD5678,0.59,0.88
153283-804933523_medium.mp4,CAM-BATCH-153283,290,2026-09-02T11:04:35Z,GJ05EF9012,GJ05EF9012,0.52,0.88
153283-804933523_medium.mp4,CAM-BATCH-153283,290,2026-09-02T11:04:35Z,GJ27XY9999,GJ27XY9999,0.52,0.88
153283-804933523_medium.mp4,CAM-BATCH-153283,290,2026-09-02T11:04:35Z,GJ03KL4321,GJ03KL4321,0.49,0.88
153283-804933523_medium.mp4,CAM-BATCH-153283,290,2026-09-02T11:04:35Z,GJ01AB1234,GJ01AB1234,0.46,0.88
153283-804933523_medium.mp4,CAM-BATCH-153283,290,2026-09-02T11:04:35Z,GJ18CD5678,GJ18CD5678,0.44,0.88
153283-804933523_medium.mp4,CAM-BATCH-153283,290,2026-09-02T11:04:35Z,GJ05EF9012,GJ05EF9012,0.42,0.88
153283-804933523_medium.mp4,CAM-BATCH-153283,290,2026-09-02T11:04:35Z,GJ27XY9999,GJ27XY9999,0.41,0.88
153283-804933523_medium.mp4,CAM-BATCH-153283,290,2026-09-02T11:04:35Z,GJ03KL4321,GJ03KL4321,0.37,0.88
153283-804933523_medium.mp4,CAM-BATCH-153283,295,2026-09-02T11:05:04Z,GJ01AB1234,GJ01AB1234,0.95,0.88
153283-804933523_medium.mp4,CAM-BATCH-153283,295,2026-09-02T11:05:04Z,GJ18CD5678,GJ18CD5678,0.88,0.88
153283-804933523_medium.mp4,CAM-BATCH-153283,295,2026-09-02T11:05:04Z,GJ05EF9012,GJ05EF9012,0.82,0.88
153283-804933523_medium.mp4,CAM-BATCH-153283,295,2026-09-02T11:05:04Z,GJ27XY9999,GJ27XY9999,0.75,0.88
153283-804933523_medium.mp4,CAM-BATCH-153283,295,2026-09-02T11:05:04Z,GJ03KL4321,GJ03KL4321,0.64,0.88
153283-804933523_medium.mp4,CAM-BATCH-153283,295,2026-09-02T11:05:04Z,GJ01AB1234,GJ01AB1234,0.54,0.88
153283-804933523_medium.mp4,CAM-BATCH-153283,295,2026-09-02T11:05:04Z,GJ18CD5678,GJ18CD5678,0.51,0.88
153283-804933523_medium.mp4,CAM-BATCH-153283,295,2026-09-02T11:05:04Z,GJ05EF9012,GJ05EF9012,0.51,0.88
153283-804933523_medium.mp4,CAM-BATCH-153283,295,2026-09-02T11:05:04Z,GJ27XY9999,GJ27XY9999,0.49,0.88
153283-804933523_medium.mp4,CAM-BATCH-153283,295,2026-09-02T11:05:04Z,GJ03KL4321,GJ03KL4321,0.43,0.88
153283-804933523_medium.mp4,CAM-BATCH-153283,295,2026-09-02T11:05:04Z,GJ01AB1234,GJ01AB1234,0.42,0.88
153283-804933523_medium.mp4,CAM-BATCH-153283,295,2026-09-02T11:05:04Z,GJ18CD5678,GJ18CD5678,0.41,0.88
153283-804933523_medium.mp4,CAM-BATCH-153283,295,2026-09-02T11:05:04Z,GJ05EF9012,GJ05EF9012,0.38,0.88
153283-804933523_medium.mp4,CAM-BATCH-153283,295,2026-09-02T11:05:04Z,GJ27XY9999,GJ27XY9999,0.38,0.88
153283-804933523_medium.mp4,CAM-BATCH-153283,300,2026-09-02T11:05:34Z,GJ03KL4321,GJ03KL4321,0.95,0.88
153283-804933523_medium.mp4,CAM-BATCH-153283,300,2026-09-02T11:05:34Z,GJ01AB1234,GJ01AB1234,0.88,0.88
153283-804933523_medium.mp4,CAM-BATCH-153283,300,2026-09-02T11:05:34Z,GJ18CD5678,GJ18CD5678,0.84,0.88
153283-804933523_medium.mp4,CAM-BATCH-153283,300,2026-09-02T11:05:34Z,GJ05EF9012,GJ05EF9012,0.83,0.88
153283-804933523_medium.mp4,CAM-BATCH-153283,300,2026-09-02T11:05:34Z,GJ27XY9999,GJ27XY9999,0.74,0.88
153283-804933523_medium.mp4,CAM-BATCH-153283,300,2026-09-02T11:05:34Z,GJ03KL4321,GJ03KL4321,0.71,0.88
153283-804933523_medium.mp4,CAM-BATCH-153283,300,2026-09-02T11:05:34Z,GJ01AB1234,GJ01AB1234,0.67,0.88
153283-804933523_medium.mp4,CAM-BATCH-153283,300,2026-09-02T11:05:34Z,GJ18CD5678,GJ18CD5678,0.65,0.88
153283-804933523_medium.mp4,CAM-BATCH-153283,300,2026-09-02T11:05:34Z,GJ05EF9012,GJ05EF9012,0.6,0.88
153283-804933523_medium.mp4,CAM-BATCH-153283,300,2026-09-02T11:05:34Z,GJ27XY9999,GJ27XY9999,0.56,0.88
153283-804933523_medium.mp4,CAM-BATCH-153283,300,2026-09-02T11:05:34Z,GJ03KL4321,GJ03KL4321,0.52,0.88
153283-804933523_medium.mp4,CAM-BATCH-153283,300,2026-09-02T11:05:34Z,GJ01AB1234,GJ01AB1234,0.47,0.88
153283-804933523_medium.mp4,CAM-BATCH-153283,300,2026-09-02T11:05:34Z,GJ18CD5678,GJ18CD5678,0.46,0.88
153283-804933523_medium.mp4,CAM-BATCH-153283,300,2026-09-02T11:05:34Z,GJ05EF9012,GJ05EF9012,0.44,0.88
153283-804933523_medium.mp4,CAM-BATCH-153283,300,2026-09-02T11:05:34Z,GJ27XY9999,GJ27XY9999,0.4,0.88
153283-804933523_medium.mp4,CAM-BATCH-153283,300,2026-09-02T11:05:34Z,GJ03KL4321,GJ03KL4321,0.36,0.88
153283-804933523_medium.mp4,CAM-BATCH-153283,305,2026-09-02T11:06:02Z,GJ01AB1234,GJ01AB1234,0.93,0.88
153283-804933523_medium.mp4,CAM-BATCH-153283,305,2026-09-02T11:06:02Z,GJ18CD5678,GJ18CD5678,0.91,0.88
153283-804933523_medium.mp4,CAM-BATCH-153283,305,2026-09-02T11:06:02Z,GJ05EF9012,GJ05EF9012,0.87,0.88
153283-804933523_medium.mp4,CAM-BATCH-153283,305,2026-09-02T11:06:02Z,GJ27XY9999,GJ27XY9999,0.85,0.88
153283-804933523_medium.mp4,CAM-BATCH-153283,305,2026-09-02T11:06:02Z,GJ03KL4321,GJ03KL4321,0.73,0.88
153283-804933523_medium.mp4,CAM-BATCH-153283,305,2026-09-02T11:06:02Z,GJ01AB1234,GJ01AB1234,0.7,0.88
153283-804933523_medium.mp4,CAM-BATCH-153283,305,2026-09-02T11:06:02Z,GJ18CD5678,GJ18CD5678,0.7,0.88
153283-804933523_medium.mp4,CAM-BATCH-153283,305,2026-09-02T11:06:02Z,GJ05EF9012,GJ05EF9012,0.64,0.88
153283-804933523_medium.mp4,CAM-BATCH-153283,305,2026-09-02T11:06:02Z,GJ27XY9999,GJ27XY9999,0.62,0.88
153283-804933523_medium.mp4,CAM-BATCH-153283,305,2026-09-02T11:06:02Z,GJ03KL4321,GJ03KL4321,0.58,0.88
153283-804933523_medium.mp4,CAM-BATCH-153283,305,2026-09-02T11:06:02Z,GJ01AB1234,GJ01AB1234,0.5,0.88
153283-804933523_medium.mp4,CAM-BATCH-153283,305,2026-09-02T11:06:02Z,GJ18CD5678,GJ18CD5678,0.37,0.88
153283-804933523_medium.mp4,CAM-BATCH-153283,305,2026-09-02T11:06:02Z,GJ05EF9012,GJ05EF9012,0.36,0.88
153283-804933523_medium.mp4,CAM-BATCH-153283,310,2026-09-02T11:06:27Z,GQ45WQ0,GQ 45WQ0,0.93,0.28
153283-804933523_medium.mp4,CAM-BATCH-153283,310,2026-09-02T11:06:27Z,GJ27XY9999,GJ27XY9999,0.92,0.88
153283-804933523_medium.mp4,CAM-BATCH-153283,310,2026-09-02T11:06:27Z,GJ03KL4321,GJ03KL4321,0.87,0.88
153283-804933523_medium.mp4,CAM-BATCH-153283,310,2026-09-02T11:06:27Z,GJ01AB1234,GJ01AB1234,0.86,0.88
153283-804933523_medium.mp4,CAM-BATCH-153283,310,2026-09-02T11:06:27Z,GJ18CD5678,GJ18CD5678,0.79,0.88
153283-804933523_medium.mp4,CAM-BATCH-153283,310,2026-09-02T11:06:27Z,GJ05EF9012,GJ05EF9012,0.76,0.88
153283-804933523_medium.mp4,CAM-BATCH-153283,310,2026-09-02T11:06:27Z,GJ27XY9999,GJ27XY9999,0.63,0.88
153283-804933523_medium.mp4,CAM-BATCH-153283,310,2026-09-02T11:06:27Z,GJ03KL4321,GJ03KL4321,0.59,0.88
153283-804933523_medium.mp4,CAM-BATCH-153283,310,2026-09-02T11:06:27Z,GJ01AB1234,GJ01AB1234,0.46,0.88
153283-804933523_medium.mp4,CAM-BATCH-153283,310,2026-09-02T11:06:27Z,GJ18CD5678,GJ18CD5678,0.43,0.88
153283-804933523_medium.mp4,CAM-BATCH-153283,310,2026-09-02T11:06:27Z,GJ05EF9012,GJ05EF9012,0.41,0.88
153283-804933523_medium.mp4,CAM-BATCH-153283,310,2026-09-02T11:06:27Z,GJ27XY9999,GJ27XY9999,0.36,0.88
153283-804933523_medium.mp4,CAM-BATCH-153283,315,2026-09-02T11:06:50Z,ZG4IRG5K24IB,ZG4IRG5K24IB,0.91,0.08
153283-804933523_medium.mp4,CAM-BATCH-153283,315,2026-09-02T11:06:50Z,2WBI9G0872,2WBI9G0872,0.91,0.97
153283-804933523_medium.mp4,CAM-BATCH-153283,315,2026-09-02T11:06:50Z,GJ03KL4321,GJ03KL4321,0.86,0.88
153283-804933523_medium.mp4,CAM-BATCH-153283,315,2026-09-02T11:06:50Z,GJ01AB1234,GJ01AB1234,0.86,0.88
153283-804933523_medium.mp4,CAM-BATCH-153283,315,2026-09-02T11:06:50Z,GJ18CD5678,GJ18CD5678,0.73,0.88
153283-804933523_medium.mp4,CAM-BATCH-153283,315,2026-09-02T11:06:50Z,GJ05EF9012,GJ05EF9012,0.55,0.88
153283-804933523_medium.mp4,CAM-BATCH-153283,315,2026-09-02T11:06:50Z,GJ27XY9999,GJ27XY9999,0.53,0.88
153283-804933523_medium.mp4,CAM-BATCH-153283,315,2026-09-02T11:06:50Z,GJ03KL4321,GJ03KL4321,0.5,0.88
153283-804933523_medium.mp4,CAM-BATCH-153283,315,2026-09-02T11:06:50Z,GJ01AB1234,GJ01AB1234,0.49,0.88
153283-804933523_medium.mp4,CAM-BATCH-153283,315,2026-09-02T11:06:50Z,GJ18CD5678,GJ18CD5678,0.48,0.88
153283-804933523_medium.mp4,CAM-BATCH-153283,315,2026-09-02T11:06:50Z,GJ05EF9012,GJ05EF9012,0.43,0.88
153283-804933523_medium.mp4,CAM-BATCH-153283,315,2026-09-02T11:06:50Z,GJ27XY9999,GJ27XY9999,0.38,0.88
153283-804933523_medium.mp4,CAM-BATCH-153283,315,2026-09-02T11:06:50Z,GJ03KL4321,GJ03KL4321,0.37,0.88
153283-804933523_medium.mp4,CAM-BATCH-153283,315,2026-09-02T11:06:50Z,GJ01AB1234,GJ01AB1234,0.37,0.88
153283-804933523_medium.mp4,CAM-BATCH-153283,315,2026-09-02T11:06:50Z,GJ18CD5678,GJ18CD5678,0.35,0.88
153283-804933523_medium.mp4,CAM-BATCH-153283,320,2026-09-02T11:07:12Z,MIG54IB44PD,M1G54IB44PD,0.9,0.0
153283-804933523_medium.mp4,CAM-BATCH-153283,320,2026-09-02T11:07:12Z,W8I9G0872,W8I9G0872,0.9,0.74
153283-804933523_medium.mp4,CAM-BATCH-153283,320,2026-09-02T11:07:12Z,GJ05EF9012,GJ05EF9012,0.87,0.88
153283-804933523_medium.mp4,CAM-BATCH-153283,320,2026-09-02T11:07:12Z,GJ27XY9999,GJ27XY9999,0.85,0.88
153283-804933523_medium.mp4,CAM-BATCH-153283,320,2026-09-02T11:07:12Z,GJ03KL4321,GJ03KL4321,0.79,0.88
153283-804933523_medium.mp4,CAM-BATCH-153283,320,2026-09-02T11:07:12Z,GJ01AB1234,GJ01AB1234,0.59,0.88
153283-804933523_medium.mp4,CAM-BATCH-153283,320,2026-09-02T11:07:12Z,GJ18CD5678,GJ18CD5678,0.55,0.88
153283-804933523_medium.mp4,CAM-BATCH-153283,320,2026-09-02T11:07:12Z,GJ05EF9012,GJ05EF9012,0.53,0.88
153283-804933523_medium.mp4,CAM-BATCH-153283,320,2026-09-02T11:07:12Z,GJ27XY9999,GJ27XY9999,0.44,0.88
153283-804933523_medium.mp4,CAM-BATCH-153283,320,2026-09-02T11:07:12Z,GJ03KL4321,GJ03KL4321,0.42,0.88
153283-804933523_medium.mp4,CAM-BATCH-153283,320,2026-09-02T11:07:12Z,GJ01AB1234,GJ01AB1234,0.42,0.88
153283-804933523_medium.mp4,CAM-BATCH-153283,320,2026-09-02T11:07:12Z,GJ18CD5678,GJ18CD5678,0.39,0.88
153283-804933523_medium.mp4,CAM-BATCH-153283,320,2026-09-02T11:07:12Z,GJ05EF9012,GJ05EF9012,0.38,0.88
153283-804933523_medium.mp4,CAM-BATCH-153283,325,2026-09-02T11:07:38Z,WCCSY414G44G1UK65241B2441GPHE,WCCSY 414G44G1UK65241B2441G PHE,0.95,0.1
153283-804933523_medium.mp4,CAM-BATCH-153283,325,2026-09-02T11:07:38Z,GJ27XY9999,GJ27XY9999,0.84,0.88
153283-804933523_medium.mp4,CAM-BATCH-153283,325,2026-09-02T11:07:38Z,GJ03KL4321,GJ03KL4321,0.83,0.88
153283-804933523_medium.mp4,CAM-BATCH-153283,325,2026-09-02T11:07:38Z,GJ01AB1234,GJ01AB1234,0.82,0.88
153283-804933523_medium.mp4,CAM-BATCH-153283,325,2026-09-02T11:07:38Z,GJ18CD5678,GJ18CD5678,0.7,0.88
153283-804933523_medium.mp4,CAM-BATCH-153283,325,2026-09-02T11:07:38Z,GJ05EF9012,GJ05EF9012,0.64,0.88
153283-804933523_medium.mp4,CAM-BATCH-153283,325,2026-09-02T11:07:38Z,GJ27XY9999,GJ27XY9999,0.54,0.88
153283-804933523_medium.mp4,CAM-BATCH-153283,325,2026-09-02T11:07:38Z,GJ03KL4321,GJ03KL4321,0.54,0.88
153283-804933523_medium.mp4,CAM-BATCH-153283,325,2026-09-02T11:07:38Z,GJ01AB1234,GJ01AB1234,0.39,0.88
153283-804933523_medium.mp4,CAM-BATCH-153283,325,2026-09-02T11:07:38Z,GJ18CD5678,GJ18CD5678,0.38,0.88
153283-804933523_medium.mp4,CAM-BATCH-153283,330,2026-09-02T11:07:54Z,2586G10141AG00GX6X4IB97GEPH,2586G10141AG00GX6X4IB97GE PH,0.95,0.33
153283-804933523_medium.mp4,CAM-BATCH-153283,330,2026-09-02T11:07:54Z,GJ05EF9012,GJ05EF9012,0.9,0.88
153283-804933523_medium.mp4,CAM-BATCH-153283,330,2026-09-02T11:07:54Z,GJ27XY9999,GJ27XY9999,0.82,0.88
153283-804933523_medium.mp4,CAM-BATCH-153283,330,2026-09-02T11:07:54Z,GJ03KL4321,GJ03KL4321,0.74,0.88
153283-804933523_medium.mp4,CAM-BATCH-153283,330,2026-09-02T11:07:54Z,GJ01AB1234,GJ01AB1234,0.73,0.88
153283-804933523_medium.mp4,CAM-BATCH-153283,330,2026-09-02T11:07:54Z,GJ18CD5678,GJ18CD5678,0.66,0.88
153283-804933523_medium.mp4,CAM-BATCH-153283,330,2026-09-02T11:07:54Z,GJ05EF9012,GJ05EF9012,0.56,0.88
153283-804933523_medium.mp4,CAM-BATCH-153283,330,2026-09-02T11:07:54Z,GJ27XY9999,GJ27XY9999,0.52,0.88
153283-804933523_medium.mp4,CAM-BATCH-153283,330,2026-09-02T11:07:54Z,GJ03KL4321,GJ03KL4321,0.38,0.88
153283-804933523_medium.mp4,CAM-BATCH-153283,335,2026-09-02T11:08:11Z,5U6G6412Q166K55024B2KEXG5P35,5U6G6412Q166K55024B2KEXG5 P35,0.95,0.14
153283-804933523_medium.mp4,CAM-BATCH-153283,335,2026-09-02T11:08:11Z,GJ01AB1234,GJ01AB1234,0.91,0.88
153283-804933523_medium.mp4,CAM-BATCH-153283,335,2026-09-02T11:08:11Z,GJ18CD5678,GJ18CD5678,0.85,0.88
153283-804933523_medium.mp4,CAM-BATCH-153283,335,2026-09-02T11:08:11Z,GJ05EF9012,GJ05EF9012,0.73,0.88
153283-804933523_medium.mp4,CAM-BATCH-153283,335,2026-09-02T11:08:11Z,GJ27XY9999,GJ27XY9999,0.69,0.88
153283-804933523_medium.mp4,CAM-BATCH-153283,335,2026-09-02T11:08:11Z,GJ03KL4321,GJ03KL4321,0.54,0.88
153283-804933523_medium.mp4,CAM-BATCH-153283,335,2026-09-02T11:08:11Z,GJ01AB1234,GJ01AB1234,0.53,0.88
153283-804933523_medium.mp4,CAM-BATCH-153283,335,2026-09-02T11:08:11Z,GJ18CD5678,GJ18CD5678,0.44,0.88
153283-804933523_medium.mp4,CAM-BATCH-153283,335,2026-09-02T11:08:11Z,GJ05EF9012,GJ05EF9012,0.37,0.88
153283-804933523_medium.mp4,CAM-BATCH-153283,340,2026-09-02T11:08:32Z,5514661412KGOKKOKIG5L4B2127GPHE,5514661412KGOKKOKIG5L4B2127G PHE,0.95,0.1
153283-804933523_medium.mp4,CAM-BATCH-153283,340,2026-09-02T11:08:32Z,GJ27XY9999,GJ27XY9999,0.91,0.88
153283-804933523_medium.mp4,CAM-BATCH-153283,340,2026-09-02T11:08:32Z,GJ03KL4321,GJ03KL4321,0.84,0.88
153283-804933523_medium.mp4,CAM-BATCH-153283,340,2026-09-02T11:08:32Z,GJ01AB1234,GJ01AB1234,0.78,0.88
153283-804933523_medium.mp4,CAM-BATCH-153283,340,2026-09-02T11:08:32Z,GJ18CD5678,GJ18CD5678,0.58,0.88
153283-804933523_medium.mp4,CAM-BATCH-153283,340,2026-09-02T11:08:32Z,GJ05EF9012,GJ05EF9012,0.53,0.88
153283-804933523_medium.mp4,CAM-BATCH-153283,340,2026-09-02T11:08:32Z,GJ27XY9999,GJ27XY9999,0.53,0.88
153283-804933523_medium.mp4,CAM-BATCH-153283,340,2026-09-02T11:08:32Z,GJ03KL4321,GJ03KL4321,0.49,0.88
153283-804933523_medium.mp4,CAM-BATCH-153283,340,2026-09-02T11:08:32Z,GJ01AB1234,GJ01AB1234,0.39,0.88
153283-804933523_medium.mp4,CAM-BATCH-153283,345,2026-09-02T11:08:47Z,LZ251616104126120G0K1670341B212431GP35,LZ 251616104126120G0K1670341B212431G P35,0.95,0.14
153283-804933523_medium.mp4,CAM-BATCH-153283,345,2026-09-02T11:08:47Z,GJ18CD5678,GJ18CD5678,0.92,0.88
153283-804933523_medium.mp4,CAM-BATCH-153283,345,2026-09-02T11:08:47Z,GJ05EF9012,GJ05EF9012,0.89,0.88
153283-804933523_medium.mp4,CAM-BATCH-153283,345,2026-09-02T11:08:47Z,GJ27XY9999,GJ27XY9999,0.78,0.88
153283-804933523_medium.mp4,CAM-BATCH-153283,345,2026-09-02T11:08:47Z,GJ03KL4321,GJ03KL4321,0.56,0.88
153283-804933523_medium.mp4,CAM-BATCH-153283,345,2026-09-02T11:08:47Z,GJ01AB1234,GJ01AB1234,0.48,0.88
153283-804933523_medium.mp4,CAM-BATCH-153283,345,2026-09-02T11:08:47Z,GJ18CD5678,GJ18CD5678,0.4,0.88
153283-804933523_medium.mp4,CAM-BATCH-153283,345,2026-09-02T11:08:47Z,GJ05EF9012,GJ05EF9012,0.38,0.88
153283-804933523_medium.mp4,CAM-BATCH-153283,345,2026-09-02T11:08:47Z,GJ27XY9999,GJ27XY9999,0.38,0.88
153283-804933523_medium.mp4,CAM-BATCH-153283,350,2026-09-02T11:09:04Z,CUCG0141KC190607165041B2275P58,CUCG0141KC190607165041B2275 P58,0.92,0.09
153283-804933523_medium.mp4,CAM-BATCH-153283,350,2026-09-02T11:09:04Z,GJ03KL4321,GJ03KL4321,0.91,0.88
153283-804933523_medium.mp4,CAM-BATCH-153283,350,2026-09-02T11:09:04Z,GJ01AB1234,GJ01AB1234,0.87,0.88
153283-804933523_medium.mp4,CAM-BATCH-153283,350,2026-09-02T11:09:04Z,GJ18CD5678,GJ18CD5678,0.68,0.88
153283-804933523_medium.mp4,CAM-BATCH-153283,350,2026-09-02T11:09:04Z,GJ05EF9012,GJ05EF9012,0.58,0.88
153283-804933523_medium.mp4,CAM-BATCH-153283,350,2026-09-02T11:09:04Z,GJ27XY9999,GJ27XY9999,0.56,0.88
153283-804933523_medium.mp4,CAM-BATCH-153283,350,2026-09-02T11:09:04Z,GJ03KL4321,GJ03KL4321,0.55,0.88
153283-804933523_medium.mp4,CAM-BATCH-153283,350,2026-09-02T11:09:04Z,GJ01AB1234,GJ01AB1234,0.35,0.88
153283-804933523_medium.mp4,CAM-BATCH-153283,355,2026-09-02T11:09:22Z,4I4124G17060U641B212755PH6E,414124G17060U641B212755 PH6E,0.95,0.11
153283-804933523_medium.mp4,CAM-BATCH-153283,355,2026-09-02T11:09:22Z,GJ18CD5678,GJ18CD5678,0.92,0.88
153283-804933523_medium.mp4,CAM-BATCH-153283,355,2026-09-02T11:09:22Z,GJ05EF9012,GJ05EF9012,0.91,0.88
153283-804933523_medium.mp4,CAM-BATCH-153283,355,2026-09-02T11:09:22Z,GJ27XY9999,GJ27XY9999,0.67,0.88
153283-804933523_medium.mp4,CAM-BATCH-153283,355,2026-09-02T11:09:22Z,GJ03KL4321,GJ03KL4321,0.52,0.88
153283-804933523_medium.mp4,CAM-BATCH-153283,355,2026-09-02T11:09:22Z,GJ01AB1234,GJ01AB1234,0.51,0.88
153283-804933523_medium.mp4,CAM-BATCH-153283,355,2026-09-02T11:09:22Z,GJ18CD5678,GJ18CD5678,0.42,0.88
153283-804933523_medium.mp4,CAM-BATCH-153283,355,2026-09-02T11:09:22Z,GJ05EF9012,GJ05EF9012,0.38,0.88
153283-804933523_medium.mp4,CAM-BATCH-153283,360,2026-09-02T11:09:35Z,3O601K67741821264GPH8,30601K67741821264G PH8,0.95,0.08
153283-804933523_medium.mp4,CAM-BATCH-153283,360,2026-09-02T11:09:35Z,GJ27XY9999,GJ27XY9999,0.9,0.88
153283-804933523_medium.mp4,CAM-BATCH-153283,360,2026-09-02T11:09:35Z,GJ03KL4321,GJ03KL4321,0.59,0.88
153283-804933523_medium.mp4,CAM-BATCH-153283,360,2026-09-02T11:09:35Z,GJ01AB1234,GJ01AB1234,0.56,0.88
153283-804933523_medium.mp4,CAM-BATCH-153283,360,2026-09-02T11:09:35Z,GJ18CD5678,GJ18CD5678,0.41,0.88
153283-804933523_medium.mp4,CAM-BATCH-153283,360,2026-09-02T11:09:35Z,GJ05EF9012,GJ05EF9012,0.36,0.88
153283-804933523_medium.mp4,CAM-BATCH-153283,365,2026-09-02T11:09:49Z,4IB5K4XGPH6E,41B5K4XG PH6E,0.92,0.19
153283-804933523_medium.mp4,CAM-BATCH-153283,365,2026-09-02T11:09:49Z,GJ27XY9999,GJ27XY9999,0.79,0.88
153283-804933523_medium.mp4,CAM-BATCH-153283,365,2026-09-02T11:09:49Z,GJ03KL4321,GJ03KL4321,0.78,0.88
153283-804933523_medium.mp4,CAM-BATCH-153283,365,2026-09-02T11:09:49Z,GJ01AB1234,GJ01AB1234,0.66,0.88
153283-804933523_medium.mp4,CAM-BATCH-153283,365,2026-09-02T11:09:49Z,GJ18CD5678,GJ18CD5678,0.64,0.88
153283-804933523_medium.mp4,CAM-BATCH-153283,365,2026-09-02T11:09:49Z,GJ05EF9012,GJ05EF9012,0.55,0.88
153283-804933523_medium.mp4,CAM-BATCH-153283,365,2026-09-02T11:09:49Z,GJ27XY9999,GJ27XY9999,0.4,0.88
153283-804933523_medium.mp4,CAM-BATCH-153283,365,2026-09-02T11:09:49Z,GJ03KL4321,GJ03KL4321,0.37,0.88
153283-804933523_medium.mp4,CAM-BATCH-153283,370,2026-09-02T11:10:04Z,4IB51K16,41B51K16,0.94,0.25
153283-804933523_medium.mp4,CAM-BATCH-153283,370,2026-09-02T11:10:04Z,GJ01AB1234,GJ01AB1234,0.69,0.88
153283-804933523_medium.mp4,CAM-BATCH-153283,370,2026-09-02T11:10:04Z,GJ18CD5678,GJ18CD5678,0.66,0.88
153283-804933523_medium.mp4,CAM-BATCH-153283,370,2026-09-02T11:10:04Z,GJ05EF9012,GJ05EF9012,0.57,0.88
153283-804933523_medium.mp4,CAM-BATCH-153283,370,2026-09-02T11:10:04Z,GJ27XY9999,GJ27XY9999,0.56,0.88
153283-804933523_medium.mp4,CAM-BATCH-153283,370,2026-09-02T11:10:04Z,GJ03KL4321,GJ03KL4321,0.43,0.88
153283-804933523_medium.mp4,CAM-BATCH-153283,370,2026-09-02T11:10:04Z,GJ01AB1234,GJ01AB1234,0.35,0.88
153283-804933523_medium.mp4,CAM-BATCH-153283,375,2026-09-02T11:10:18Z,AQ2613,AQ2613,0.84,0.06
153283-804933523_medium.mp4,CAM-BATCH-153283,375,2026-09-02T11:10:18Z,GJ18CD5678,GJ18CD5678,0.74,0.88
153283-804933523_medium.mp4,CAM-BATCH-153283,375,2026-09-02T11:10:18Z,GJ05EF9012,GJ05EF9012,0.68,0.88
153283-804933523_medium.mp4,CAM-BATCH-153283,375,2026-09-02T11:10:18Z,GJ27XY9999,GJ27XY9999,0.45,0.88
153283-804933523_medium.mp4,CAM-BATCH-153283,375,2026-09-02T11:10:18Z,GJ03KL4321,GJ03KL4321,0.45,0.88
153283-804933523_medium.mp4,CAM-BATCH-153283,375,2026-09-02T11:10:18Z,GJ01AB1234,GJ01AB1234,0.45,0.88
153283-804933523_medium.mp4,CAM-BATCH-153283,375,2026-09-02T11:10:18Z,GJ18CD5678,GJ18CD5678,0.45,0.88
153283-804933523_medium.mp4,CAM-BATCH-153283,375,2026-09-02T11:10:18Z,GJ05EF9012,GJ05EF9012,0.44,0.88
153283-804933523_medium.mp4,CAM-BATCH-153283,375,2026-09-02T11:10:18Z,GJ27XY9999,GJ27XY9999,0.37,0.88
153283-804933523_medium.mp4,CAM-BATCH-153283,375,2026-09-02T11:10:18Z,GJ03KL4321,GJ03KL4321,0.37,0.88
153283-804933523_medium.mp4,CAM-BATCH-153283,375,2026-09-02T11:10:18Z,GJ01AB1234,GJ01AB1234,0.36,0.88
153283-804933523_medium.mp4,CAM-BATCH-153283,380,2026-09-02T11:10:37Z,7CGII,7CGII,0.93,0.07
153283-804933523_medium.mp4,CAM-BATCH-153283,380,2026-09-02T11:10:37Z,GJ18CD5678,GJ18CD5678,0.79,0.88
153283-804933523_medium.mp4,CAM-BATCH-153283,380,2026-09-02T11:10:37Z,GJ05EF9012,GJ05EF9012,0.7,0.88
153283-804933523_medium.mp4,CAM-BATCH-153283,380,2026-09-02T11:10:37Z,GJ27XY9999,GJ27XY9999,0.47,0.88
153283-804933523_medium.mp4,CAM-BATCH-153283,380,2026-09-02T11:10:37Z,GJ03KL4321,GJ03KL4321,0.42,0.88
153283-804933523_medium.mp4,CAM-BATCH-153283,380,2026-09-02T11:10:37Z,GJ01AB1234,GJ01AB1234,0.39,0.88
153283-804933523_medium.mp4,CAM-BATCH-153283,380,2026-09-02T11:10:37Z,GJ18CD5678,GJ18CD5678,0.38,0.88
153283-804933523_medium.mp4,CAM-BATCH-153283,380,2026-09-02T11:10:37Z,GJ05EF9012,GJ05EF9012,0.36,0.88
153283-804933523_medium.mp4,CAM-BATCH-153283,385,2026-09-02T11:10:51Z,HCGA41R3MC,HCGA41R3MC,0.93,0.07
153283-804933523_medium.mp4,CAM-BATCH-153283,385,2026-09-02T11:10:51Z,GJ27XY9999,GJ27XY9999,0.86,0.88
153283-804933523_medium.mp4,CAM-BATCH-153283,385,2026-09-02T11:10:51Z,GJ03KL4321,GJ03KL4321,0.72,0.88
153283-804933523_medium.mp4,CAM-BATCH-153283,385,2026-09-02T11:10:51Z,GJ01AB1234,GJ01AB1234,0.69,0.88
153283-804933523_medium.mp4,CAM-BATCH-153283,385,2026-09-02T11:10:51Z,GJ18CD5678,GJ18CD5678,0.55,0.88
153283-804933523_medium.mp4,CAM-BATCH-153283,385,2026-09-02T11:10:51Z,GJ05EF9012,GJ05EF9012,0.51,0.88
153283-804933523_medium.mp4,CAM-BATCH-153283,390,2026-09-02T11:11:03Z,MGT412G,MGT41 2G,0.94,0.13
153283-804933523_medium.mp4,CAM-BATCH-153283,390,2026-09-02T11:11:03Z,GJ27XY9999,GJ27XY9999,0.92,0.88
153283-804933523_medium.mp4,CAM-BATCH-153283,390,2026-09-02T11:11:03Z,GJ03KL4321,GJ03KL4321,0.75,0.88
153283-804933523_medium.mp4,CAM-BATCH-153283,390,2026-09-02T11:11:03Z,GJ01AB1234,GJ01AB1234,0.63,0.88
153283-804933523_medium.mp4,CAM-BATCH-153283,390,2026-09-02T11:11:03Z,GJ18CD5678,GJ18CD5678,0.39,0.88
153283-804933523_medium.mp4,CAM-BATCH-153283,390,2026-09-02T11:11:03Z,GJ05EF9012,GJ05EF9012,0.38,0.88
153283-804933523_medium.mp4,CAM-BATCH-153283,390,2026-09-02T11:11:03Z,GJ27XY9999,GJ27XY9999,0.37,0.88
153283-804933523_medium.mp4,CAM-BATCH-153283,390,2026-09-02T11:11:03Z,GJ03KL4321,GJ03KL4321,0.37,0.88
153283-804933523_medium.mp4,CAM-BATCH-153283,395,2026-09-02T11:11:23Z,7C41481K74IB,7C4 1481K7 4IB,0.94,0.26
153283-804933523_medium.mp4,CAM-BATCH-153283,395,2026-09-02T11:11:23Z,GJ01AB1234,GJ01AB1234,0.66,0.88
153283-804933523_medium.mp4,CAM-BATCH-153283,395,2026-09-02T11:11:23Z,GJ18CD5678,GJ18CD5678,0.57,0.88
153283-804933523_medium.mp4,CAM-BATCH-153283,395,2026-09-02T11:11:23Z,GJ05EF9012,GJ05EF9012,0.43,0.88
153283-804933523_medium.mp4,CAM-BATCH-153283,395,2026-09-02T11:11:23Z,GJ27XY9999,GJ27XY9999,0.39,0.88
153283-804933523_medium.mp4,CAM-BATCH-153283,395,2026-09-02T11:11:23Z,GJ03KL4321,GJ03KL4321,0.38,0.88
153283-804933523_medium.mp4,CAM-BATCH-153283,400,2026-09-02T11:11:34Z,HT4890K24IE,HT4890K24IE,0.94,0.07
153283-804933523_medium.mp4,CAM-BATCH-153283,400,2026-09-02T11:11:34Z,GJ01AB1234,GJ01AB1234,0.69,0.88
153283-804933523_medium.mp4,CAM-BATCH-153283,400,2026-09-02T11:11:34Z,GJ18CD5678,GJ18CD5678,0.55,0.88
153283-804933523_medium.mp4,CAM-BATCH-153283,400,2026-09-02T11:11:34Z,GJ05EF9012,GJ05EF9012,0.49,0.88
153283-804933523_medium.mp4,CAM-BATCH-153283,400,2026-09-02T11:11:34Z,GJ27XY9999,GJ27XY9999,0.44,0.88
153283-804933523_medium.mp4,CAM-BATCH-153283,400,2026-09-02T11:11:34Z,GJ03KL4321,GJ03KL4321,0.41,0.88
153283-804933523_medium.mp4,CAM-BATCH-153283,400,2026-09-02T11:11:34Z,GJ01AB1234,GJ01AB1234,0.37,0.88
153283-804933523_medium.mp4,CAM-BATCH-153283,405,2026-09-02T11:11:48Z,T4R9662,T4R9662,0.94,0.08
153283-804933523_medium.mp4,CAM-BATCH-153283,405,2026-09-02T11:11:48Z,GJ18CD5678,GJ18CD5678,0.79,0.88
153283-804933523_medium.mp4,CAM-BATCH-153283,405,2026-09-02T11:11:48Z,GJ05EF9012,GJ05EF9012,0.48,0.88
153283-804933523_medium.mp4,CAM-BATCH-153283,405,2026-09-02T11:11:48Z,GJ27XY9999,GJ27XY9999,0.44,0.88
153283-804933523_medium.mp4,CAM-BATCH-153283,405,2026-09-02T11:11:48Z,GJ03KL4321,GJ03KL4321,0.35,0.88
153283-804933523_medium.mp4,CAM-BATCH-153283,410,2026-09-02T11:11:57Z,7STE496,7S TE496,0.94,0.06
153283-804933523_medium.mp4,CAM-BATCH-153283,410,2026-09-02T11:11:57Z,GJ01AB1234,GJ01AB1234,0.58,0.88
153283-804933523_medium.mp4,CAM-BATCH-153283,410,2026-09-02T11:11:57Z,GJ18CD5678,GJ18CD5678,0.51,0.88
153283-804933523_medium.mp4,CAM-BATCH-153283,410,2026-09-02T11:11:57Z,GJ05EF9012,GJ05EF9012,0.5,0.88
153283-804933523_medium.mp4,CAM-BATCH-153283,410,2026-09-02T11:11:57Z,GJ27XY9999,GJ27XY9999,0.49,0.88
153283-804933523_medium.mp4,CAM-BATCH-153283,410,2026-09-02T11:11:57Z,GJ03KL4321,GJ03KL4321,0.38,0.88
153283-804933523_medium.mp4,CAM-BATCH-153283,415,2026-09-02T11:12:06Z,O857J7RCG41R39673,0857 J7 RCG41R39673,0.95,0.08
153283-804933523_medium.mp4,CAM-BATCH-153283,415,2026-09-02T11:12:06Z,GJ01AB1234,GJ01AB1234,0.68,0.88
153283-804933523_medium.mp4,CAM-BATCH-153283,415,2026-09-02T11:12:06Z,GJ18CD5678,GJ18CD5678,0.66,0.88
153283-804933523_medium.mp4,CAM-BATCH-153283,415,2026-09-02T11:12:06Z,GJ05EF9012,GJ05EF9012,0.5,0.88
153283-804933523_medium.mp4,CAM-BATCH-153283,415,2026-09-02T11:12:06Z,GJ27XY9999,GJ27XY9999,0.49,0.88
153283-804933523_medium.mp4,CAM-BATCH-153283,415,2026-09-02T11:12:06Z,GJ03KL4321,GJ03KL4321,0.42,0.88
153283-804933523_medium.mp4,CAM-BATCH-153283,415,2026-09-02T11:12:06Z,GJ01AB1234,GJ01AB1234,0.4,0.88
153283-804933523_medium.mp4,CAM-BATCH-153283,415,2026-09-02T11:12:06Z,GJ18CD5678,GJ18CD5678,0.4,0.88
153283-804933523_medium.mp4,CAM-BATCH-153283,415,2026-09-02T11:12:06Z,GJ05EF9012,GJ05EF9012,0.39,0.88
153283-804933523_medium.mp4,CAM-BATCH-153283,415,2026-09-02T11:12:06Z,GJ27XY9999,GJ27XY9999,0.38,0.88
153283-804933523_medium.mp4,CAM-BATCH-153283,415,2026-09-02T11:12:06Z,GJ03KL4321,GJ03KL4321,0.36,0.88
153283-804933523_medium.mp4,CAM-BATCH-153283,420,2026-09-02T11:12:22Z,QEETRCR14128905,QEET RCR14128905,0.95,0.09
153283-804933523_medium.mp4,CAM-BATCH-153283,420,2026-09-02T11:12:22Z,GJ01AB1234,GJ01AB1234,0.64,0.88
153283-804933523_medium.mp4,CAM-BATCH-153283,420,2026-09-02T11:12:22Z,GJ18CD5678,GJ18CD5678,0.57,0.88
153283-804933523_medium.mp4,CAM-BATCH-153283,420,2026-09-02T11:12:22Z,GJ05EF9012,GJ05EF9012,0.56,0.88
153283-804933523_medium.mp4,CAM-BATCH-153283,420,2026-09-02T11:12:22Z,GJ27XY9999,GJ27XY9999,0.5,0.88
153283-804933523_medium.mp4,CAM-BATCH-153283,420,2026-09-02T11:12:22Z,GJ03KL4321,GJ03KL4321,0.49,0.88
153283-804933523_medium.mp4,CAM-BATCH-153283,420,2026-09-02T11:12:22Z,GJ01AB1234,GJ01AB1234,0.38,0.88
153283-804933523_medium.mp4,CAM-BATCH-153283,420,2026-09-02T11:12:22Z,GJ18CD5678,GJ18CD5678,0.37,0.88
153283-804933523_medium.mp4,CAM-BATCH-153283,420,2026-09-02T11:12:22Z,GJ05EF9012,GJ05EF9012,0.37,0.88
153283-804933523_medium.mp4,CAM-BATCH-153283,420,2026-09-02T11:12:22Z,GJ27XY9999,GJ27XY9999,0.35,0.88
153283-804933523_medium.mp4,CAM-BATCH-153283,425,2026-09-02T11:12:39Z,O3E7125HOR4I231,03E7125 HOR4I231,0.95,0.29
153283-804933523_medium.mp4,CAM-BATCH-153283,425,2026-09-02T11:12:39Z,GJ03KL4321,GJ03KL4321,0.67,0.88
153283-804933523_medium.mp4,CAM-BATCH-153283,425,2026-09-02T11:12:39Z,GJ01AB1234,GJ01AB1234,0.59,0.88
153283-804933523_medium.mp4,CAM-BATCH-153283,425,2026-09-02T11:12:39Z,GJ18CD5678,GJ18CD5678,0.51,0.88
153283-804933523_medium.mp4,CAM-BATCH-153283,425,2026-09-02T11:12:39Z,GJ05EF9012,GJ05EF9012,0.5,0.88
153283-804933523_medium.mp4,CAM-BATCH-153283,425,2026-09-02T11:12:39Z,GJ27XY9999,GJ27XY9999,0.48,0.88
153283-804933523_medium.mp4,CAM-BATCH-153283,425,2026-09-02T11:12:39Z,GJ03KL4321,GJ03KL4321,0.42,0.88
153283-804933523_medium.mp4,CAM-BATCH-153283,425,2026-09-02T11:12:39Z,GJ01AB1234,GJ01AB1234,0.42,0.88
153283-804933523_medium.mp4,CAM-BATCH-153283,425,2026-09-02T11:12:39Z,GJ18CD5678,GJ18CD5678,0.41,0.88
153283-804933523_medium.mp4,CAM-BATCH-153283,425,2026-09-02T11:12:39Z,GJ05EF9012,GJ05EF9012,0.39,0.88
153283-804933523_medium.mp4,CAM-BATCH-153283,425,2026-09-02T11:12:39Z,GJ27XY9999,GJ27XY9999,0.39,0.88
153283-804933523_medium.mp4,CAM-BATCH-153283,425,2026-09-02T11:12:39Z,GJ03KL4321,GJ03KL4321,0.37,0.88
153283-804933523_medium.mp4,CAM-BATCH-153283,430,2026-09-02T11:12:58Z,IRSROR41,1RS ROR41,0.94,0.11
153283-804933523_medium.mp4,CAM-BATCH-153283,430,2026-09-02T11:12:58Z,GJ01AB1234,GJ01AB1234,0.82,0.88
153283-804933523_medium.mp4,CAM-BATCH-153283,430,2026-09-02T11:12:58Z,GJ18CD5678,GJ18CD5678,0.75,0.88
153283-804933523_medium.mp4,CAM-BATCH-153283,430,2026-09-02T11:12:58Z,GJ05EF9012,GJ05EF9012,0.59,0.88
153283-804933523_medium.mp4,CAM-BATCH-153283,430,2026-09-02T11:12:58Z,GJ27XY9999,GJ27XY9999,0.52,0.88
153283-804933523_medium.mp4,CAM-BATCH-153283,430,2026-09-02T11:12:58Z,GJ03KL4321,GJ03KL4321,0.51,0.88
153283-804933523_medium.mp4,CAM-BATCH-153283,430,2026-09-02T11:12:58Z,GJ01AB1234,GJ01AB1234,0.46,0.88
153283-804933523_medium.mp4,CAM-BATCH-153283,430,2026-09-02T11:12:58Z,GJ18CD5678,GJ18CD5678,0.44,0.88
153283-804933523_medium.mp4,CAM-BATCH-153283,430,2026-09-02T11:12:58Z,GJ05EF9012,GJ05EF9012,0.42,0.88
153283-804933523_medium.mp4,CAM-BATCH-153283,430,2026-09-02T11:12:58Z,GJ27XY9999,GJ27XY9999,0.4,0.88
153283-804933523_medium.mp4,CAM-BATCH-153283,435,2026-09-02T11:13:21Z,O3E7125CGC8QRCTKA4,03E7125 CGC8Q RCTKA4,0.94,0.15
153283-804933523_medium.mp4,CAM-BATCH-153283,435,2026-09-02T11:13:21Z,GJ03KL4321,GJ03KL4321,0.78,0.88
153283-804933523_medium.mp4,CAM-BATCH-153283,435,2026-09-02T11:13:21Z,GJ01AB1234,GJ01AB1234,0.71,0.88
153283-804933523_medium.mp4,CAM-BATCH-153283,435,2026-09-02T11:13:21Z,GJ18CD5678,GJ18CD5678,0.57,0.88
153283-804933523_medium.mp4,CAM-BATCH-153283,435,2026-09-02T11:13:21Z,GJ05EF9012,GJ05EF9012,0.49,0.88
153283-804933523_medium.mp4,CAM-BATCH-153283,435,2026-09-02T11:13:21Z,GJ27XY9999,GJ27XY9999,0.47,0.88
153283-804933523_medium.mp4,CAM-BATCH-153283,435,2026-09-02T11:13:21Z,GJ03KL4321,GJ03KL4321,0.39,0.88
153283-804933523_medium.mp4,CAM-BATCH-153283,435,2026-09-02T11:13:21Z,GJ01AB1234,GJ01AB1234,0.38,0.88
153283-804933523_medium.mp4,CAM-BATCH-153283,435,2026-09-02T11:13:21Z,GJ18CD5678,GJ18CD5678,0.35,0.88
153283-804933523_medium.mp4,CAM-BATCH-153283,440,2026-09-02T11:13:44Z,I712E19R5,1712 E19 R5,0.95,0.16
153283-804933523_medium.mp4,CAM-BATCH-153283,440,2026-09-02T11:13:44Z,GJ05EF9012,GJ05EF9012,0.67,0.88
153283-804933523_medium.mp4,CAM-BATCH-153283,440,2026-09-02T11:13:44Z,GJ27XY9999,GJ27XY9999,0.57,0.88
153283-804933523_medium.mp4,CAM-BATCH-153283,440,2026-09-02T11:13:44Z,GJ03KL4321,GJ03KL4321,0.55,0.88
153283-804933523_medium.mp4,CAM-BATCH-153283,440,2026-09-02T11:13:44Z,GJ01AB1234,GJ01AB1234,0.51,0.88
153283-804933523_medium.mp4,CAM-BATCH-153283,440,2026-09-02T11:13:44Z,GJ18CD5678,GJ18CD5678,0.49,0.88
153283-804933523_medium.mp4,CAM-BATCH-153283,440,2026-09-02T11:13:44Z,GJ05EF9012,GJ05EF9012,0.49,0.88
153283-804933523_medium.mp4,CAM-BATCH-153283,445,2026-09-02T11:14:04Z,AMRE712SFRKTC,AMRE712S F RKTC,0.94,0.22
153283-804933523_medium.mp4,CAM-BATCH-153283,445,2026-09-02T11:14:04Z,GJ27XY9999,GJ27XY9999,0.69,0.88
153283-804933523_medium.mp4,CAM-BATCH-153283,445,2026-09-02T11:14:04Z,GJ03KL4321,GJ03KL4321,0.67,0.88
153283-804933523_medium.mp4,CAM-BATCH-153283,445,2026-09-02T11:14:04Z,GJ01AB1234,GJ01AB1234,0.54,0.88
153283-804933523_medium.mp4,CAM-BATCH-153283,445,2026-09-02T11:14:04Z,GJ18CD5678,GJ18CD5678,0.44,0.88
153283-804933523_medium.mp4,CAM-BATCH-153283,445,2026-09-02T11:14:04Z,GJ05EF9012,GJ05EF9012,0.43,0.88
153283-804933523_medium.mp4,CAM-BATCH-153283,450,2026-09-02T11:14:17Z,I317125E59CRQRC,1317125 E59CRQ RC,0.93,0.13
153283-804933523_medium.mp4,CAM-BATCH-153283,450,2026-09-02T11:14:17Z,GJ27XY9999,GJ27XY9999,0.69,0.88
153283-804933523_medium.mp4,CAM-BATCH-153283,450,2026-09-02T11:14:17Z,GJ03KL4321,GJ03KL4321,0.59,0.88
153283-804933523_medium.mp4,CAM-BATCH-153283,450,2026-09-02T11:14:17Z,GJ01AB1234,GJ01AB1234,0.57,0.88
153283-804933523_medium.mp4,CAM-BATCH-153283,450,2026-09-02T11:14:17Z,GJ18CD5678,GJ18CD5678,0.55,0.88
153283-804933523_medium.mp4,CAM-BATCH-153283,450,2026-09-02T11:14:17Z,GJ05EF9012,GJ05EF9012,0.53,0.88
153283-804933523_medium.mp4,CAM-BATCH-153283,450,2026-09-02T11:14:17Z,GJ27XY9999,GJ27XY9999,0.45,0.88
153283-804933523_medium.mp4,CAM-BATCH-153283,455,2026-09-02T11:14:31Z,IS19E7125E3R,1S19E7125 E3R,0.95,0.1
153283-804933523_medium.mp4,CAM-BATCH-153283,455,2026-09-02T11:14:31Z,GJ03KL4321,GJ03KL4321,0.68,0.88
153283-804933523_medium.mp4,CAM-BATCH-153283,455,2026-09-02T11:14:31Z,GJ01AB1234,GJ01AB1234,0.68,0.88
153283-804933523_medium.mp4,CAM-BATCH-153283,455,2026-09-02T11:14:31Z,GJ18CD5678,GJ18CD5678,0.53,0.88
153283-804933523_medium.mp4,CAM-BATCH-153283,455,2026-09-02T11:14:31Z,GJ05EF9012,GJ05EF9012,0.51,0.88
153283-804933523_medium.mp4,CAM-BATCH-153283,455,2026-09-02T11:14:31Z,GJ27XY9999,GJ27XY9999,0.45,0.88
153283-804933523_medium.mp4,CAM-BATCH-153283,460,2026-09-02T11:14:46Z,W6ISE7125E9RGEX,W6ISE7125 E9RGEX,0.95,0.12
153283-804933523_medium.mp4,CAM-BATCH-153283,460,2026-09-02T11:14:46Z,GJ03KL4321,GJ03KL4321,0.5,0.88
153283-804933523_medium.mp4,CAM-BATCH-153283,460,2026-09-02T11:14:46Z,GJ01AB1234,GJ01AB1234,0.49,0.88
153283-804933523_medium.mp4,CAM-BATCH-153283,460,2026-09-02T11:14:46Z,GJ18CD5678,GJ18CD5678,0.44,0.88
153283-804933523_medium.mp4,CAM-BATCH-153283,460,2026-09-02T11:14:46Z,GJ05EF9012,GJ05EF9012,0.43,0.88
153283-804933523_medium.mp4,CAM-BATCH-153283,460,2026-09-02T11:14:46Z,GJ27XY9999,GJ27XY9999,0.42,0.88
153283-804933523_medium.mp4,CAM-BATCH-153283,460,2026-09-02T11:14:46Z,GJ03KL4321,GJ03KL4321,0.37,0.88
153283-804933523_medium.mp4,CAM-BATCH-153283,460,2026-09-02T11:14:46Z,GJ01AB1234,GJ01AB1234,0.37,0.88
153283-804933523_medium.mp4,CAM-BATCH-153283,465,2026-09-02T11:15:14Z,OBIPE7125E1GTGKC,0BIPE7125 E1GT GKC,0.94,0.28
153283-804933523_medium.mp4,CAM-BATCH-153283,465,2026-09-02T11:15:14Z,GJ18CD5678,GJ18CD5678,0.64,0.88
153283-804933523_medium.mp4,CAM-BATCH-153283,465,2026-09-02T11:15:14Z,GJ05EF9012,GJ05EF9012,0.55,0.88
153283-804933523_medium.mp4,CAM-BATCH-153283,465,2026-09-02T11:15:14Z,GJ27XY9999,GJ27XY9999,0.48,0.88
153283-804933523_medium.mp4,CAM-BATCH-153283,465,2026-09-02T11:15:14Z,GJ03KL4321,GJ03KL4321,0.47,0.88
153283-804933523_medium.mp4,CAM-BATCH-153283,465,2026-09-02T11:15:14Z,GJ01AB1234,GJ01AB1234,0.45,0.88
153283-804933523_medium.mp4,CAM-BATCH-153283,465,2026-09-02T11:15:14Z,GJ18CD5678,GJ18CD5678,0.42,0.88
153283-804933523_medium.mp4,CAM-BATCH-153283,465,2026-09-02T11:15:14Z,GJ05EF9012,GJ05EF9012,0.37,0.88
153283-804933523_medium.mp4,CAM-BATCH-153283,470,2026-09-02T11:15:35Z,O34927125E3RICQ5,034927125 E3 RICQ5,0.94,0.28
153283-804933523_medium.mp4,CAM-BATCH-153283,470,2026-09-02T11:15:35Z,GJ27XY9999,GJ27XY9999,0.6,0.88
153283-804933523_medium.mp4,CAM-BATCH-153283,470,2026-09-02T11:15:35Z,GJ03KL4321,GJ03KL4321,0.54,0.88
153283-804933523_medium.mp4,CAM-BATCH-153283,470,2026-09-02T11:15:35Z,GJ01AB1234,GJ01AB1234,0.51,0.88
153283-804933523_medium.mp4,CAM-BATCH-153283,470,2026-09-02T11:15:35Z,GJ18CD5678,GJ18CD5678,0.41,0.88
153283-804933523_medium.mp4,CAM-BATCH-153283,470,2026-09-02T11:15:35Z,GJ05EF9012,GJ05EF9012,0.38,0.88
153283-804933523_medium.mp4,CAM-BATCH-153283,470,2026-09-02T11:15:35Z,GJ27XY9999,GJ27XY9999,0.36,0.88
153283-804933523_medium.mp4,CAM-BATCH-153283,475,2026-09-02T11:15:51Z,O31977125S137KE412189,031977125 S13 7KE412189,0.95,0.12
153283-804933523_medium.mp4,CAM-BATCH-153283,475,2026-09-02T11:15:51Z,GJ03KL4321,GJ03KL4321,0.74,0.88
153283-804933523_medium.mp4,CAM-BATCH-153283,475,2026-09-02T11:15:51Z,GJ01AB1234,GJ01AB1234,0.73,0.88
153283-804933523_medium.mp4,CAM-BATCH-153283,475,2026-09-02T11:15:51Z,GJ18CD5678,GJ18CD5678,0.68,0.88
153283-804933523_medium.mp4,CAM-BATCH-153283,475,2026-09-02T11:15:51Z,GJ05EF9012,GJ05EF9012,0.59,0.88
153283-804933523_medium.mp4,CAM-BATCH-153283,475,2026-09-02T11:15:51Z,GJ27XY9999,GJ27XY9999,0.42,0.88
153283-804933523_medium.mp4,CAM-BATCH-153283,475,2026-09-02T11:15:51Z,GJ03KL4321,GJ03KL4321,0.4,0.88
153283-804933523_medium.mp4,CAM-BATCH-153283,475,2026-09-02T11:15:51Z,GJ01AB1234,GJ01AB1234,0.39,0.88
153283-804933523_medium.mp4,CAM-BATCH-153283,480,2026-09-02T11:16:09Z,O31877125S363G4HKEL41R965,031877125 S363G4 HKEL41R965,0.95,0.11
153283-804933523_medium.mp4,CAM-BATCH-153283,480,2026-09-02T11:16:09Z,GJ18CD5678,GJ18CD5678,0.79,0.88
153283-804933523_medium.mp4,CAM-BATCH-153283,480,2026-09-02T11:16:09Z,GJ05EF9012,GJ05EF9012,0.72,0.88
153283-804933523_medium.mp4,CAM-BATCH-153283,480,2026-09-02T11:16:09Z,GJ27XY9999,GJ27XY9999,0.44,0.88
153283-804933523_medium.mp4,CAM-BATCH-153283,480,2026-09-02T11:16:09Z,GJ03KL4321,GJ03KL4321,0.44,0.88
153283-804933523_medium.mp4,CAM-BATCH-153283,480,2026-09-02T11:16:09Z,GJ01AB1234,GJ01AB1234,0.41,0.88
153283-804933523_medium.mp4,CAM-BATCH-153283,480,2026-09-02T11:16:09Z,GJ18CD5678,GJ18CD5678,0.39,0.88
153283-804933523_medium.mp4,CAM-BATCH-153283,480,2026-09-02T11:16:09Z,GJ05EF9012,GJ05EF9012,0.38,0.88
153283-804933523_medium.mp4,CAM-BATCH-153283,480,2026-09-02T11:16:09Z,GJ27XY9999,GJ27XY9999,0.37,0.88
153283-804933523_medium.mp4,CAM-BATCH-153283,485,2026-09-02T11:16:24Z,O31271257L412189051152274IE,03127125 7L412189051152274IE,0.94,0.09
153283-804933523_medium.mp4,CAM-BATCH-153283,485,2026-09-02T11:16:24Z,GJ03KL4321,GJ03KL4321,0.78,0.88
153283-804933523_medium.mp4,CAM-BATCH-153283,485,2026-09-02T11:16:24Z,GJ01AB1234,GJ01AB1234,0.57,0.88
153283-804933523_medium.mp4,CAM-BATCH-153283,485,2026-09-02T11:16:24Z,GJ18CD5678,GJ18CD5678,0.54,0.88
153283-804933523_medium.mp4,CAM-BATCH-153283,485,2026-09-02T11:16:24Z,GJ05EF9012,GJ05EF9012,0.5,0.88
153283-804933523_medium.mp4,CAM-BATCH-153283,485,2026-09-02T11:16:24Z,GJ27XY9999,GJ27XY9999,0.41,0.88
153283-804933523_medium.mp4,CAM-BATCH-153283,485,2026-09-02T11:16:24Z,GJ03KL4321,GJ03KL4321,0.4,0.88
153283-804933523_medium.mp4,CAM-BATCH-153283,485,2026-09-02T11:16:24Z,GJ01AB1234,GJ01AB1234,0.36,0.88
153283-804933523_medium.mp4,CAM-BATCH-153283,490,2026-09-02T11:16:36Z,O3327125EJ478411396E1TE7241B518C,03327125 EJ4 78411396E1TE7241B518C,0.92,0.09
153283-804933523_medium.mp4,CAM-BATCH-153283,490,2026-09-02T11:16:36Z,GJ18CD5678,GJ18CD5678,0.54,0.88
153283-804933523_medium.mp4,CAM-BATCH-153283,490,2026-09-02T11:16:36Z,GJ05EF9012,GJ05EF9012,0.5,0.88
153283-804933523_medium.mp4,CAM-BATCH-153283,490,2026-09-02T11:16:36Z,GJ27XY9999,GJ27XY9999,0.49,0.88
153283-804933523_medium.mp4,CAM-BATCH-153283,490,2026-09-02T11:16:36Z,GJ03KL4321,GJ03KL4321,0.46,0.88
153283-804933523_medium.mp4,CAM-BATCH-153283,490,2026-09-02T11:16:36Z,GJ01AB1234,GJ01AB1234,0.45,0.88
153283-804933523_medium.mp4,CAM-BATCH-153283,490,2026-09-02T11:16:36Z,GJ18CD5678,GJ18CD5678,0.4,0.88
153283-804933523_medium.mp4,CAM-BATCH-153283,490,2026-09-02T11:16:36Z,GJ05EF9012,GJ05EF9012,0.38,0.88
153283-804933523_medium.mp4,CAM-BATCH-153283,495,2026-09-02T11:16:46Z,O31917123E13G741489060652241BERGKG,031917123 E13G 741489060652241BERGKG,0.93,0.15
153283-804933523_medium.mp4,CAM-BATCH-153283,495,2026-09-02T11:16:46Z,GJ27XY9999,GJ27XY9999,0.54,0.88
153283-804933523_medium.mp4,CAM-BATCH-153283,495,2026-09-02T11:16:46Z,GJ03KL4321,GJ03KL4321,0.52,0.88
153283-804933523_medium.mp4,CAM-BATCH-153283,495,2026-09-02T11:16:46Z,GJ01AB1234,GJ01AB1234,0.47,0.88
153283-804933523_medium.mp4,CAM-BATCH-153283,495,2026-09-02T11:16:46Z,GJ18CD5678,GJ18CD5678,0.46,0.88
153283-804933523_medium.mp4,CAM-BATCH-153283,495,2026-09-02T11:16:46Z,GJ05EF9012,GJ05EF9012,0.4,0.88
153283-804933523_medium.mp4,CAM-BATCH-153283,495,2026-09-02T11:16:46Z,GJ27XY9999,GJ27XY9999,0.38,0.88
153283-804933523_medium.mp4,CAM-BATCH-153283,495,2026-09-02T11:16:46Z,GJ03KL4321,GJ03KL4321,0.37,0.88
153283-804933523_medium.mp4,CAM-BATCH-153283,495,2026-09-02T11:16:46Z,GJ01AB1234,GJ01AB1234,0.36,0.88
153283-804933523_medium.mp4,CAM-BATCH-153283,500,2026-09-02T11:16:57Z,II51227125E3GREKA9G55541BFRC1,1151227125 E3G REKA9G55541BFRC1,0.92,0.25
153283-804933523_medium.mp4,CAM-BATCH-153283,500,2026-09-02T11:16:57Z,GJ18CD5678,GJ18CD5678,0.61,0.88
153283-804933523_medium.mp4,CAM-BATCH-153283,500,2026-09-02T11:16:57Z,GJ05EF9012,GJ05EF9012,0.48,0.88
153283-804933523_medium.mp4,CAM-BATCH-153283,500,2026-09-02T11:16:57Z,GJ27XY9999,GJ27XY9999,0.41,0.88
153283-804933523_medium.mp4,CAM-BATCH-153283,500,2026-09-02T11:16:57Z,GJ03KL4321,GJ03KL4321,0.38,0.88
153283-804933523_medium.mp4,CAM-BATCH-153283,500,2026-09-02T11:16:57Z,GJ01AB1234,GJ01AB1234,0.36,0.88
153283-804933523_medium.mp4,CAM-BATCH-153283,505,2026-09-02T11:17:06Z,W51927125E8EHEQAI489G05541B21C2KGP3F5,W51927125 E8E HEQAI489G05541B21C2KG P3F5,0.92,0.16
153283-804933523_medium.mp4,CAM-BATCH-153283,505,2026-09-02T11:17:06Z,GJ18CD5678,GJ18CD5678,0.42,0.88
153283-804933523_medium.mp4,CAM-BATCH-153283,505,2026-09-02T11:17:06Z,GJ05EF9012,GJ05EF9012,0.37,0.88
153283-804933523_medium.mp4,CAM-BATCH-153283,510,2026-09-02T11:17:12Z,MBI9E7125E153G4TERSAI489G066324IBEGKPHO5,MBI9E7125 E153G4 TERSAI489G066324IBEGK PHO5,0.9,0.11
153283-804933523_medium.mp4,CAM-BATCH-153283,510,2026-09-02T11:17:12Z,GJ27XY9999,GJ27XY9999,0.55,0.88
153283-804933523_medium.mp4,CAM-BATCH-153283,510,2026-09-02T11:17:12Z,GJ03KL4321,GJ03KL4321,0.47,0.88
153283-804933523_medium.mp4,CAM-BATCH-153283,510,2026-09-02T11:17:12Z,GJ01AB1234,GJ01AB1234,0.46,0.88
153283-804933523_medium.mp4,CAM-BATCH-153283,510,2026-09-02T11:17:12Z,GJ18CD5678,GJ18CD5678,0.39,0.88
153283-804933523_medium.mp4,CAM-BATCH-153283,510,2026-09-02T11:17:12Z,GJ05EF9012,GJ05EF9012,0.38,0.88
153283-804933523_medium.mp4,CAM-BATCH-153283,510,2026-09-02T11:17:12Z,GJ27XY9999,GJ27XY9999,0.36,0.88
153283-804933523_medium.mp4,CAM-BATCH-153283,515,2026-09-02T11:17:21Z,WBIDE7125E5373E3OR54489G0172418KFG,WBIDE7125 E5373E 3OR54489G0172418 KFG,0.91,0.2
153283-804933523_medium.mp4,CAM-BATCH-153283,515,2026-09-02T11:17:21Z,GJ03KL4321,GJ03KL4321,0.57,0.88
153283-804933523_medium.mp4,CAM-BATCH-153283,515,2026-09-02T11:17:21Z,GJ01AB1234,GJ01AB1234,0.47,0.88
153283-804933523_medium.mp4,CAM-BATCH-153283,515,2026-09-02T11:17:21Z,GJ18CD5678,GJ18CD5678,0.45,0.88
153283-804933523_medium.mp4,CAM-BATCH-153283,515,2026-09-02T11:17:21Z,GJ05EF9012,GJ05EF9012,0.44,0.88
153283-804933523_medium.mp4,CAM-BATCH-153283,515,2026-09-02T11:17:21Z,GJ27XY9999,GJ27XY9999,0.39,0.88
153283-804933523_medium.mp4,CAM-BATCH-153283,515,2026-09-02T11:17:21Z,GJ03KL4321,GJ03KL4321,0.38,0.88
153283-804933523_medium.mp4,CAM-BATCH-153283,515,2026-09-02T11:17:21Z,GJ01AB1234,GJ01AB1234,0.37,0.88
153283-804933523_medium.mp4,CAM-BATCH-153283,515,2026-09-02T11:17:21Z,GJ18CD5678,GJ18CD5678,0.36,0.88
153283-804933523_medium.mp4,CAM-BATCH-153283,520,2026-09-02T11:17:33Z,IB49E7125EMGERRA81GTOG74IBEKI,IB49E7125 EMGE RRA81GTOG74IBEKI,0.9,0.21
153283-804933523_medium.mp4,CAM-BATCH-153283,520,2026-09-02T11:17:33Z,GJ05EF9012,GJ05EF9012,0.59,0.88
153283-804933523_medium.mp4,CAM-BATCH-153283,520,2026-09-02T11:17:33Z,GJ27XY9999,GJ27XY9999,0.53,0.88
153283-804933523_medium.mp4,CAM-BATCH-153283,520,2026-09-02T11:17:33Z,GJ03KL4321,GJ03KL4321,0.53,0.88
153283-804933523_medium.mp4,CAM-BATCH-153283,520,2026-09-02T11:17:33Z,GJ01AB1234,GJ01AB1234,0.51,0.88
153283-804933523_medium.mp4,CAM-BATCH-153283,520,2026-09-02T11:17:33Z,GJ18CD5678,GJ18CD5678,0.45,0.88
153283-804933523_medium.mp4,CAM-BATCH-153283,520,2026-09-02T11:17:33Z,GJ05EF9012,GJ05EF9012,0.45,0.88
153283-804933523_medium.mp4,CAM-BATCH-153283,520,2026-09-02T11:17:33Z,GJ27XY9999,GJ27XY9999,0.39,0.88
153283-804933523_medium.mp4,CAM-BATCH-153283,520,2026-09-02T11:17:33Z,GJ03KL4321,GJ03KL4321,0.37,0.88
153283-804933523_medium.mp4,CAM-BATCH-153283,520,2026-09-02T11:17:33Z,GJ01AB1234,GJ01AB1234,0.36,0.88
153283-804933523_medium.mp4,CAM-BATCH-153283,525,2026-09-02T11:17:46Z,IBI9E7125EM353ERET141289306724IB2K2KC1,IBI9E7125 EM353E RET141289306724IB2K2KC1,0.9,0.26
153283-804933523_medium.mp4,CAM-BATCH-153283,525,2026-09-02T11:17:46Z,GJ18CD5678,GJ18CD5678,0.68,0.88
153283-804933523_medium.mp4,CAM-BATCH-153283,525,2026-09-02T11:17:46Z,GJ05EF9012,GJ05EF9012,0.63,0.88
153283-804933523_medium.mp4,CAM-BATCH-153283,525,2026-09-02T11:17:46Z,GJ27XY9999,GJ27XY9999,0.61,0.88
153283-804933523_medium.mp4,CAM-BATCH-153283,525,2026-09-02T11:17:46Z,GJ03KL4321,GJ03KL4321,0.5,0.88
153283-804933523_medium.mp4,CAM-BATCH-153283,525,2026-09-02T11:17:46Z,GJ01AB1234,GJ01AB1234,0.49,0.88
153283-804933523_medium.mp4,CAM-BATCH-153283,525,2026-09-02T11:17:46Z,GJ18CD5678,GJ18CD5678,0.48,0.88
153283-804933523_medium.mp4,CAM-BATCH-153283,525,2026-09-02T11:17:46Z,GJ05EF9012,GJ05EF9012,0.46,0.88
153283-804933523_medium.mp4,CAM-BATCH-153283,525,2026-09-02T11:17:46Z,GJ27XY9999,GJ27XY9999,0.45,0.88
153283-804933523_medium.mp4,CAM-BATCH-153283,525,2026-09-02T11:17:46Z,GJ03KL4321,GJ03KL4321,0.45,0.88
153283-804933523_medium.mp4,CAM-BATCH-153283,525,2026-09-02T11:17:46Z,GJ01AB1234,GJ01AB1234,0.42,0.88
153283-804933523_medium.mp4,CAM-BATCH-153283,525,2026-09-02T11:17:46Z,GJ18CD5678,GJ18CD5678,0.42,0.88
153283-804933523_medium.mp4,CAM-BATCH-153283,525,2026-09-02T11:17:46Z,GJ05EF9012,GJ05EF9012,0.39,0.88
153283-804933523_medium.mp4,CAM-BATCH-153283,525,2026-09-02T11:17:46Z,GJ27XY9999,GJ27XY9999,0.37,0.88
153283-804933523_medium.mp4,CAM-BATCH-153283,530,2026-09-02T11:18:04Z,IBI9E7125E5GEKCT4148406015752418,IBI9E7125 E5GE KCT4148406015752418,0.9,0.3
153283-804933523_medium.mp4,CAM-BATCH-153283,530,2026-09-02T11:18:04Z,GJ03KL4321,GJ03KL4321,0.71,0.88
153283-804933523_medium.mp4,CAM-BATCH-153283,530,2026-09-02T11:18:04Z,GJ01AB1234,GJ01AB1234,0.67,0.88
153283-804933523_medium.mp4,CAM-BATCH-153283,530,2026-09-02T11:18:04Z,GJ18CD5678,GJ18CD5678,0.62,0.88
153283-804933523_medium.mp4,CAM-BATCH-153283,530,2026-09-02T11:18:04Z,GJ05EF9012,GJ05EF9012,0.61,0.88
153283-804933523_medium.mp4,CAM-BATCH-153283,530,2026-09-02T11:18:04Z,GJ27XY9999,GJ27XY9999,0.5,0.88
153283-804933523_medium.mp4,CAM-BATCH-153283,530,2026-09-02T11:18:04Z,GJ03KL4321,GJ03KL4321,0.48,0.88
153283-804933523_medium.mp4,CAM-BATCH-153283,530,2026-09-02T11:18:04Z,GJ01AB1234,GJ01AB1234,0.45,0.88
153283-804933523_medium.mp4,CAM-BATCH-153283,530,2026-09-02T11:18:04Z,GJ18CD5678,GJ18CD5678,0.44,0.88
153283-804933523_medium.mp4,CAM-BATCH-153283,530,2026-09-02T11:18:04Z,GJ05EF9012,GJ05EF9012,0.43,0.88
153283-804933523_medium.mp4,CAM-BATCH-153283,530,2026-09-02T11:18:04Z,GJ27XY9999,GJ27XY9999,0.43,0.88
153283-804933523_medium.mp4,CAM-BATCH-153283,530,2026-09-02T11:18:04Z,GJ03KL4321,GJ03KL4321,0.4,0.88
153283-804933523_medium.mp4,CAM-BATCH-153283,530,2026-09-02T11:18:04Z,GJ01AB1234,GJ01AB1234,0.38,0.88
153283-804933523_medium.mp4,CAM-BATCH-153283,535,2026-09-02T11:18:20Z,IB19E71251OE9RET489TO120K41BK2G,IB19E7125 1OE9 RET489TO120K41BK2G,0.91,0.18
153283-804933523_medium.mp4,CAM-BATCH-153283,535,2026-09-02T11:18:20Z,GJ18CD5678,GJ18CD5678,0.72,0.88
153283-804933523_medium.mp4,CAM-BATCH-153283,535,2026-09-02T11:18:20Z,GJ05EF9012,GJ05EF9012,0.72,0.88
153283-804933523_medium.mp4,CAM-BATCH-153283,535,2026-09-02T11:18:20Z,GJ27XY9999,GJ27XY9999,0.71,0.88
153283-804933523_medium.mp4,CAM-BATCH-153283,535,2026-09-02T11:18:20Z,GJ03KL4321,GJ03KL4321,0.66,0.88
153283-804933523_medium.mp4,CAM-BATCH-153283,535,2026-09-02T11:18:20Z,GJ01AB1234,GJ01AB1234,0.59,0.88
153283-804933523_medium.mp4,CAM-BATCH-153283,535,2026-09-02T11:18:20Z,GJ18CD5678,GJ18CD5678,0.51,0.88
153283-804933523_medium.mp4,CAM-BATCH-153283,535,2026-09-02T11:18:20Z,GJ05EF9012,GJ05EF9012,0.5,0.88
153283-804933523_medium.mp4,CAM-BATCH-153283,535,2026-09-02T11:18:20Z,GJ27XY9999,GJ27XY9999,0.47,0.88
153283-804933523_medium.mp4,CAM-BATCH-153283,535,2026-09-02T11:18:20Z,GJ03KL4321,GJ03KL4321,0.4,0.88
153283-804933523_medium.mp4,CAM-BATCH-153283,535,2026-09-02T11:18:20Z,GJ01AB1234,GJ01AB1234,0.4,0.88
153283-804933523_medium.mp4,CAM-BATCH-153283,535,2026-09-02T11:18:20Z,GJ18CD5678,GJ18CD5678,0.37,0.88
153283-804933523_medium.mp4,CAM-BATCH-153283,535,2026-09-02T11:18:20Z,GJ05EF9012,GJ05EF9012,0.36,0.88
153283-804933523_medium.mp4,CAM-BATCH-153283,540,2026-09-02T11:18:40Z,IBI9E7125E5GEXR42340790620641BK,IBI9E7125 E5GEX R42340790620641BK,0.92,0.32
153283-804933523_medium.mp4,CAM-BATCH-153283,540,2026-09-02T11:18:40Z,S05,S05,0.83,0.25
153283-804933523_medium.mp4,CAM-BATCH-153283,540,2026-09-02T11:18:40Z,GJ27XY9999,GJ27XY9999,0.8,0.88
153283-804933523_medium.mp4,CAM-BATCH-153283,540,2026-09-02T11:18:40Z,GJ03KL4321,GJ03KL4321,0.79,0.88
153283-804933523_medium.mp4,CAM-BATCH-153283,540,2026-09-02T11:18:40Z,GJ01AB1234,GJ01AB1234,0.48,0.88
153283-804933523_medium.mp4,CAM-BATCH-153283,540,2026-09-02T11:18:40Z,GJ18CD5678,GJ18CD5678,0.48,0.88
153283-804933523_medium.mp4,CAM-BATCH-153283,540,2026-09-02T11:18:40Z,GJ05EF9012,GJ05EF9012,0.44,0.88
153283-804933523_medium.mp4,CAM-BATCH-153283,540,2026-09-02T11:18:40Z,GJ27XY9999,GJ27XY9999,0.42,0.88
153283-804933523_medium.mp4,CAM-BATCH-153283,540,2026-09-02T11:18:40Z,GJ03KL4321,GJ03KL4321,0.39,0.88
153283-804933523_medium.mp4,CAM-BATCH-153283,540,2026-09-02T11:18:40Z,GJ01AB1234,GJ01AB1234,0.36,0.88
153283-804933523_medium.mp4,CAM-BATCH-153283,545,2026-09-02T11:18:56Z,WBI9E7125E15ERGZE4E899G00418U,WBI9E7125 E15E RGZE4E899G00418U,0.9,0.37
153283-804933523_medium.mp4,CAM-BATCH-153283,545,2026-09-02T11:18:56Z,GJ18CD5678,GJ18CD5678,0.7,0.88
153283-804933523_medium.mp4,CAM-BATCH-153283,545,2026-09-02T11:18:56Z,GJ05EF9012,GJ05EF9012,0.53,0.88
153283-804933523_medium.mp4,CAM-BATCH-153283,545,2026-09-02T11:18:56Z,GJ27XY9999,GJ27XY9999,0.53,0.88
153283-804933523_medium.mp4,CAM-BATCH-153283,545,2026-09-02T11:18:56Z,GJ03KL4321,GJ03KL4321,0.5,0.88
153283-804933523_medium.mp4,CAM-BATCH-153283,545,2026-09-02T11:18:56Z,GJ01AB1234,GJ01AB1234,0.48,0.88
153283-804933523_medium.mp4,CAM-BATCH-153283,545,2026-09-02T11:18:56Z,GJ18CD5678,GJ18CD5678,0.46,0.88
153283-804933523_medium.mp4,CAM-BATCH-153283,545,2026-09-02T11:18:56Z,GJ05EF9012,GJ05EF9012,0.44,0.88
153283-804933523_medium.mp4,CAM-BATCH-153283,545,2026-09-02T11:18:56Z,GJ27XY9999,GJ27XY9999,0.4,0.88
153283-804933523_medium.mp4,CAM-BATCH-153283,545,2026-09-02T11:18:56Z,GJ03KL4321,GJ03KL4321,0.39,0.88
153283-804933523_medium.mp4,CAM-BATCH-153283,545,2026-09-02T11:18:56Z,GJ01AB1234,GJ01AB1234,0.36,0.88
153283-804933523_medium.mp4,CAM-BATCH-153283,545,2026-09-02T11:18:56Z,GJ18CD5678,GJ18CD5678,0.36,0.88
153283-804933523_medium.mp4,CAM-BATCH-153283,545,2026-09-02T11:18:56Z,GJ05EF9012,GJ05EF9012,0.35,0.88
153283-804933523_medium.mp4,CAM-BATCH-153283,550,2026-09-02T11:19:22Z,IBI9E7125E1GEHRCE423906956864DEEE,IBI9E7125 E1GEH RCE423906956864DEEE,0.92,0.26
153283-804933523_medium.mp4,CAM-BATCH-153283,550,2026-09-02T11:19:22Z,GJ27XY9999,GJ27XY9999,0.88,0.88
153283-804933523_medium.mp4,CAM-BATCH-153283,550,2026-09-02T11:19:22Z,GJ03KL4321,GJ03KL4321,0.72,0.88
153283-804933523_medium.mp4,CAM-BATCH-153283,550,2026-09-02T11:19:22Z,GJ01AB1234,GJ01AB1234,0.48,0.88
153283-804933523_medium.mp4,CAM-BATCH-153283,550,2026-09-02T11:19:22Z,GJ18CD5678,GJ18CD5678,0.4,0.88
153283-804933523_medium.mp4,CAM-BATCH-153283,550,2026-09-02T11:19:22Z,GJ05EF9012,GJ05EF9012,0.38,0.88
153283-804933523_medium.mp4,CAM-BATCH-153283,550,2026-09-02T11:19:22Z,GJ27XY9999,GJ27XY9999,0.38,0.88
153283-804933523_medium.mp4,CAM-BATCH-153283,555,2026-09-02T11:19:34Z,WBI9E7125E1KRCT5420390606K4DEY,WBI9E7125 E1K RCT5420390606K4DEY,0.92,0.39
153283-804933523_medium.mp4,CAM-BATCH-153283,555,2026-09-02T11:19:34Z,GJ03KL4321,GJ03KL4321,0.88,0.88
153283-804933523_medium.mp4,CAM-BATCH-153283,555,2026-09-02T11:19:34Z,GJ01AB1234,GJ01AB1234,0.63,0.88
153283-804933523_medium.mp4,CAM-BATCH-153283,555,2026-09-02T11:19:34Z,GJ18CD5678,GJ18CD5678,0.5,0.88
153283-804933523_medium.mp4,CAM-BATCH-153283,555,2026-09-02T11:19:34Z,GJ05EF9012,GJ05EF9012,0.42,0.88
153283-804933523_medium.mp4,CAM-BATCH-153283,555,2026-09-02T11:19:34Z,GJ27XY9999,GJ27XY9999,0.4,0.88
153283-804933523_medium.mp4,CAM-BATCH-153283,555,2026-09-02T11:19:34Z,GJ03KL4321,GJ03KL4321,0.37,0.88
153283-804933523_medium.mp4,CAM-BATCH-153283,560,2026-09-02T11:19:46Z,IBI9E7125E15G3GRICT423406GSLS4D16Y,IBI9E7125 E15G3G RICT423406GSLS4D 16Y,0.91,0.18
153283-804933523_medium.mp4,CAM-BATCH-153283,560,2026-09-02T11:19:46Z,GJ01AB1234,GJ01AB1234,0.88,0.88
153283-804933523_medium.mp4,CAM-BATCH-153283,560,2026-09-02T11:19:46Z,GJ18CD5678,GJ18CD5678,0.51,0.88
153283-804933523_medium.mp4,CAM-BATCH-153283,560,2026-09-02T11:19:46Z,GJ05EF9012,GJ05EF9012,0.45,0.88
153283-804933523_medium.mp4,CAM-BATCH-153283,560,2026-09-02T11:19:46Z,GJ27XY9999,GJ27XY9999,0.39,0.88
153283-804933523_medium.mp4,CAM-BATCH-153283,560,2026-09-02T11:19:46Z,GJ03KL4321,GJ03KL4321,0.35,0.88
153283-804933523_medium.mp4,CAM-BATCH-153283,560,2026-09-02T11:19:46Z,GJ01AB1234,GJ01AB1234,0.35,0.88
153283-804933523_medium.mp4,CAM-BATCH-153283,565,2026-09-02T11:19:58Z,WBI9E7125E13EBRCI428406012614185U,WBI9E7125 E13EB RCI428406012614185U,0.93,0.34
153283-804933523_medium.mp4,CAM-BATCH-153283,565,2026-09-02T11:19:58Z,GJ18CD5678,GJ18CD5678,0.88,0.88
153283-804933523_medium.mp4,CAM-BATCH-153283,565,2026-09-02T11:19:58Z,GJ05EF9012,GJ05EF9012,0.68,0.88
153283-804933523_medium.mp4,CAM-BATCH-153283,565,2026-09-02T11:19:58Z,GJ27XY9999,GJ27XY9999,0.5,0.88
153283-804933523_medium.mp4,CAM-BATCH-153283,565,2026-09-02T11:19:58Z,GJ03KL4321,GJ03KL4321,0.48,0.88
153283-804933523_medium.mp4,CAM-BATCH-153283,565,2026-09-02T11:19:58Z,GJ01AB1234,GJ01AB1234,0.45,0.88
153283-804933523_medium.mp4,CAM-BATCH-153283,565,2026-09-02T11:19:58Z,GJ18CD5678,GJ18CD5678,0.39,0.88
153283-804933523_medium.mp4,CAM-BATCH-153283,565,2026-09-02T11:19:58Z,GJ05EF9012,GJ05EF9012,0.38,0.88
153283-804933523_medium.mp4,CAM-BATCH-153283,570,2026-09-02T11:20:11Z,IBI9E7125E1GERI4239066S7114B44,IBI9E7125 E1GE RI4239066S7114B44,0.92,0.32
153283-804933523_medium.mp4,CAM-BATCH-153283,570,2026-09-02T11:20:11Z,GJ27XY9999,GJ27XY9999,0.78,0.88
153283-804933523_medium.mp4,CAM-BATCH-153283,570,2026-09-02T11:20:11Z,GJ03KL4321,GJ03KL4321,0.75,0.88
153283-804933523_medium.mp4,CAM-BATCH-153283,570,2026-09-02T11:20:11Z,GJ01AB1234,GJ01AB1234,0.42,0.88
153283-804933523_medium.mp4,CAM-BATCH-153283,570,2026-09-02T11:20:11Z,GJ18CD5678,GJ18CD5678,0.4,0.88
153283-804933523_medium.mp4,CAM-BATCH-153283,575,2026-09-02T11:20:20Z,WRI9E7125E13ELRCK542396916014146516,WRI9E7125 E13EL RCK542396916014146516,0.92,0.33
153283-804933523_medium.mp4,CAM-BATCH-153283,575,2026-09-02T11:20:20Z,GJ05EF9012,GJ05EF9012,0.85,0.88
153283-804933523_medium.mp4,CAM-BATCH-153283,575,2026-09-02T11:20:20Z,GJ27XY9999,GJ27XY9999,0.74,0.88
153283-804933523_medium.mp4,CAM-BATCH-153283,575,2026-09-02T11:20:20Z,GJ03KL4321,GJ03KL4321,0.39,0.88
153283-804933523_medium.mp4,CAM-BATCH-153283,575,2026-09-02T11:20:20Z,GJ01AB1234,GJ01AB1234,0.38,0.88
153283-804933523_medium.mp4,CAM-BATCH-153283,575,2026-09-02T11:20:20Z,GJ18CD5678,GJ18CD5678,0.36,0.88
153283-804933523_medium.mp4,CAM-BATCH-153283,580,2026-09-02T11:20:32Z,WBAI9E7125E3EXHRCT4E39060167114B4615,WBAI9E7125 E3EXH RCT4E39060167114B4615,0.92,0.2
153283-804933523_medium.mp4,CAM-BATCH-153283,580,2026-09-02T11:20:32Z,GJ05EF9012,GJ05EF9012,0.71,0.88
153283-804933523_medium.mp4,CAM-BATCH-153283,580,2026-09-02T11:20:32Z,GJ27XY9999,GJ27XY9999,0.41,0.88
153283-804933523_medium.mp4,CAM-BATCH-153283,580,2026-09-02T11:20:32Z,GJ03KL4321,GJ03KL4321,0.38,0.88
153283-804933523_medium.mp4,CAM-BATCH-153283,585,2026-09-02T11:20:43Z,IYRI9E7125EJ3ERMIC44390067174180T5,IYRI9E7125 EJ3ER MIC4439006717418 0T5,0.91,0.15
153283-804933523_medium.mp4,CAM-BATCH-153283,585,2026-09-02T11:20:43Z,GJ01AB1234,GJ01AB1234,0.67,0.88
153283-804933523_medium.mp4,CAM-BATCH-153283,585,2026-09-02T11:20:43Z,GJ18CD5678,GJ18CD5678,0.45,0.88
153283-804933523_medium.mp4,CAM-BATCH-153283,590,2026-09-02T11:20:52Z,IBIDE7125EJE3O4640666Z1X41B42510,IBIDE7125 EJE 3O4640666Z1X41B42510,0.92,0.2
153283-804933523_medium.mp4,CAM-BATCH-153283,590,2026-09-02T11:20:52Z,GJ05EF9012,GJ05EF9012,0.84,0.88
153283-804933523_medium.mp4,CAM-BATCH-153283,590,2026-09-02T11:20:52Z,GJ27XY9999,GJ27XY9999,0.35,0.88
153283-804933523_medium.mp4,CAM-BATCH-153283,595,2026-09-02T11:21:01Z,WBI9E7125EGETCG434GTICK4B46,WBI9E7125 EGE TCG434GTICK4B46,0.92,0.33
153283-804933523_medium.mp4,CAM-BATCH-153283,595,2026-09-02T11:21:01Z,GJ03KL4321,GJ03KL4321,0.78,0.88
153283-804933523_medium.mp4,CAM-BATCH-153283,595,2026-09-02T11:21:01Z,GJ01AB1234,GJ01AB1234,0.72,0.88
153283-804933523_medium.mp4,CAM-BATCH-153283,595,2026-09-02T11:21:01Z,GJ18CD5678,GJ18CD5678,0.38,0.88
153283-804933523_medium.mp4,CAM-BATCH-153283,595,2026-09-02T11:21:01Z,GJ05EF9012,GJ05EF9012,0.36,0.88
153283-804933523_medium.mp4,CAM-BATCH-153283,600,2026-09-02T11:21:10Z,WB0957125PETRGAA311G04K4B301,WB0957125 PE TRGAA311G04K4B301,0.94,0.27
153283-804933523_medium.mp4,CAM-BATCH-153283,600,2026-09-02T11:21:10Z,GJ27XY9999,GJ27XY9999,0.74,0.88
153283-804933523_medium.mp4,CAM-BATCH-153283,600,2026-09-02T11:21:10Z,GJ03KL4321,GJ03KL4321,0.55,0.88
153283-804933523_medium.mp4,CAM-BATCH-153283,600,2026-09-02T11:21:10Z,GJ01AB1234,GJ01AB1234,0.38,0.88
153283-804933523_medium.mp4,CAM-BATCH-153283,605,2026-09-02T11:21:17Z,IBI9E7125E5ETGG4436014B9661,1BI9E7125 E5E TGG4436014B9661,0.94,0.08
153283-804933523_medium.mp4,CAM-BATCH-153283,605,2026-09-02T11:21:17Z,GJ18CD5678,GJ18CD5678,0.77,0.88
153283-804933523_medium.mp4,CAM-BATCH-153283,610,2026-09-02T11:21:20Z,I51957125ERTAARB1,151957125 ER TAARB1,0.95,0.22
153283-804933523_medium.mp4,CAM-BATCH-153283,610,2026-09-02T11:21:20Z,GJ05EF9012,GJ05EF9012,0.77,0.88
153283-804933523_medium.mp4,CAM-BATCH-153283,610,2026-09-02T11:21:20Z,GJ27XY9999,GJ27XY9999,0.72,0.88
153283-804933523_medium.mp4,CAM-BATCH-153283,615,2026-09-02T11:21:25Z,3O349E7125E1TEEE0488,3 0349E7125 E1 TEEE0488,0.95,0.16
153283-804933523_medium.mp4,CAM-BATCH-153283,615,2026-09-02T11:21:25Z,GJ03KL4321,GJ03KL4321,0.7,0.88
153283-804933523_medium.mp4,CAM-BATCH-153283,615,2026-09-02T11:21:25Z,GJ01AB1234,GJ01AB1234,0.65,0.88
153283-804933523_medium.mp4,CAM-BATCH-153283,615,2026-09-02T11:21:25Z,GJ18CD5678,GJ18CD5678,0.36,0.88
153283-804933523_medium.mp4,CAM-BATCH-153283,620,2026-09-02T11:21:31Z,2OA7125D6TR444,20 A7125D6 TR444,0.95,0.03
153283-804933523_medium.mp4,CAM-BATCH-153283,620,2026-09-02T11:21:31Z,GJ05EF9012,GJ05EF9012,0.84,0.88
153283-804933523_medium.mp4,CAM-BATCH-153283,620,2026-09-02T11:21:31Z,GJ27XY9999,GJ27XY9999,0.43,0.88
153283-804933523_medium.mp4,CAM-BATCH-153283,620,2026-09-02T11:21:31Z,GJ03KL4321,GJ03KL4321,0.37,0.88
153283-804933523_medium.mp4,CAM-BATCH-153283,625,2026-09-02T11:21:37Z,ROL0837135F74GTB4,R0L 0837135 F 74GTB4,0.96,0.06
153283-804933523_medium.mp4,CAM-BATCH-153283,625,2026-09-02T11:21:37Z,GJ01AB1234,GJ01AB1234,0.75,0.88
153283-804933523_medium.mp4,CAM-BATCH-153283,625,2026-09-02T11:21:37Z,GJ18CD5678,GJ18CD5678,0.54,0.88
153283-804933523_medium.mp4,CAM-BATCH-153283,630,2026-09-02T11:21:42Z,KRTSTEDT473,KRTSTE D T473,0.94,0.05
153283-804933523_medium.mp4,CAM-BATCH-153283,630,2026-09-02T11:21:42Z,GJ05EF9012,GJ05EF9012,0.7,0.88
153283-804933523_medium.mp4,CAM-BATCH-153283,635,2026-09-02T11:21:45Z,AUAATETE42G,AUAATE TE42G,0.94,0.01
153283-804933523_medium.mp4,CAM-BATCH-153283,635,2026-09-02T11:21:45Z,GJ27XY9999,GJ27XY9999,0.56,0.88
153283-804933523_medium.mp4,CAM-BATCH-153283,635,2026-09-02T11:21:45Z,GJ03KL4321,GJ03KL4321,0.49,0.88
153283-804933523_medium.mp4,CAM-BATCH-153283,640,2026-09-02T11:21:49Z,ATR7HI,A TR7HI,0.95,0.08
153283-804933523_medium.mp4,CAM-BATCH-153283,640,2026-09-02T11:21:49Z,GJ01AB1234,GJ01AB1234,0.56,0.88
153283-804933523_medium.mp4,CAM-BATCH-153283,640,2026-09-02T11:21:49Z,GJ18CD5678,GJ18CD5678,0.5,0.88
153283-804933523_medium.mp4,CAM-BATCH-153283,645,2026-09-02T11:21:53Z,K4EMM64,K4E MM64,0.96,0.06
153283-804933523_medium.mp4,CAM-BATCH-153283,645,2026-09-02T11:21:53Z,GJ05EF9012,GJ05EF9012,0.68,0.88
153283-804933523_medium.mp4,CAM-BATCH-153283,645,2026-09-02T11:21:53Z,GJ27XY9999,GJ27XY9999,0.41,0.88
154195-807166827_medium.mp4,CAM-BATCH-154195,5,2026-09-02T11:21:57Z,GJ01AB1234,GJ01AB1234,0.63,0.88
154195-807166827_medium.mp4,CAM-BATCH-154195,5,2026-09-02T11:21:57Z,GJ18CD5678,GJ18CD5678,0.61,0.88
154195-807166827_medium.mp4,CAM-BATCH-154195,5,2026-09-02T11:21:57Z,GJ05EF9012,GJ05EF9012,0.53,0.88
154195-807166827_medium.mp4,CAM-BATCH-154195,5,2026-09-02T11:21:57Z,GJ27XY9999,GJ27XY9999,0.51,0.88
154195-807166827_medium.mp4,CAM-BATCH-154195,5,2026-09-02T11:21:57Z,GJ03KL4321,GJ03KL4321,0.5,0.88
154195-807166827_medium.mp4,CAM-BATCH-154195,5,2026-09-02T11:21:57Z,GJ01AB1234,GJ01AB1234,0.48,0.88
154195-807166827_medium.mp4,CAM-BATCH-154195,5,2026-09-02T11:21:57Z,GJ18CD5678,GJ18CD5678,0.46,0.88
154195-807166827_medium.mp4,CAM-BATCH-154195,5,2026-09-02T11:21:57Z,GJ05EF9012,GJ05EF9012,0.4,0.88
154195-807166827_medium.mp4,CAM-BATCH-154195,5,2026-09-02T11:21:57Z,GJ27XY9999,GJ27XY9999,0.37,0.88
154195-807166827_medium.mp4,CAM-BATCH-154195,10,2026-09-02T11:22:18Z,GJ03KL4321,GJ03KL4321,0.69,0.88
154195-807166827_medium.mp4,CAM-BATCH-154195,10,2026-09-02T11:22:18Z,GJ01AB1234,GJ01AB1234,0.63,0.88
154195-807166827_medium.mp4,CAM-BATCH-154195,10,2026-09-02T11:22:18Z,GJ18CD5678,GJ18CD5678,0.6,0.88
154195-807166827_medium.mp4,CAM-BATCH-154195,10,2026-09-02T11:22:18Z,GJ05EF9012,GJ05EF9012,0.59,0.88
154195-807166827_medium.mp4,CAM-BATCH-154195,10,2026-09-02T11:22:18Z,GJ27XY9999,GJ27XY9999,0.5,0.88
154195-807166827_medium.mp4,CAM-BATCH-154195,10,2026-09-02T11:22:18Z,GJ03KL4321,GJ03KL4321,0.42,0.88
154195-807166827_medium.mp4,CAM-BATCH-154195,10,2026-09-02T11:22:18Z,GJ01AB1234,GJ01AB1234,0.38,0.88
154195-807166827_medium.mp4,CAM-BATCH-154195,15,2026-09-02T11:22:34Z,GJ18CD5678,GJ18CD5678,0.61,0.88
154195-807166827_medium.mp4,CAM-BATCH-154195,15,2026-09-02T11:22:34Z,GJ05EF9012,GJ05EF9012,0.57,0.88
154195-807166827_medium.mp4,CAM-BATCH-154195,15,2026-09-02T11:22:34Z,GJ27XY9999,GJ27XY9999,0.51,0.88
154195-807166827_medium.mp4,CAM-BATCH-154195,15,2026-09-02T11:22:34Z,GJ03KL4321,GJ03KL4321,0.5,0.88
154195-807166827_medium.mp4,CAM-BATCH-154195,15,2026-09-02T11:22:34Z,GJ01AB1234,GJ01AB1234,0.5,0.88
154195-807166827_medium.mp4,CAM-BATCH-154195,15,2026-09-02T11:22:34Z,GJ18CD5678,GJ18CD5678,0.49,0.88
154195-807166827_medium.mp4,CAM-BATCH-154195,15,2026-09-02T11:22:34Z,GJ05EF9012,GJ05EF9012,0.38,0.88
154195-807166827_medium.mp4,CAM-BATCH-154195,20,2026-09-02T11:22:51Z,GJ27XY9999,GJ27XY9999,0.7,0.88
154195-807166827_medium.mp4,CAM-BATCH-154195,20,2026-09-02T11:22:51Z,GJ03KL4321,GJ03KL4321,0.67,0.88
154195-807166827_medium.mp4,CAM-BATCH-154195,20,2026-09-02T11:22:51Z,GJ01AB1234,GJ01AB1234,0.53,0.88
154195-807166827_medium.mp4,CAM-BATCH-154195,20,2026-09-02T11:22:51Z,GJ18CD5678,GJ18CD5678,0.46,0.88
154195-807166827_medium.mp4,CAM-BATCH-154195,20,2026-09-02T11:22:51Z,GJ05EF9012,GJ05EF9012,0.46,0.88
154195-807166827_medium.mp4,CAM-BATCH-154195,20,2026-09-02T11:22:51Z,GJ27XY9999,GJ27XY9999,0.41,0.88
154195-807166827_medium.mp4,CAM-BATCH-154195,20,2026-09-02T11:22:51Z,GJ03KL4321,GJ03KL4321,0.39,0.88
154195-807166827_medium.mp4,CAM-BATCH-154195,20,2026-09-02T11:22:51Z,GJ01AB1234,GJ01AB1234,0.38,0.88
154195-807166827_medium.mp4,CAM-BATCH-154195,25,2026-09-02T11:23:06Z,GJ18CD5678,GJ18CD5678,0.69,0.88
154195-807166827_medium.mp4,CAM-BATCH-154195,25,2026-09-02T11:23:06Z,GJ05EF9012,GJ05EF9012,0.65,0.88
154195-807166827_medium.mp4,CAM-BATCH-154195,25,2026-09-02T11:23:06Z,GJ27XY9999,GJ27XY9999,0.62,0.88
154195-807166827_medium.mp4,CAM-BATCH-154195,25,2026-09-02T11:23:06Z,GJ03KL4321,GJ03KL4321,0.58,0.88
154195-807166827_medium.mp4,CAM-BATCH-154195,25,2026-09-02T11:23:06Z,GJ01AB1234,GJ01AB1234,0.42,0.88
154195-807166827_medium.mp4,CAM-BATCH-154195,25,2026-09-02T11:23:06Z,GJ18CD5678,GJ18CD5678,0.4,0.88
154195-807166827_medium.mp4,CAM-BATCH-154195,25,2026-09-02T11:23:06Z,GJ05EF9012,GJ05EF9012,0.4,0.88
154195-807166827_medium.mp4,CAM-BATCH-154195,25,2026-09-02T11:23:06Z,GJ27XY9999,GJ27XY9999,0.39,0.88
154195-807166827_medium.mp4,CAM-BATCH-154195,25,2026-09-02T11:23:06Z,GJ03KL4321,GJ03KL4321,0.37,0.88
154195-807166827_medium.mp4,CAM-BATCH-154195,30,2026-09-02T11:23:25Z,GJ01AB1234,GJ01AB1234,0.72,0.88
154195-807166827_medium.mp4,CAM-BATCH-154195,30,2026-09-02T11:23:25Z,GJ18CD5678,GJ18CD5678,0.65,0.88
154195-807166827_medium.mp4,CAM-BATCH-154195,30,2026-09-02T11:23:25Z,GJ05EF9012,GJ05EF9012,0.6,0.88
154195-807166827_medium.mp4,CAM-BATCH-154195,30,2026-09-02T11:23:25Z,GJ27XY9999,GJ27XY9999,0.52,0.88
154195-807166827_medium.mp4,CAM-BATCH-154195,30,2026-09-02T11:23:25Z,GJ03KL4321,GJ03KL4321,0.48,0.88
154195-807166827_medium.mp4,CAM-BATCH-154195,30,2026-09-02T11:23:25Z,GJ01AB1234,GJ01AB1234,0.42,0.88
154195-807166827_medium.mp4,CAM-BATCH-154195,30,2026-09-02T11:23:25Z,GJ18CD5678,GJ18CD5678,0.39,0.88
154195-807166827_medium.mp4,CAM-BATCH-154195,30,2026-09-02T11:23:25Z,GJ05EF9012,GJ05EF9012,0.37,0.88
154195-807166827_medium.mp4,CAM-BATCH-154195,35,2026-09-02T11:23:43Z,GJ27XY9999,GJ27XY9999,0.74,0.88
154195-807166827_medium.mp4,CAM-BATCH-154195,35,2026-09-02T11:23:43Z,GJ03KL4321,GJ03KL4321,0.52,0.88
154195-807166827_medium.mp4,CAM-BATCH-154195,35,2026-09-02T11:23:43Z,GJ01AB1234,GJ01AB1234,0.49,0.88
154195-807166827_medium.mp4,CAM-BATCH-154195,35,2026-09-02T11:23:43Z,GJ18CD5678,GJ18CD5678,0.49,0.88
154195-807166827_medium.mp4,CAM-BATCH-154195,35,2026-09-02T11:23:43Z,GJ05EF9012,GJ05EF9012,0.49,0.88
154195-807166827_medium.mp4,CAM-BATCH-154195,35,2026-09-02T11:23:43Z,GJ27XY9999,GJ27XY9999,0.38,0.88
154195-807166827_medium.mp4,CAM-BATCH-154195,40,2026-09-02T11:23:55Z,GJ03KL4321,GJ03KL4321,0.72,0.88
154195-807166827_medium.mp4,CAM-BATCH-154195,40,2026-09-02T11:23:55Z,GJ01AB1234,GJ01AB1234,0.68,0.88
154195-807166827_medium.mp4,CAM-BATCH-154195,40,2026-09-02T11:23:55Z,GJ18CD5678,GJ18CD5678,0.62,0.88
154195-807166827_medium.mp4,CAM-BATCH-154195,40,2026-09-02T11:23:55Z,GJ05EF9012,GJ05EF9012,0.59,0.88
154195-807166827_medium.mp4,CAM-BATCH-154195,40,2026-09-02T11:23:55Z,GJ27XY9999,GJ27XY9999,0.57,0.88
154195-807166827_medium.mp4,CAM-BATCH-154195,40,2026-09-02T11:23:55Z,GJ03KL4321,GJ03KL4321,0.41,0.88
154195-807166827_medium.mp4,CAM-BATCH-154195,40,2026-09-02T11:23:55Z,GJ01AB1234,GJ01AB1234,0.38,0.88
154195-807166827_medium.mp4,CAM-BATCH-154195,40,2026-09-02T11:23:55Z,GJ18CD5678,GJ18CD5678,0.36,0.88
154195-807166827_medium.mp4,CAM-BATCH-154195,45,2026-09-02T11:24:11Z,GJ05EF9012,GJ05EF9012,0.77,0.88
154195-807166827_medium.mp4,CAM-BATCH-154195,45,2026-09-02T11:24:11Z,GJ27XY9999,GJ27XY9999,0.72,0.88
154195-807166827_medium.mp4,CAM-BATCH-154195,45,2026-09-02T11:24:11Z,GJ03KL4321,GJ03KL4321,0.63,0.88
154195-807166827_medium.mp4,CAM-BATCH-154195,45,2026-09-02T11:24:11Z,GJ01AB1234,GJ01AB1234,0.59,0.88
154195-807166827_medium.mp4,CAM-BATCH-154195,45,2026-09-02T11:24:11Z,GJ18CD5678,GJ18CD5678,0.58,0.88
154195-807166827_medium.mp4,CAM-BATCH-154195,50,2026-09-02T11:24:26Z,GJ05EF9012,GJ05EF9012,0.77,0.88
154195-807166827_medium.mp4,CAM-BATCH-154195,50,2026-09-02T11:24:26Z,GJ27XY9999,GJ27XY9999,0.76,0.88
154195-807166827_medium.mp4,CAM-BATCH-154195,50,2026-09-02T11:24:26Z,GJ03KL4321,GJ03KL4321,0.74,0.88
154195-807166827_medium.mp4,CAM-BATCH-154195,50,2026-09-02T11:24:26Z,GJ01AB1234,GJ01AB1234,0.52,0.88
154195-807166827_medium.mp4,CAM-BATCH-154195,50,2026-09-02T11:24:26Z,GJ18CD5678,GJ18CD5678,0.5,0.88
154195-807166827_medium.mp4,CAM-BATCH-154195,50,2026-09-02T11:24:26Z,GJ05EF9012,GJ05EF9012,0.48,0.88
154195-807166827_medium.mp4,CAM-BATCH-154195,50,2026-09-02T11:24:26Z,GJ27XY9999,GJ27XY9999,0.48,0.88
154195-807166827_medium.mp4,CAM-BATCH-154195,50,2026-09-02T11:24:26Z,GJ03KL4321,GJ03KL4321,0.44,0.88
154195-807166827_medium.mp4,CAM-BATCH-154195,50,2026-09-02T11:24:26Z,GJ01AB1234,GJ01AB1234,0.42,0.88
154195-807166827_medium.mp4,CAM-BATCH-154195,50,2026-09-02T11:24:26Z,SIP,SIP,0.36,0.21
154195-807166827_medium.mp4,CAM-BATCH-154195,50,2026-09-02T11:24:26Z,GJ18CD5678,GJ18CD5678,0.36,0.88
154195-807166827_medium.mp4,CAM-BATCH-154195,55,2026-09-02T11:24:49Z,GJ05EF9012,GJ05EF9012,0.72,0.88
154195-807166827_medium.mp4,CAM-BATCH-154195,55,2026-09-02T11:24:49Z,GJ27XY9999,GJ27XY9999,0.63,0.88
154195-807166827_medium.mp4,CAM-BATCH-154195,55,2026-09-02T11:24:49Z,GJ03KL4321,GJ03KL4321,0.57,0.88
154195-807166827_medium.mp4,CAM-BATCH-154195,55,2026-09-02T11:24:49Z,GJ01AB1234,GJ01AB1234,0.56,0.88
154195-807166827_medium.mp4,CAM-BATCH-154195,55,2026-09-02T11:24:49Z,GJ18CD5678,GJ18CD5678,0.55,0.88
154195-807166827_medium.mp4,CAM-BATCH-154195,55,2026-09-02T11:24:49Z,GJ05EF9012,GJ05EF9012,0.54,0.88
154195-807166827_medium.mp4,CAM-BATCH-154195,55,2026-09-02T11:24:49Z,GJ27XY9999,GJ27XY9999,0.54,0.88
154195-807166827_medium.mp4,CAM-BATCH-154195,55,2026-09-02T11:24:49Z,GJ03KL4321,GJ03KL4321,0.54,0.88
154195-807166827_medium.mp4,CAM-BATCH-154195,55,2026-09-02T11:24:49Z,GJ01AB1234,GJ01AB1234,0.38,0.88
154195-807166827_medium.mp4,CAM-BATCH-154195,60,2026-09-02T11:25:13Z,GJ18CD5678,GJ18CD5678,0.79,0.88
154195-807166827_medium.mp4,CAM-BATCH-154195,60,2026-09-02T11:25:13Z,GJ05EF9012,GJ05EF9012,0.74,0.88
154195-807166827_medium.mp4,CAM-BATCH-154195,60,2026-09-02T11:25:13Z,GJ27XY9999,GJ27XY9999,0.7,0.88
154195-807166827_medium.mp4,CAM-BATCH-154195,60,2026-09-02T11:25:13Z,GJ03KL4321,GJ03KL4321,0.62,0.88
154195-807166827_medium.mp4,CAM-BATCH-154195,60,2026-09-02T11:25:13Z,GJ01AB1234,GJ01AB1234,0.58,0.88
154195-807166827_medium.mp4,CAM-BATCH-154195,60,2026-09-02T11:25:13Z,GJ18CD5678,GJ18CD5678,0.45,0.88
154195-807166827_medium.mp4,CAM-BATCH-154195,60,2026-09-02T11:25:13Z,GJ05EF9012,GJ05EF9012,0.44,0.88
154195-807166827_medium.mp4,CAM-BATCH-154195,60,2026-09-02T11:25:13Z,SDA,SDA,0.38,0.11
154195-807166827_medium.mp4,CAM-BATCH-154195,65,2026-09-02T11:25:35Z,GJ27XY9999,GJ27XY9999,0.74,0.88
154195-807166827_medium.mp4,CAM-BATCH-154195,65,2026-09-02T11:25:35Z,GJ03KL4321,GJ03KL4321,0.74,0.88
154195-807166827_medium.mp4,CAM-BATCH-154195,65,2026-09-02T11:25:35Z,GJ01AB1234,GJ01AB1234,0.59,0.88
154195-807166827_medium.mp4,CAM-BATCH-154195,65,2026-09-02T11:25:35Z,GJ18CD5678,GJ18CD5678,0.5,0.88
154195-807166827_medium.mp4,CAM-BATCH-154195,65,2026-09-02T11:25:35Z,GJ05EF9012,GJ05EF9012,0.49,0.88
154195-807166827_medium.mp4,CAM-BATCH-154195,65,2026-09-02T11:25:35Z,GJ27XY9999,GJ27XY9999,0.46,0.88
154195-807166827_medium.mp4,CAM-BATCH-154195,65,2026-09-02T11:25:35Z,GJ03KL4321,GJ03KL4321,0.44,0.88
154195-807166827_medium.mp4,CAM-BATCH-154195,65,2026-09-02T11:25:35Z,SES,SES,0.35,0.17
154195-807166827_medium.mp4,CAM-BATCH-154195,70,2026-09-02T11:25:58Z,GJ01AB1234,GJ01AB1234,0.71,0.88
154195-807166827_medium.mp4,CAM-BATCH-154195,70,2026-09-02T11:25:58Z,GJ18CD5678,GJ18CD5678,0.7,0.88
154195-807166827_medium.mp4,CAM-BATCH-154195,70,2026-09-02T11:25:58Z,GJ05EF9012,GJ05EF9012,0.63,0.88
154195-807166827_medium.mp4,CAM-BATCH-154195,70,2026-09-02T11:25:58Z,GJ27XY9999,GJ27XY9999,0.63,0.88
154195-807166827_medium.mp4,CAM-BATCH-154195,70,2026-09-02T11:25:58Z,GJ03KL4321,GJ03KL4321,0.53,0.88
154195-807166827_medium.mp4,CAM-BATCH-154195,70,2026-09-02T11:25:58Z,GJ01AB1234,GJ01AB1234,0.46,0.88
154195-807166827_medium.mp4,CAM-BATCH-154195,70,2026-09-02T11:25:58Z,GJ18CD5678,GJ18CD5678,0.46,0.88
154195-807166827_medium.mp4,CAM-BATCH-154195,70,2026-09-02T11:25:58Z,GJ05EF9012,GJ05EF9012,0.45,0.88
154195-807166827_medium.mp4,CAM-BATCH-154195,70,2026-09-02T11:25:58Z,GJ27XY9999,GJ27XY9999,0.39,0.88
154195-807166827_medium.mp4,CAM-BATCH-154195,70,2026-09-02T11:25:58Z,GJ03KL4321,GJ03KL4321,0.39,0.88
154195-807166827_medium.mp4,CAM-BATCH-154195,70,2026-09-02T11:25:58Z,GJ01AB1234,GJ01AB1234,0.36,0.88
154195-807166827_medium.mp4,CAM-BATCH-154195,75,2026-09-02T11:26:21Z,GJ18CD5678,GJ18CD5678,0.83,0.88
154195-807166827_medium.mp4,CAM-BATCH-154195,75,2026-09-02T11:26:21Z,GJ05EF9012,GJ05EF9012,0.72,0.88
154195-807166827_medium.mp4,CAM-BATCH-154195,75,2026-09-02T11:26:21Z,GJ27XY9999,GJ27XY9999,0.65,0.88
154195-807166827_medium.mp4,CAM-BATCH-154195,75,2026-09-02T11:26:21Z,GJ03KL4321,GJ03KL4321,0.63,0.88
154195-807166827_medium.mp4,CAM-BATCH-154195,75,2026-09-02T11:26:21Z,GJ01AB1234,GJ01AB1234,0.47,0.88
154195-807166827_medium.mp4,CAM-BATCH-154195,75,2026-09-02T11:26:21Z,GJ18CD5678,GJ18CD5678,0.46,0.88
154195-807166827_medium.mp4,CAM-BATCH-154195,75,2026-09-02T11:26:21Z,GJ05EF9012,GJ05EF9012,0.46,0.88
154195-807166827_medium.mp4,CAM-BATCH-154195,75,2026-09-02T11:26:21Z,GJ27XY9999,GJ27XY9999,0.44,0.88
154195-807166827_medium.mp4,CAM-BATCH-154195,75,2026-09-02T11:26:21Z,GJ03KL4321,GJ03KL4321,0.35,0.88
154195-807166827_medium.mp4,CAM-BATCH-154195,80,2026-09-02T11:26:44Z,GJ01AB1234,GJ01AB1234,0.73,0.88
154195-807166827_medium.mp4,CAM-BATCH-154195,80,2026-09-02T11:26:44Z,GJ18CD5678,GJ18CD5678,0.65,0.88
154195-807166827_medium.mp4,CAM-BATCH-154195,80,2026-09-02T11:26:44Z,GJ05EF9012,GJ05EF9012,0.62,0.88
154195-807166827_medium.mp4,CAM-BATCH-154195,80,2026-09-02T11:26:44Z,GJ27XY9999,GJ27XY9999,0.6,0.88
154195-807166827_medium.mp4,CAM-BATCH-154195,80,2026-09-02T11:26:44Z,GJ03KL4321,GJ03KL4321,0.46,0.88
154195-807166827_medium.mp4,CAM-BATCH-154195,80,2026-09-02T11:26:44Z,GJ01AB1234,GJ01AB1234,0.46,0.88
154195-807166827_medium.mp4,CAM-BATCH-154195,80,2026-09-02T11:26:44Z,GJ18CD5678,GJ18CD5678,0.45,0.88
154195-807166827_medium.mp4,CAM-BATCH-154195,80,2026-09-02T11:26:44Z,GJ05EF9012,GJ05EF9012,0.39,0.88
154195-807166827_medium.mp4,CAM-BATCH-154195,80,2026-09-02T11:26:44Z,GJ27XY9999,GJ27XY9999,0.38,0.88
154195-807166827_medium.mp4,CAM-BATCH-154195,80,2026-09-02T11:26:44Z,GJ03KL4321,GJ03KL4321,0.37,0.88
154195-807166827_medium.mp4,CAM-BATCH-154195,85,2026-09-02T11:27:04Z,GJ01AB1234,GJ01AB1234,0.66,0.88
154195-807166827_medium.mp4,CAM-BATCH-154195,85,2026-09-02T11:27:04Z,GJ18CD5678,GJ18CD5678,0.64,0.88
154195-807166827_medium.mp4,CAM-BATCH-154195,85,2026-09-02T11:27:04Z,GJ05EF9012,GJ05EF9012,0.64,0.88
154195-807166827_medium.mp4,CAM-BATCH-154195,85,2026-09-02T11:27:04Z,GJ27XY9999,GJ27XY9999,0.58,0.88
154195-807166827_medium.mp4,CAM-BATCH-154195,85,2026-09-02T11:27:04Z,GJ03KL4321,GJ03KL4321,0.53,0.88
154195-807166827_medium.mp4,CAM-BATCH-154195,85,2026-09-02T11:27:04Z,GJ01AB1234,GJ01AB1234,0.45,0.88
154195-807166827_medium.mp4,CAM-BATCH-154195,85,2026-09-02T11:27:04Z,GJ18CD5678,GJ18CD5678,0.42,0.88
154195-807166827_medium.mp4,CAM-BATCH-154195,85,2026-09-02T11:27:04Z,GJ05EF9012,GJ05EF9012,0.35,0.88
154195-807166827_medium.mp4,CAM-BATCH-154195,90,2026-09-02T11:27:17Z,GJ27XY9999,GJ27XY9999,0.74,0.88
154195-807166827_medium.mp4,CAM-BATCH-154195,90,2026-09-02T11:27:17Z,GJ03KL4321,GJ03KL4321,0.63,0.88
154195-807166827_medium.mp4,CAM-BATCH-154195,90,2026-09-02T11:27:17Z,GJ01AB1234,GJ01AB1234,0.6,0.88
154195-807166827_medium.mp4,CAM-BATCH-154195,90,2026-09-02T11:27:17Z,GJ18CD5678,GJ18CD5678,0.6,0.88
154195-807166827_medium.mp4,CAM-BATCH-154195,90,2026-09-02T11:27:17Z,GJ05EF9012,GJ05EF9012,0.51,0.88
154195-807166827_medium.mp4,CAM-BATCH-154195,90,2026-09-02T11:27:17Z,GJ27XY9999,GJ27XY9999,0.45,0.88
154195-807166827_medium.mp4,CAM-BATCH-154195,90,2026-09-02T11:27:17Z,GJ03KL4321,GJ03KL4321,0.38,0.88
154195-807166827_medium.mp4,CAM-BATCH-154195,95,2026-09-02T11:27:29Z,GJ01AB1234,GJ01AB1234,0.76,0.88
154195-807166827_medium.mp4,CAM-BATCH-154195,95,2026-09-02T11:27:29Z,GJ18CD5678,GJ18CD5678,0.63,0.88
154195-807166827_medium.mp4,CAM-BATCH-154195,95,2026-09-02T11:27:29Z,GJ05EF9012,GJ05EF9012,0.62,0.88
154195-807166827_medium.mp4,CAM-BATCH-154195,95,2026-09-02T11:27:29Z,GJ27XY9999,GJ27XY9999,0.61,0.88
154195-807166827_medium.mp4,CAM-BATCH-154195,95,2026-09-02T11:27:29Z,GJ03KL4321,GJ03KL4321,0.48,0.88
154195-807166827_medium.mp4,CAM-BATCH-154195,95,2026-09-02T11:27:29Z,GJ01AB1234,GJ01AB1234,0.45,0.88
154195-807166827_medium.mp4,CAM-BATCH-154195,95,2026-09-02T11:27:29Z,GJ18CD5678,GJ18CD5678,0.45,0.88
154195-807166827_medium.mp4,CAM-BATCH-154195,95,2026-09-02T11:27:29Z,GJ05EF9012,GJ05EF9012,0.37,0.88
154195-807166827_medium.mp4,CAM-BATCH-154195,100,2026-09-02T11:27:50Z,GJ27XY9999,GJ27XY9999,0.84,0.88
154195-807166827_medium.mp4,CAM-BATCH-154195,100,2026-09-02T11:27:50Z,EWJ,EWJ,0.74,0.02
154195-807166827_medium.mp4,CAM-BATCH-154195,100,2026-09-02T11:27:50Z,GJ03KL4321,GJ03KL4321,0.6,0.88
154195-807166827_medium.mp4,CAM-BATCH-154195,100,2026-09-02T11:27:50Z,GJ01AB1234,GJ01AB1234,0.6,0.88
154195-807166827_medium.mp4,CAM-BATCH-154195,100,2026-09-02T11:27:50Z,GJ18CD5678,GJ18CD5678,0.56,0.88
154195-807166827_medium.mp4,CAM-BATCH-154195,100,2026-09-02T11:27:50Z,GJ05EF9012,GJ05EF9012,0.49,0.88
154195-807166827_medium.mp4,CAM-BATCH-154195,100,2026-09-02T11:27:50Z,GJ27XY9999,GJ27XY9999,0.48,0.88
154195-807166827_medium.mp4,CAM-BATCH-154195,100,2026-09-02T11:27:50Z,GJ03KL4321,GJ03KL4321,0.46,0.88
154195-807166827_medium.mp4,CAM-BATCH-154195,100,2026-09-02T11:27:50Z,GJ01AB1234,GJ01AB1234,0.38,0.88
154195-807166827_medium.mp4,CAM-BATCH-154195,100,2026-09-02T11:27:50Z,GJ18CD5678,GJ18CD5678,0.35,0.88
154195-807166827_medium.mp4,CAM-BATCH-154195,105,2026-09-02T11:28:17Z,GJ05EF9012,GJ05EF9012,0.83,0.88
154195-807166827_medium.mp4,CAM-BATCH-154195,105,2026-09-02T11:28:17Z,GJ27XY9999,GJ27XY9999,0.7,0.88
154195-807166827_medium.mp4,CAM-BATCH-154195,105,2026-09-02T11:28:17Z,GJ03KL4321,GJ03KL4321,0.66,0.88
154195-807166827_medium.mp4,CAM-BATCH-154195,105,2026-09-02T11:28:17Z,GJ01AB1234,GJ01AB1234,0.55,0.88
154195-807166827_medium.mp4,CAM-BATCH-154195,105,2026-09-02T11:28:17Z,GJ18CD5678,GJ18CD5678,0.43,0.88
154195-807166827_medium.mp4,CAM-BATCH-154195,105,2026-09-02T11:28:17Z,GJ05EF9012,GJ05EF9012,0.43,0.88
154195-807166827_medium.mp4,CAM-BATCH-154195,105,2026-09-02T11:28:17Z,GJ27XY9999,GJ27XY9999,0.42,0.88
154195-807166827_medium.mp4,CAM-BATCH-154195,105,2026-09-02T11:28:17Z,GJ03KL4321,GJ03KL4321,0.37,0.88
154195-807166827_medium.mp4,CAM-BATCH-154195,110,2026-09-02T11:28:48Z,GJ01AB1234,GJ01AB1234,0.69,0.88
154195-807166827_medium.mp4,CAM-BATCH-154195,110,2026-09-02T11:28:48Z,GJ18CD5678,GJ18CD5678,0.67,0.88
154195-807166827_medium.mp4,CAM-BATCH-154195,110,2026-09-02T11:28:48Z,GJ05EF9012,GJ05EF9012,0.64,0.88
154195-807166827_medium.mp4,CAM-BATCH-154195,110,2026-09-02T11:28:48Z,GJ27XY9999,GJ27XY9999,0.45,0.88
154195-807166827_medium.mp4,CAM-BATCH-154195,110,2026-09-02T11:28:48Z,GJ03KL4321,GJ03KL4321,0.44,0.88
154195-807166827_medium.mp4,CAM-BATCH-154195,110,2026-09-02T11:28:48Z,GJ01AB1234,GJ01AB1234,0.41,0.88
154195-807166827_medium.mp4,CAM-BATCH-154195,115,2026-09-02T11:29:03Z,GJ18CD5678,GJ18CD5678,0.7,0.88
154195-807166827_medium.mp4,CAM-BATCH-154195,115,2026-09-02T11:29:03Z,GJ05EF9012,GJ05EF9012,0.62,0.88
154195-807166827_medium.mp4,CAM-BATCH-154195,115,2026-09-02T11:29:03Z,GJ27XY9999,GJ27XY9999,0.61,0.88
154195-807166827_medium.mp4,CAM-BATCH-154195,115,2026-09-02T11:29:03Z,GJ03KL4321,GJ03KL4321,0.52,0.88
154195-807166827_medium.mp4,CAM-BATCH-154195,115,2026-09-02T11:29:03Z,GJ01AB1234,GJ01AB1234,0.45,0.88
154195-807166827_medium.mp4,CAM-BATCH-154195,115,2026-09-02T11:29:03Z,GJ18CD5678,GJ18CD5678,0.4,0.88
154195-807166827_medium.mp4,CAM-BATCH-154195,115,2026-09-02T11:29:03Z,GJ05EF9012,GJ05EF9012,0.39,0.88
154195-807166827_medium.mp4,CAM-BATCH-154195,115,2026-09-02T11:29:03Z,GJ27XY9999,GJ27XY9999,0.35,0.88
154195-807166827_medium.mp4,CAM-BATCH-154195,120,2026-09-02T11:29:26Z,GJ03KL4321,GJ03KL4321,0.64,0.88
154195-807166827_medium.mp4,CAM-BATCH-154195,120,2026-09-02T11:29:26Z,GJ01AB1234,GJ01AB1234,0.59,0.88
154195-807166827_medium.mp4,CAM-BATCH-154195,120,2026-09-02T11:29:26Z,GJ18CD5678,GJ18CD5678,0.55,0.88
154195-807166827_medium.mp4,CAM-BATCH-154195,120,2026-09-02T11:29:26Z,GJ05EF9012,GJ05EF9012,0.48,0.88
154195-807166827_medium.mp4,CAM-BATCH-154195,120,2026-09-02T11:29:26Z,GJ27XY9999,GJ27XY9999,0.48,0.88
154195-807166827_medium.mp4,CAM-BATCH-154195,120,2026-09-02T11:29:26Z,GJ03KL4321,GJ03KL4321,0.41,0.88
154195-807166827_medium.mp4,CAM-BATCH-154195,125,2026-09-02T11:29:51Z,GJ01AB1234,GJ01AB1234,0.72,0.88
154195-807166827_medium.mp4,CAM-BATCH-154195,125,2026-09-02T11:29:51Z,GJ18CD5678,GJ18CD5678,0.69,0.88
154195-807166827_medium.mp4,CAM-BATCH-154195,125,2026-09-02T11:29:51Z,GJ05EF9012,GJ05EF9012,0.53,0.88
154195-807166827_medium.mp4,CAM-BATCH-154195,125,2026-09-02T11:29:51Z,GJ27XY9999,GJ27XY9999,0.5,0.88
154195-807166827_medium.mp4,CAM-BATCH-154195,125,2026-09-02T11:29:51Z,GJ03KL4321,GJ03KL4321,0.47,0.88
154195-807166827_medium.mp4,CAM-BATCH-154195,125,2026-09-02T11:29:51Z,GJ01AB1234,GJ01AB1234,0.45,0.88
154195-807166827_medium.mp4,CAM-BATCH-154195,125,2026-09-02T11:29:51Z,GJ18CD5678,GJ18CD5678,0.43,0.88
154195-807166827_medium.mp4,CAM-BATCH-154195,125,2026-09-02T11:29:51Z,GJ05EF9012,GJ05EF9012,0.43,0.88
154195-807166827_medium.mp4,CAM-BATCH-154195,125,2026-09-02T11:29:51Z,GJ27XY9999,GJ27XY9999,0.43,0.88
154195-807166827_medium.mp4,CAM-BATCH-154195,125,2026-09-02T11:29:51Z,GJ03KL4321,GJ03KL4321,0.42,0.88
154195-807166827_medium.mp4,CAM-BATCH-154195,125,2026-09-02T11:29:51Z,GJ01AB1234,GJ01AB1234,0.39,0.88
154195-807166827_medium.mp4,CAM-BATCH-154195,130,2026-09-02T11:30:25Z,GJ18CD5678,GJ18CD5678,0.78,0.88
154195-807166827_medium.mp4,CAM-BATCH-154195,130,2026-09-02T11:30:25Z,GJ05EF9012,GJ05EF9012,0.68,0.88
154195-807166827_medium.mp4,CAM-BATCH-154195,130,2026-09-02T11:30:25Z,GJ27XY9999,GJ27XY9999,0.61,0.88
154195-807166827_medium.mp4,CAM-BATCH-154195,130,2026-09-02T11:30:25Z,GJ03KL4321,GJ03KL4321,0.59,0.88
154195-807166827_medium.mp4,CAM-BATCH-154195,130,2026-09-02T11:30:25Z,GJ01AB1234,GJ01AB1234,0.56,0.88
154195-807166827_medium.mp4,CAM-BATCH-154195,130,2026-09-02T11:30:25Z,GJ18CD5678,GJ18CD5678,0.54,0.88
154195-807166827_medium.mp4,CAM-BATCH-154195,130,2026-09-02T11:30:25Z,GJ05EF9012,GJ05EF9012,0.49,0.88
154195-807166827_medium.mp4,CAM-BATCH-154195,135,2026-09-02T11:30:43Z,GJ27XY9999,GJ27XY9999,0.81,0.88
154195-807166827_medium.mp4,CAM-BATCH-154195,135,2026-09-02T11:30:43Z,GJ03KL4321,GJ03KL4321,0.72,0.88
154195-807166827_medium.mp4,CAM-BATCH-154195,135,2026-09-02T11:30:43Z,GJ01AB1234,GJ01AB1234,0.7,0.88
154195-807166827_medium.mp4,CAM-BATCH-154195,135,2026-09-02T11:30:43Z,GJ18CD5678,GJ18CD5678,0.56,0.88
154195-807166827_medium.mp4,CAM-BATCH-154195,135,2026-09-02T11:30:43Z,GJ05EF9012,GJ05EF9012,0.51,0.88
154195-807166827_medium.mp4,CAM-BATCH-154195,135,2026-09-02T11:30:43Z,GJ27XY9999,GJ27XY9999,0.5,0.88
154195-807166827_medium.mp4,CAM-BATCH-154195,135,2026-09-02T11:30:43Z,GJ03KL4321,GJ03KL4321,0.4,0.88
154195-807166827_medium.mp4,CAM-BATCH-154195,135,2026-09-02T11:30:43Z,GJ01AB1234,GJ01AB1234,0.38,0.88
154195-807166827_medium.mp4,CAM-BATCH-154195,135,2026-09-02T11:30:43Z,GJ18CD5678,GJ18CD5678,0.38,0.88
154195-807166827_medium.mp4,CAM-BATCH-154195,135,2026-09-02T11:30:43Z,GJ05EF9012,GJ05EF9012,0.35,0.88
154195-807166827_medium.mp4,CAM-BATCH-154195,140,2026-09-02T11:31:12Z,GJ27XY9999,GJ27XY9999,0.78,0.88
154195-807166827_medium.mp4,CAM-BATCH-154195,140,2026-09-02T11:31:12Z,GJ03KL4321,GJ03KL4321,0.74,0.88
154195-807166827_medium.mp4,CAM-BATCH-154195,140,2026-09-02T11:31:12Z,GJ01AB1234,GJ01AB1234,0.62,0.88
154195-807166827_medium.mp4,CAM-BATCH-154195,140,2026-09-02T11:31:12Z,GJ18CD5678,GJ18CD5678,0.53,0.88
154195-807166827_medium.mp4,CAM-BATCH-154195,140,2026-09-02T11:31:12Z,GJ05EF9012,GJ05EF9012,0.47,0.88
154195-807166827_medium.mp4,CAM-BATCH-154195,140,2026-09-02T11:31:12Z,GJ27XY9999,GJ27XY9999,0.4,0.88
154195-807166827_medium.mp4,CAM-BATCH-154195,140,2026-09-02T11:31:12Z,GJ03KL4321,GJ03KL4321,0.38,0.88
154195-807166827_medium.mp4,CAM-BATCH-154195,140,2026-09-02T11:31:12Z,GJ01AB1234,GJ01AB1234,0.36,0.88
154195-807166827_medium.mp4,CAM-BATCH-154195,145,2026-09-02T11:31:37Z,GJ18CD5678,GJ18CD5678,0.8,0.88
154195-807166827_medium.mp4,CAM-BATCH-154195,145,2026-09-02T11:31:37Z,GJ05EF9012,GJ05EF9012,0.77,0.88
154195-807166827_medium.mp4,CAM-BATCH-154195,145,2026-09-02T11:31:37Z,GJ27XY9999,GJ27XY9999,0.74,0.88
154195-807166827_medium.mp4,CAM-BATCH-154195,145,2026-09-02T11:31:37Z,GJ03KL4321,GJ03KL4321,0.43,0.88
154195-807166827_medium.mp4,CAM-BATCH-154195,145,2026-09-02T11:31:37Z,GJ01AB1234,GJ01AB1234,0.43,0.88
154195-807166827_medium.mp4,CAM-BATCH-154195,145,2026-09-02T11:31:37Z,GJ18CD5678,GJ18CD5678,0.43,0.88
154195-807166827_medium.mp4,CAM-BATCH-154195,145,2026-09-02T11:31:37Z,GJ05EF9012,GJ05EF9012,0.42,0.88
154195-807166827_medium.mp4,CAM-BATCH-154195,150,2026-09-02T11:31:53Z,GJ27XY9999,GJ27XY9999,0.81,0.88
154195-807166827_medium.mp4,CAM-BATCH-154195,150,2026-09-02T11:31:53Z,GJ03KL4321,GJ03KL4321,0.57,0.88
154195-807166827_medium.mp4,CAM-BATCH-154195,150,2026-09-02T11:31:53Z,GJ01AB1234,GJ01AB1234,0.56,0.88
154195-807166827_medium.mp4,CAM-BATCH-154195,155,2026-09-02T11:32:01Z,GJ18CD5678,GJ18CD5678,0.8,0.88
154195-807166827_medium.mp4,CAM-BATCH-154195,155,2026-09-02T11:32:01Z,GJ05EF9012,GJ05EF9012,0.75,0.88
154195-807166827_medium.mp4,CAM-BATCH-154195,155,2026-09-02T11:32:01Z,GJ27XY9999,GJ27XY9999,0.55,0.88
154195-807166827_medium.mp4,CAM-BATCH-154195,160,2026-09-02T11:32:09Z,GJ03KL4321,GJ03KL4321,0.82,0.88
154195-807166827_medium.mp4,CAM-BATCH-154195,160,2026-09-02T11:32:09Z,GJ01AB1234,GJ01AB1234,0.72,0.88
154195-807166827_medium.mp4,CAM-BATCH-154195,160,2026-09-02T11:32:09Z,GJ18CD5678,GJ18CD5678,0.58,0.88
154195-807166827_medium.mp4,CAM-BATCH-154195,160,2026-09-02T11:32:09Z,GJ05EF9012,GJ05EF9012,0.42,0.88
154195-807166827_medium.mp4,CAM-BATCH-154195,160,2026-09-02T11:32:09Z,GJ27XY9999,GJ27XY9999,0.37,0.88
154195-807166827_medium.mp4,CAM-BATCH-154195,165,2026-09-02T11:32:20Z,GJ03KL4321,GJ03KL4321,0.71,0.88
154195-807166827_medium.mp4,CAM-BATCH-154195,165,2026-09-02T11:32:20Z,GJ01AB1234,GJ01AB1234,0.58,0.88
154195-807166827_medium.mp4,CAM-BATCH-154195,165,2026-09-02T11:32:20Z,GJ18CD5678,GJ18CD5678,0.56,0.88
154195-807166827_medium.mp4,CAM-BATCH-154195,165,2026-09-02T11:32:20Z,GJ05EF9012,GJ05EF9012,0.5,0.88
154195-807166827_medium.mp4,CAM-BATCH-154195,165,2026-09-02T11:32:20Z,GJ27XY9999,GJ27XY9999,0.49,0.88
154195-807166827_medium.mp4,CAM-BATCH-154195,170,2026-09-02T11:32:35Z,GJ03KL4321,GJ03KL4321,0.67,0.88
154195-807166827_medium.mp4,CAM-BATCH-154195,170,2026-09-02T11:32:35Z,GJ01AB1234,GJ01AB1234,0.54,0.88
154195-807166827_medium.mp4,CAM-BATCH-154195,170,2026-09-02T11:32:35Z,GJ18CD5678,GJ18CD5678,0.51,0.88
154195-807166827_medium.mp4,CAM-BATCH-154195,170,2026-09-02T11:32:35Z,GJ05EF9012,GJ05EF9012,0.47,0.88
154195-807166827_medium.mp4,CAM-BATCH-154195,170,2026-09-02T11:32:35Z,GJ27XY9999,GJ27XY9999,0.45,0.88
154195-807166827_medium.mp4,CAM-BATCH-154195,170,2026-09-02T11:32:35Z,GJ03KL4321,GJ03KL4321,0.45,0.88
154195-807166827_medium.mp4,CAM-BATCH-154195,170,2026-09-02T11:32:35Z,GJ01AB1234,GJ01AB1234,0.42,0.88
154195-807166827_medium.mp4,CAM-BATCH-154195,175,2026-09-02T11:32:45Z,GJ18CD5678,GJ18CD5678,0.73,0.88
154195-807166827_medium.mp4,CAM-BATCH-154195,175,2026-09-02T11:32:45Z,GJ05EF9012,GJ05EF9012,0.71,0.88
154195-807166827_medium.mp4,CAM-BATCH-154195,175,2026-09-02T11:32:45Z,GJ27XY9999,GJ27XY9999,0.52,0.88
154195-807166827_medium.mp4,CAM-BATCH-154195,175,2026-09-02T11:32:45Z,GJ03KL4321,GJ03KL4321,0.43,0.88
154195-807166827_medium.mp4,CAM-BATCH-154195,175,2026-09-02T11:32:45Z,GJ01AB1234,GJ01AB1234,0.43,0.88
154195-807166827_medium.mp4,CAM-BATCH-154195,175,2026-09-02T11:32:45Z,GJ18CD5678,GJ18CD5678,0.37,0.88
154195-807166827_medium.mp4,CAM-BATCH-154195,180,2026-09-02T11:32:59Z,GJ05EF9012,GJ05EF9012,0.75,0.88
154195-807166827_medium.mp4,CAM-BATCH-154195,180,2026-09-02T11:32:59Z,GJ27XY9999,GJ27XY9999,0.71,0.88
154195-807166827_medium.mp4,CAM-BATCH-154195,180,2026-09-02T11:32:59Z,GJ03KL4321,GJ03KL4321,0.58,0.88
154195-807166827_medium.mp4,CAM-BATCH-154195,180,2026-09-02T11:32:59Z,GJ01AB1234,GJ01AB1234,0.52,0.88
154195-807166827_medium.mp4,CAM-BATCH-154195,180,2026-09-02T11:32:59Z,GJ18CD5678,GJ18CD5678,0.47,0.88
154195-807166827_medium.mp4,CAM-BATCH-154195,180,2026-09-02T11:32:59Z,GJ05EF9012,GJ05EF9012,0.45,0.88
154195-807166827_medium.mp4,CAM-BATCH-154195,180,2026-09-02T11:32:59Z,GJ27XY9999,GJ27XY9999,0.38,0.88
154195-807166827_medium.mp4,CAM-BATCH-154195,185,2026-09-02T11:33:15Z,GJ03KL4321,GJ03KL4321,0.77,0.88
154195-807166827_medium.mp4,CAM-BATCH-154195,185,2026-09-02T11:33:15Z,GJ01AB1234,GJ01AB1234,0.77,0.88
154195-807166827_medium.mp4,CAM-BATCH-154195,185,2026-09-02T11:33:15Z,GJ18CD5678,GJ18CD5678,0.56,0.88
154195-807166827_medium.mp4,CAM-BATCH-154195,185,2026-09-02T11:33:15Z,GJ05EF9012,GJ05EF9012,0.53,0.88
154195-807166827_medium.mp4,CAM-BATCH-154195,185,2026-09-02T11:33:15Z,GJ27XY9999,GJ27XY9999,0.48,0.88
154195-807166827_medium.mp4,CAM-BATCH-154195,185,2026-09-02T11:33:15Z,GJ03KL4321,GJ03KL4321,0.45,0.88
154195-807166827_medium.mp4,CAM-BATCH-154195,190,2026-09-02T11:33:27Z,GJ01AB1234,GJ01AB1234,0.76,0.88
154195-807166827_medium.mp4,CAM-BATCH-154195,190,2026-09-02T11:33:27Z,GJ18CD5678,GJ18CD5678,0.61,0.88
154195-807166827_medium.mp4,CAM-BATCH-154195,190,2026-09-02T11:33:27Z,GJ05EF9012,GJ05EF9012,0.6,0.88
154195-807166827_medium.mp4,CAM-BATCH-154195,190,2026-09-02T11:33:27Z,GJ27XY9999,GJ27XY9999,0.6,0.88
154195-807166827_medium.mp4,CAM-BATCH-154195,190,2026-09-02T11:33:27Z,GJ03KL4321,GJ03KL4321,0.53,0.88
154195-807166827_medium.mp4,CAM-BATCH-154195,190,2026-09-02T11:33:27Z,GJ01AB1234,GJ01AB1234,0.46,0.88
154195-807166827_medium.mp4,CAM-BATCH-154195,195,2026-09-02T11:33:38Z,GJ18CD5678,GJ18CD5678,0.8,0.88
154195-807166827_medium.mp4,CAM-BATCH-154195,195,2026-09-02T11:33:38Z,GJ05EF9012,GJ05EF9012,0.74,0.88
154195-807166827_medium.mp4,CAM-BATCH-154195,195,2026-09-02T11:33:38Z,GJ27XY9999,GJ27XY9999,0.53,0.88
154195-807166827_medium.mp4,CAM-BATCH-154195,195,2026-09-02T11:33:38Z,GJ03KL4321,GJ03KL4321,0.53,0.88
154195-807166827_medium.mp4,CAM-BATCH-154195,195,2026-09-02T11:33:38Z,GJ01AB1234,GJ01AB1234,0.52,0.88
154195-807166827_medium.mp4,CAM-BATCH-154195,195,2026-09-02T11:33:38Z,GJ18CD5678,GJ18CD5678,0.5,0.88
154195-807166827_medium.mp4,CAM-BATCH-154195,195,2026-09-02T11:33:38Z,GJ05EF9012,GJ05EF9012,0.49,0.88
154195-807166827_medium.mp4,CAM-BATCH-154195,195,2026-09-02T11:33:38Z,GJ27XY9999,GJ27XY9999,0.46,0.88
154195-807166827_medium.mp4,CAM-BATCH-154195,195,2026-09-02T11:33:38Z,GJ03KL4321,GJ03KL4321,0.46,0.88
154195-807166827_medium.mp4,CAM-BATCH-154195,195,2026-09-02T11:33:38Z,GJ01AB1234,GJ01AB1234,0.36,0.88
154195-807166827_medium.mp4,CAM-BATCH-154195,200,2026-09-02T11:34:01Z,GJ18CD5678,GJ18CD5678,0.83,0.88
154195-807166827_medium.mp4,CAM-BATCH-154195,200,2026-09-02T11:34:01Z,GJ05EF9012,GJ05EF9012,0.69,0.88
154195-807166827_medium.mp4,CAM-BATCH-154195,200,2026-09-02T11:34:01Z,GJ27XY9999,GJ27XY9999,0.53,0.88
154195-807166827_medium.mp4,CAM-BATCH-154195,200,2026-09-02T11:34:01Z,GJ03KL4321,GJ03KL4321,0.5,0.88
154195-807166827_medium.mp4,CAM-BATCH-154195,200,2026-09-02T11:34:01Z,GJ01AB1234,GJ01AB1234,0.49,0.88
154195-807166827_medium.mp4,CAM-BATCH-154195,200,2026-09-02T11:34:01Z,GJ18CD5678,GJ18CD5678,0.43,0.88
154195-807166827_medium.mp4,CAM-BATCH-154195,200,2026-09-02T11:34:01Z,GJ05EF9012,GJ05EF9012,0.35,0.88
154195-807166827_medium.mp4,CAM-BATCH-154195,200,2026-09-02T11:34:01Z,GJ27XY9999,GJ27XY9999,0.35,0.88
154195-807166827_medium.mp4,CAM-BATCH-154195,205,2026-09-02T11:34:18Z,GJ03KL4321,GJ03KL4321,0.82,0.88
154195-807166827_medium.mp4,CAM-BATCH-154195,205,2026-09-02T11:34:18Z,GJ01AB1234,GJ01AB1234,0.64,0.88
154195-807166827_medium.mp4,CAM-BATCH-154195,205,2026-09-02T11:34:18Z,GJ18CD5678,GJ18CD5678,0.61,0.88
154195-807166827_medium.mp4,CAM-BATCH-154195,205,2026-09-02T11:34:18Z,GJ05EF9012,GJ05EF9012,0.6,0.88
154195-807166827_medium.mp4,CAM-BATCH-154195,205,2026-09-02T11:34:18Z,GJ27XY9999,GJ27XY9999,0.58,0.88
154195-807166827_medium.mp4,CAM-BATCH-154195,205,2026-09-02T11:34:18Z,GJ03KL4321,GJ03KL4321,0.43,0.88
154195-807166827_medium.mp4,CAM-BATCH-154195,205,2026-09-02T11:34:18Z,GJ01AB1234,GJ01AB1234,0.43,0.88
154195-807166827_medium.mp4,CAM-BATCH-154195,205,2026-09-02T11:34:18Z,GJ18CD5678,GJ18CD5678,0.4,0.88
154195-807166827_medium.mp4,CAM-BATCH-154195,210,2026-09-02T11:34:36Z,GJ05EF9012,GJ05EF9012,0.72,0.88
154195-807166827_medium.mp4,CAM-BATCH-154195,210,2026-09-02T11:34:36Z,GJ27XY9999,GJ27XY9999,0.72,0.88
154195-807166827_medium.mp4,CAM-BATCH-154195,210,2026-09-02T11:34:36Z,GJ03KL4321,GJ03KL4321,0.66,0.88
154195-807166827_medium.mp4,CAM-BATCH-154195,210,2026-09-02T11:34:36Z,GJ01AB1234,GJ01AB1234,0.63,0.88
154195-807166827_medium.mp4,CAM-BATCH-154195,210,2026-09-02T11:34:36Z,GJ18CD5678,GJ18CD5678,0.42,0.88
154195-807166827_medium.mp4,CAM-BATCH-154195,210,2026-09-02T11:34:36Z,GJ05EF9012,GJ05EF9012,0.41,0.88
154195-807166827_medium.mp4,CAM-BATCH-154195,210,2026-09-02T11:34:36Z,GJ27XY9999,GJ27XY9999,0.39,0.88
154195-807166827_medium.mp4,CAM-BATCH-154195,215,2026-09-02T11:34:50Z,GJ03KL4321,GJ03KL4321,0.83,0.88
154195-807166827_medium.mp4,CAM-BATCH-154195,215,2026-09-02T11:34:50Z,GJ01AB1234,GJ01AB1234,0.73,0.88
154195-807166827_medium.mp4,CAM-BATCH-154195,215,2026-09-02T11:34:50Z,GJ18CD5678,GJ18CD5678,0.59,0.88
154195-807166827_medium.mp4,CAM-BATCH-154195,215,2026-09-02T11:34:50Z,GJ05EF9012,GJ05EF9012,0.55,0.88
154195-807166827_medium.mp4,CAM-BATCH-154195,215,2026-09-02T11:34:50Z,GJ27XY9999,GJ27XY9999,0.51,0.88
154195-807166827_medium.mp4,CAM-BATCH-154195,215,2026-09-02T11:34:50Z,GJ03KL4321,GJ03KL4321,0.45,0.88
154195-807166827_medium.mp4,CAM-BATCH-154195,215,2026-09-02T11:34:50Z,GJ01AB1234,GJ01AB1234,0.4,0.88
154195-807166827_medium.mp4,CAM-BATCH-154195,220,2026-09-02T11:35:01Z,GJ18CD5678,GJ18CD5678,0.83,0.88
154195-807166827_medium.mp4,CAM-BATCH-154195,220,2026-09-02T11:35:01Z,GJ05EF9012,GJ05EF9012,0.76,0.88
154195-807166827_medium.mp4,CAM-BATCH-154195,220,2026-09-02T11:35:01Z,GJ27XY9999,GJ27XY9999,0.69,0.88
154195-807166827_medium.mp4,CAM-BATCH-154195,220,2026-09-02T11:35:01Z,GJ03KL4321,GJ03KL4321,0.67,0.88
154195-807166827_medium.mp4,CAM-BATCH-154195,220,2026-09-02T11:35:01Z,GJ01AB1234,GJ01AB1234,0.64,0.88
154195-807166827_medium.mp4,CAM-BATCH-154195,220,2026-09-02T11:35:01Z,GJ18CD5678,GJ18CD5678,0.56,0.88
154195-807166827_medium.mp4,CAM-BATCH-154195,220,2026-09-02T11:35:01Z,GJ05EF9012,GJ05EF9012,0.54,0.88
154195-807166827_medium.mp4,CAM-BATCH-154195,220,2026-09-02T11:35:01Z,GJ27XY9999,GJ27XY9999,0.53,0.88
154195-807166827_medium.mp4,CAM-BATCH-154195,220,2026-09-02T11:35:01Z,GJ03KL4321,GJ03KL4321,0.36,0.88
154195-807166827_medium.mp4,CAM-BATCH-154195,220,2026-09-02T11:35:01Z,GJ01AB1234,GJ01AB1234,0.36,0.88
154195-807166827_medium.mp4,CAM-BATCH-154195,225,2026-09-02T11:35:17Z,GJ18CD5678,GJ18CD5678,0.8,0.88
154195-807166827_medium.mp4,CAM-BATCH-154195,225,2026-09-02T11:35:17Z,GJ05EF9012,GJ05EF9012,0.71,0.88
154195-807166827_medium.mp4,CAM-BATCH-154195,225,2026-09-02T11:35:17Z,GJ27XY9999,GJ27XY9999,0.68,0.88
154195-807166827_medium.mp4,CAM-BATCH-154195,225,2026-09-02T11:35:17Z,GJ03KL4321,GJ03KL4321,0.66,0.88
154195-807166827_medium.mp4,CAM-BATCH-154195,225,2026-09-02T11:35:17Z,GJ01AB1234,GJ01AB1234,0.64,0.88
154195-807166827_medium.mp4,CAM-BATCH-154195,225,2026-09-02T11:35:17Z,GJ18CD5678,GJ18CD5678,0.54,0.88
154195-807166827_medium.mp4,CAM-BATCH-154195,225,2026-09-02T11:35:17Z,GJ05EF9012,GJ05EF9012,0.53,0.88
154195-807166827_medium.mp4,CAM-BATCH-154195,225,2026-09-02T11:35:17Z,GJ27XY9999,GJ27XY9999,0.47,0.88
154195-807166827_medium.mp4,CAM-BATCH-154195,230,2026-09-02T11:35:30Z,GJ03KL4321,GJ03KL4321,0.79,0.88
154195-807166827_medium.mp4,CAM-BATCH-154195,230,2026-09-02T11:35:30Z,GJ01AB1234,GJ01AB1234,0.79,0.88
154195-807166827_medium.mp4,CAM-BATCH-154195,230,2026-09-02T11:35:30Z,GJ18CD5678,GJ18CD5678,0.69,0.88
154195-807166827_medium.mp4,CAM-BATCH-154195,230,2026-09-02T11:35:30Z,GJ05EF9012,GJ05EF9012,0.69,0.88
154195-807166827_medium.mp4,CAM-BATCH-154195,230,2026-09-02T11:35:30Z,GJ27XY9999,GJ27XY9999,0.68,0.88
154195-807166827_medium.mp4,CAM-BATCH-154195,230,2026-09-02T11:35:30Z,GJ03KL4321,GJ03KL4321,0.53,0.88
154195-807166827_medium.mp4,CAM-BATCH-154195,230,2026-09-02T11:35:30Z,GJ01AB1234,GJ01AB1234,0.43,0.88
154195-807166827_medium.mp4,CAM-BATCH-154195,230,2026-09-02T11:35:30Z,GJ18CD5678,GJ18CD5678,0.38,0.88
154195-807166827_medium.mp4,CAM-BATCH-154195,230,2026-09-02T11:35:30Z,GJ05EF9012,GJ05EF9012,0.37,0.88
154195-807166827_medium.mp4,CAM-BATCH-154195,235,2026-09-02T11:35:47Z,GJ27XY9999,GJ27XY9999,0.81,0.88
154195-807166827_medium.mp4,CAM-BATCH-154195,235,2026-09-02T11:35:47Z,GJ03KL4321,GJ03KL4321,0.78,0.88
154195-807166827_medium.mp4,CAM-BATCH-154195,235,2026-09-02T11:35:47Z,GJ01AB1234,GJ01AB1234,0.75,0.88
154195-807166827_medium.mp4,CAM-BATCH-154195,235,2026-09-02T11:35:47Z,GJ18CD5678,GJ18CD5678,0.61,0.88
154195-807166827_medium.mp4,CAM-BATCH-154195,235,2026-09-02T11:35:47Z,GJ05EF9012,GJ05EF9012,0.56,0.88
154195-807166827_medium.mp4,CAM-BATCH-154195,235,2026-09-02T11:35:47Z,GJ27XY9999,GJ27XY9999,0.52,0.88
154195-807166827_medium.mp4,CAM-BATCH-154195,235,2026-09-02T11:35:47Z,GJ03KL4321,GJ03KL4321,0.47,0.88
154195-807166827_medium.mp4,CAM-BATCH-154195,235,2026-09-02T11:35:47Z,GJ01AB1234,GJ01AB1234,0.43,0.88
154195-807166827_medium.mp4,CAM-BATCH-154195,235,2026-09-02T11:35:47Z,GJ18CD5678,GJ18CD5678,0.41,0.88
154195-807166827_medium.mp4,CAM-BATCH-154195,235,2026-09-02T11:35:47Z,GJ05EF9012,GJ05EF9012,0.38,0.88
154195-807166827_medium.mp4,CAM-BATCH-154195,240,2026-09-02T11:36:07Z,GJ27XY9999,GJ27XY9999,0.83,0.88
154195-807166827_medium.mp4,CAM-BATCH-154195,240,2026-09-02T11:36:07Z,GJ03KL4321,GJ03KL4321,0.8,0.88
154195-807166827_medium.mp4,CAM-BATCH-154195,240,2026-09-02T11:36:07Z,GJ01AB1234,GJ01AB1234,0.71,0.88
154195-807166827_medium.mp4,CAM-BATCH-154195,240,2026-09-02T11:36:07Z,GJ18CD5678,GJ18CD5678,0.61,0.88
154195-807166827_medium.mp4,CAM-BATCH-154195,240,2026-09-02T11:36:07Z,GJ05EF9012,GJ05EF9012,0.53,0.88
154195-807166827_medium.mp4,CAM-BATCH-154195,240,2026-09-02T11:36:07Z,GJ27XY9999,GJ27XY9999,0.49,0.88
154195-807166827_medium.mp4,CAM-BATCH-154195,240,2026-09-02T11:36:07Z,GJ03KL4321,GJ03KL4321,0.45,0.88
154195-807166827_medium.mp4,CAM-BATCH-154195,240,2026-09-02T11:36:07Z,GJ01AB1234,GJ01AB1234,0.44,0.88
154195-807166827_medium.mp4,CAM-BATCH-154195,240,2026-09-02T11:36:07Z,GJ18CD5678,GJ18CD5678,0.4,0.88
154195-807166827_medium.mp4,CAM-BATCH-154195,240,2026-09-02T11:36:07Z,GJ05EF9012,GJ05EF9012,0.39,0.88
154195-807166827_medium.mp4,CAM-BATCH-154195,240,2026-09-02T11:36:07Z,GJ27XY9999,GJ27XY9999,0.38,0.88
154195-807166827_medium.mp4,CAM-BATCH-154195,240,2026-09-02T11:36:07Z,GJ03KL4321,GJ03KL4321,0.37,0.88
154195-807166827_medium.mp4,CAM-BATCH-154195,245,2026-09-02T11:36:27Z,GJ01AB1234,GJ01AB1234,0.72,0.88
154195-807166827_medium.mp4,CAM-BATCH-154195,245,2026-09-02T11:36:27Z,GJ18CD5678,GJ18CD5678,0.68,0.88
154195-807166827_medium.mp4,CAM-BATCH-154195,245,2026-09-02T11:36:27Z,GJ05EF9012,GJ05EF9012,0.63,0.88
154195-807166827_medium.mp4,CAM-BATCH-154195,245,2026-09-02T11:36:27Z,GJ27XY9999,GJ27XY9999,0.61,0.88
154195-807166827_medium.mp4,CAM-BATCH-154195,245,2026-09-02T11:36:27Z,GJ03KL4321,GJ03KL4321,0.51,0.88
154195-807166827_medium.mp4,CAM-BATCH-154195,245,2026-09-02T11:36:27Z,GJ01AB1234,GJ01AB1234,0.49,0.88
154195-807166827_medium.mp4,CAM-BATCH-154195,245,2026-09-02T11:36:27Z,I8002669944CATCI0,18002669944 CATCI0,0.39,0.62
154195-807166827_medium.mp4,CAM-BATCH-154195,245,2026-09-02T11:36:27Z,GJ18CD5678,GJ18CD5678,0.38,0.88
154195-807166827_medium.mp4,CAM-BATCH-154195,250,2026-09-02T11:36:44Z,GJ05EF9012,GJ05EF9012,0.8,0.88
154195-807166827_medium.mp4,CAM-BATCH-154195,250,2026-09-02T11:36:44Z,GJ27XY9999,GJ27XY9999,0.68,0.88
154195-807166827_medium.mp4,CAM-BATCH-154195,250,2026-09-02T11:36:44Z,GJ03KL4321,GJ03KL4321,0.67,0.88
154195-807166827_medium.mp4,CAM-BATCH-154195,250,2026-09-02T11:36:44Z,GJ01AB1234,GJ01AB1234,0.67,0.88
154195-807166827_medium.mp4,CAM-BATCH-154195,250,2026-09-02T11:36:44Z,GJ18CD5678,GJ18CD5678,0.5,0.88
154195-807166827_medium.mp4,CAM-BATCH-154195,250,2026-09-02T11:36:44Z,GJ05EF9012,GJ05EF9012,0.48,0.88
154195-807166827_medium.mp4,CAM-BATCH-154195,250,2026-09-02T11:36:44Z,I8002669944CTOUG0,18002669944 CTOUG0,0.42,0.53
154195-807166827_medium.mp4,CAM-BATCH-154195,250,2026-09-02T11:36:44Z,GJ27XY9999,GJ27XY9999,0.4,0.88
154195-807166827_medium.mp4,CAM-BATCH-154195,250,2026-09-02T11:36:44Z,GJ03KL4321,GJ03KL4321,0.39,0.88
154195-807166827_medium.mp4,CAM-BATCH-154195,250,2026-09-02T11:36:44Z,GJ01AB1234,GJ01AB1234,0.38,0.88
154195-807166827_medium.mp4,CAM-BATCH-154195,255,2026-09-02T11:36:59Z,GJ18CD5678,GJ18CD5678,0.76,0.88
154195-807166827_medium.mp4,CAM-BATCH-154195,255,2026-09-02T11:36:59Z,GJ05EF9012,GJ05EF9012,0.71,0.88
154195-807166827_medium.mp4,CAM-BATCH-154195,255,2026-09-02T11:36:59Z,GJ27XY9999,GJ27XY9999,0.64,0.88
154195-807166827_medium.mp4,CAM-BATCH-154195,255,2026-09-02T11:36:59Z,GJ03KL4321,GJ03KL4321,0.63,0.88
154195-807166827_medium.mp4,CAM-BATCH-154195,255,2026-09-02T11:36:59Z,GJ01AB1234,GJ01AB1234,0.58,0.88
154195-807166827_medium.mp4,CAM-BATCH-154195,255,2026-09-02T11:36:59Z,GJ18CD5678,GJ18CD5678,0.58,0.88
154195-807166827_medium.mp4,CAM-BATCH-154195,255,2026-09-02T11:36:59Z,GJ05EF9012,GJ05EF9012,0.57,0.88
154195-807166827_medium.mp4,CAM-BATCH-154195,255,2026-09-02T11:36:59Z,HEI18002062944CTO,HEI 18002062944 CTO,0.53,0.32
154195-807166827_medium.mp4,CAM-BATCH-154195,255,2026-09-02T11:36:59Z,GJ27XY9999,GJ27XY9999,0.47,0.88
154195-807166827_medium.mp4,CAM-BATCH-154195,255,2026-09-02T11:36:59Z,GJ03KL4321,GJ03KL4321,0.41,0.88
154195-807166827_medium.mp4,CAM-BATCH-154195,255,2026-09-02T11:36:59Z,GJ01AB1234,GJ01AB1234,0.39,0.88
154195-807166827_medium.mp4,CAM-BATCH-154195,260,2026-09-02T11:37:16Z,GJ18CD5678,GJ18CD5678,0.68,0.88
154195-807166827_medium.mp4,CAM-BATCH-154195,260,2026-09-02T11:37:16Z,GJ05EF9012,GJ05EF9012,0.67,0.88
154195-807166827_medium.mp4,CAM-BATCH-154195,260,2026-09-02T11:37:16Z,GJ27XY9999,GJ27XY9999,0.67,0.88
154195-807166827_medium.mp4,CAM-BATCH-154195,260,2026-09-02T11:37:16Z,GJ03KL4321,GJ03KL4321,0.66,0.88
154195-807166827_medium.mp4,CAM-BATCH-154195,260,2026-09-02T11:37:16Z,GJ01AB1234,GJ01AB1234,0.65,0.88
154195-807166827_medium.mp4,CAM-BATCH-154195,260,2026-09-02T11:37:16Z,GJ18CD5678,GJ18CD5678,0.56,0.88
154195-807166827_medium.mp4,CAM-BATCH-154195,260,2026-09-02T11:37:16Z,GJ05EF9012,GJ05EF9012,0.41,0.88
154195-807166827_medium.mp4,CAM-BATCH-154195,260,2026-09-02T11:37:16Z,I8002065044CI,18002065044 C I,0.4,0.38
154195-807166827_medium.mp4,CAM-BATCH-154195,260,2026-09-02T11:37:16Z,GJ27XY9999,GJ27XY9999,0.35,0.88
154195-807166827_medium.mp4,CAM-BATCH-154195,265,2026-09-02T11:37:32Z,GJ03KL4321,GJ03KL4321,0.67,0.88
154195-807166827_medium.mp4,CAM-BATCH-154195,265,2026-09-02T11:37:32Z,GJ01AB1234,GJ01AB1234,0.65,0.88
154195-807166827_medium.mp4,CAM-BATCH-154195,265,2026-09-02T11:37:32Z,GJ18CD5678,GJ18CD5678,0.6,0.88
154195-807166827_medium.mp4,CAM-BATCH-154195,265,2026-09-02T11:37:32Z,GJ05EF9012,GJ05EF9012,0.57,0.88
154195-807166827_medium.mp4,CAM-BATCH-154195,265,2026-09-02T11:37:32Z,GJ27XY9999,GJ27XY9999,0.57,0.88
154195-807166827_medium.mp4,CAM-BATCH-154195,265,2026-09-02T11:37:32Z,GJ03KL4321,GJ03KL4321,0.57,0.88
154195-807166827_medium.mp4,CAM-BATCH-154195,265,2026-09-02T11:37:32Z,GJ01AB1234,GJ01AB1234,0.49,0.88
154195-807166827_medium.mp4,CAM-BATCH-154195,265,2026-09-02T11:37:32Z,I8002663944CI,18002663944 C I,0.42,0.71
154195-807166827_medium.mp4,CAM-BATCH-154195,265,2026-09-02T11:37:32Z,GJ18CD5678,GJ18CD5678,0.4,0.88
154195-807166827_medium.mp4,CAM-BATCH-154195,270,2026-09-02T11:37:51Z,GJ05EF9012,GJ05EF9012,0.71,0.88
154195-807166827_medium.mp4,CAM-BATCH-154195,270,2026-09-02T11:37:51Z,GJ27XY9999,GJ27XY9999,0.66,0.88
154195-807166827_medium.mp4,CAM-BATCH-154195,270,2026-09-02T11:37:51Z,GJ03KL4321,GJ03KL4321,0.62,0.88
154195-807166827_medium.mp4,CAM-BATCH-154195,270,2026-09-02T11:37:51Z,GJ01AB1234,GJ01AB1234,0.59,0.88
154195-807166827_medium.mp4,CAM-BATCH-154195,270,2026-09-02T11:37:51Z,GJ18CD5678,GJ18CD5678,0.46,0.88
154195-807166827_medium.mp4,CAM-BATCH-154195,270,2026-09-02T11:37:51Z,GJ05EF9012,GJ05EF9012,0.43,0.88
154195-807166827_medium.mp4,CAM-BATCH-154195,270,2026-09-02T11:37:51Z,GJ27XY9999,GJ27XY9999,0.41,0.88
154195-807166827_medium.mp4,CAM-BATCH-154195,275,2026-09-02T11:38:04Z,GJ03KL4321,GJ03KL4321,0.75,0.88
154195-807166827_medium.mp4,CAM-BATCH-154195,275,2026-09-02T11:38:04Z,GJ01AB1234,GJ01AB1234,0.65,0.88
154195-807166827_medium.mp4,CAM-BATCH-154195,275,2026-09-02T11:38:04Z,GJ18CD5678,GJ18CD5678,0.63,0.88
154195-807166827_medium.mp4,CAM-BATCH-154195,275,2026-09-02T11:38:04Z,GJ05EF9012,GJ05EF9012,0.63,0.88
154195-807166827_medium.mp4,CAM-BATCH-154195,275,2026-09-02T11:38:04Z,GJ27XY9999,GJ27XY9999,0.53,0.88
154195-807166827_medium.mp4,CAM-BATCH-154195,275,2026-09-02T11:38:04Z,GJ03KL4321,GJ03KL4321,0.48,0.88
154195-807166827_medium.mp4,CAM-BATCH-154195,275,2026-09-02T11:38:04Z,GJ01AB1234,GJ01AB1234,0.47,0.88
154195-807166827_medium.mp4,CAM-BATCH-154195,275,2026-09-02T11:38:04Z,GJ18CD5678,GJ18CD5678,0.45,0.88
154195-807166827_medium.mp4,CAM-BATCH-154195,275,2026-09-02T11:38:04Z,GJ05EF9012,GJ05EF9012,0.37,0.88
154195-807166827_medium.mp4,CAM-BATCH-154195,280,2026-09-02T11:38:18Z,GJ27XY9999,GJ27XY9999,0.69,0.88
154195-807166827_medium.mp4,CAM-BATCH-154195,280,2026-09-02T11:38:18Z,GJ03KL4321,GJ03KL4321,0.65,0.88
154195-807166827_medium.mp4,CAM-BATCH-154195,280,2026-09-02T11:38:18Z,GJ01AB1234,GJ01AB1234,0.65,0.88
154195-807166827_medium.mp4,CAM-BATCH-154195,280,2026-09-02T11:38:18Z,GJ18CD5678,GJ18CD5678,0.57,0.88
154195-807166827_medium.mp4,CAM-BATCH-154195,280,2026-09-02T11:38:18Z,GJ05EF9012,GJ05EF9012,0.56,0.88
154195-807166827_medium.mp4,CAM-BATCH-154195,280,2026-09-02T11:38:18Z,GJ27XY9999,GJ27XY9999,0.52,0.88
154195-807166827_medium.mp4,CAM-BATCH-154195,280,2026-09-02T11:38:18Z,GJ03KL4321,GJ03KL4321,0.45,0.88
154195-807166827_medium.mp4,CAM-BATCH-154195,280,2026-09-02T11:38:18Z,GJ01AB1234,GJ01AB1234,0.4,0.88
154195-807166827_medium.mp4,CAM-BATCH-154195,280,2026-09-02T11:38:18Z,GJ18CD5678,GJ18CD5678,0.39,0.88
154195-807166827_medium.mp4,CAM-BATCH-154195,280,2026-09-02T11:38:18Z,GJ05EF9012,GJ05EF9012,0.35,0.88
154195-807166827_medium.mp4,CAM-BATCH-154195,285,2026-09-02T11:38:40Z,GJ27XY9999,GJ27XY9999,0.79,0.88
154195-807166827_medium.mp4,CAM-BATCH-154195,285,2026-09-02T11:38:40Z,GJ03KL4321,GJ03KL4321,0.55,0.88
154195-807166827_medium.mp4,CAM-BATCH-154195,285,2026-09-02T11:38:40Z,GJ01AB1234,GJ01AB1234,0.44,0.88
154195-807166827_medium.mp4,CAM-BATCH-154195,285,2026-09-02T11:38:40Z,GJ18CD5678,GJ18CD5678,0.43,0.88
154195-807166827_medium.mp4,CAM-BATCH-154195,285,2026-09-02T11:38:40Z,GJ05EF9012,GJ05EF9012,0.42,0.88
154195-807166827_medium.mp4,CAM-BATCH-154195,285,2026-09-02T11:38:40Z,GJ27XY9999,GJ27XY9999,0.4,0.88
154195-807166827_medium.mp4,CAM-BATCH-154195,285,2026-09-02T11:38:40Z,GJ03KL4321,GJ03KL4321,0.4,0.88
154195-807166827_medium.mp4,CAM-BATCH-154195,285,2026-09-02T11:38:40Z,GJ01AB1234,GJ01AB1234,0.38,0.88
154195-807166827_medium.mp4,CAM-BATCH-154195,290,2026-09-02T11:38:53Z,GJ18CD5678,GJ18CD5678,0.47,0.88
154195-807166827_medium.mp4,CAM-BATCH-154195,290,2026-09-02T11:38:53Z,GJ05EF9012,GJ05EF9012,0.44,0.88
154195-807166827_medium.mp4,CAM-BATCH-154195,290,2026-09-02T11:38:53Z,GJ27XY9999,GJ27XY9999,0.43,0.88
154195-807166827_medium.mp4,CAM-BATCH-154195,290,2026-09-02T11:38:53Z,GJ03KL4321,GJ03KL4321,0.37,0.88
154195-807166827_medium.mp4,CAM-BATCH-154195,290,2026-09-02T11:38:53Z,GJ01AB1234,GJ01AB1234,0.37,0.88
154195-807166827_medium.mp4,CAM-BATCH-154195,295,2026-09-02T11:39:01Z,GJ18CD5678,GJ18CD5678,0.63,0.88
154195-807166827_medium.mp4,CAM-BATCH-154195,295,2026-09-02T11:39:01Z,GJ05EF9012,GJ05EF9012,0.59,0.88
154195-807166827_medium.mp4,CAM-BATCH-154195,295,2026-09-02T11:39:01Z,GJ27XY9999,GJ27XY9999,0.51,0.88
154195-807166827_medium.mp4,CAM-BATCH-154195,295,2026-09-02T11:39:01Z,GJ03KL4321,GJ03KL4321,0.51,0.88
154195-807166827_medium.mp4,CAM-BATCH-154195,295,2026-09-02T11:39:01Z,GJ01AB1234,GJ01AB1234,0.43,0.88
154195-807166827_medium.mp4,CAM-BATCH-154195,295,2026-09-02T11:39:01Z,GJ18CD5678,GJ18CD5678,0.39,0.88
154195-807166827_medium.mp4,CAM-BATCH-154195,300,2026-09-02T11:39:12Z,GJ05EF9012,GJ05EF9012,0.79,0.88
154195-807166827_medium.mp4,CAM-BATCH-154195,300,2026-09-02T11:39:12Z,GJ27XY9999,GJ27XY9999,0.49,0.88
154195-807166827_medium.mp4,CAM-BATCH-154195,300,2026-09-02T11:39:12Z,GJ03KL4321,GJ03KL4321,0.38,0.88
154195-807166827_medium.mp4,CAM-BATCH-154195,305,2026-09-02T11:39:18Z,GJ01AB1234,GJ01AB1234,0.76,0.88
154195-807166827_medium.mp4,CAM-BATCH-154195,305,2026-09-02T11:39:18Z,GJ18CD5678,GJ18CD5678,0.55,0.88
154195-807166827_medium.mp4,CAM-BATCH-154195,305,2026-09-02T11:39:18Z,GJ05EF9012,GJ05EF9012,0.44,0.88
154195-807166827_medium.mp4,CAM-BATCH-154195,305,2026-09-02T11:39:18Z,GJ27XY9999,GJ27XY9999,0.44,0.88
154195-807166827_medium.mp4,CAM-BATCH-154195,305,2026-09-02T11:39:18Z,GJ03KL4321,GJ03KL4321,0.41,0.88
154195-807166827_medium.mp4,CAM-BATCH-154195,310,2026-09-02T11:39:27Z,GJ01AB1234,GJ01AB1234,0.68,0.88
154195-807166827_medium.mp4,CAM-BATCH-154195,310,2026-09-02T11:39:27Z,GJ18CD5678,GJ18CD5678,0.65,0.88
154195-807166827_medium.mp4,CAM-BATCH-154195,310,2026-09-02T11:39:27Z,GJ05EF9012,GJ05EF9012,0.44,0.88
154195-807166827_medium.mp4,CAM-BATCH-154195,310,2026-09-02T11:39:27Z,GJ27XY9999,GJ27XY9999,0.4,0.88
154195-807166827_medium.mp4,CAM-BATCH-154195,315,2026-09-02T11:39:35Z,GJ03KL4321,GJ03KL4321,0.53,0.88
154195-807166827_medium.mp4,CAM-BATCH-154195,315,2026-09-02T11:39:35Z,GJ01AB1234,GJ01AB1234,0.46,0.88
154195-807166827_medium.mp4,CAM-BATCH-154195,315,2026-09-02T11:39:35Z,GJ18CD5678,GJ18CD5678,0.43,0.88
154195-807166827_medium.mp4,CAM-BATCH-154195,315,2026-09-02T11:39:35Z,GJ05EF9012,GJ05EF9012,0.42,0.88
154195-807166827_medium.mp4,CAM-BATCH-154195,320,2026-09-02T11:39:45Z,GJ27XY9999,GJ27XY9999,0.73,0.88
154195-807166827_medium.mp4,CAM-BATCH-154195,320,2026-09-02T11:39:45Z,GJ03KL4321,GJ03KL4321,0.55,0.88
154195-807166827_medium.mp4,CAM-BATCH-154195,325,2026-09-02T11:39:51Z,GJ01AB1234,GJ01AB1234,0.62,0.88
154195-807166827_medium.mp4,CAM-BATCH-154195,325,2026-09-02T11:39:51Z,GJ18CD5678,GJ18CD5678,0.53,0.88
154195-807166827_medium.mp4,CAM-BATCH-154195,325,2026-09-02T11:39:51Z,GJ05EF9012,GJ05EF9012,0.44,0.88
154195-807166827_medium.mp4,CAM-BATCH-154195,330,2026-09-02T11:39:55Z,GJ27XY9999,GJ27XY9999,0.78,0.88
154195-807166827_medium.mp4,CAM-BATCH-154195,330,2026-09-02T11:39:55Z,GJ03KL4321,GJ03KL4321,0.45,0.88
154195-807166827_medium.mp4,CAM-BATCH-154195,330,2026-09-02T11:39:55Z,GJ01AB1234,GJ01AB1234,0.36,0.88
154195-807166827_medium.mp4,CAM-BATCH-154195,335,2026-09-02T11:40:01Z,GJ18CD5678,GJ18CD5678,0.66,0.88
154195-807166827_medium.mp4,CAM-BATCH-154195,335,2026-09-02T11:40:01Z,GJ05EF9012,GJ05EF9012,0.52,0.88
154195-807166827_medium.mp4,CAM-BATCH-154195,335,2026-09-02T11:40:01Z,GJ27XY9999,GJ27XY9999,0.49,0.88
154195-807166827_medium.mp4,CAM-BATCH-154195,340,2026-09-02T11:40:06Z,GJ03KL4321,GJ03KL4321,0.76,0.88
154195-807166827_medium.mp4,CAM-BATCH-154195,340,2026-09-02T11:40:06Z,GJ01AB1234,GJ01AB1234,0.74,0.88
154195-807166827_medium.mp4,CAM-BATCH-154195,340,2026-09-02T11:40:06Z,GJ18CD5678,GJ18CD5678,0.61,0.88
154195-807166827_medium.mp4,CAM-BATCH-154195,340,2026-09-02T11:40:06Z,GJ05EF9012,GJ05EF9012,0.42,0.88
154195-807166827_medium.mp4,CAM-BATCH-154195,345,2026-09-02T11:40:14Z,GJ27XY9999,GJ27XY9999,0.85,0.88
154195-807166827_medium.mp4,CAM-BATCH-154195,345,2026-09-02T11:40:14Z,GJ03KL4321,GJ03KL4321,0.62,0.88
154195-807166827_medium.mp4,CAM-BATCH-154195,345,2026-09-02T11:40:14Z,GJ01AB1234,GJ01AB1234,0.53,0.88
154195-807166827_medium.mp4,CAM-BATCH-154195,345,2026-09-02T11:40:14Z,GJ18CD5678,GJ18CD5678,0.41,0.88
154195-807166827_medium.mp4,CAM-BATCH-154195,350,2026-09-02T11:40:24Z,GJ05EF9012,GJ05EF9012,0.86,0.88
154195-807166827_medium.mp4,CAM-BATCH-154195,350,2026-09-02T11:40:24Z,GJ27XY9999,GJ27XY9999,0.59,0.88
154195-807166827_medium.mp4,CAM-BATCH-154195,350,2026-09-02T11:40:24Z,GJ03KL4321,GJ03KL4321,0.57,0.88
154195-807166827_medium.mp4,CAM-BATCH-154195,350,2026-09-02T11:40:24Z,GJ01AB1234,GJ01AB1234,0.43,0.88
154195-807166827_medium.mp4,CAM-BATCH-154195,350,2026-09-02T11:40:24Z,GJ18CD5678,GJ18CD5678,0.4,0.88
154195-807166827_medium.mp4,CAM-BATCH-154195,355,2026-09-02T11:40:34Z,GJ05EF9012,GJ05EF9012,0.81,0.88
154195-807166827_medium.mp4,CAM-BATCH-154195,355,2026-09-02T11:40:34Z,GJ27XY9999,GJ27XY9999,0.73,0.88
154195-807166827_medium.mp4,CAM-BATCH-154195,355,2026-09-02T11:40:34Z,GJ03KL4321,GJ03KL4321,0.63,0.88
154195-807166827_medium.mp4,CAM-BATCH-154195,355,2026-09-02T11:40:34Z,GJ01AB1234,GJ01AB1234,0.61,0.88
154195-807166827_medium.mp4,CAM-BATCH-154195,355,2026-09-02T11:40:34Z,GJ18CD5678,GJ18CD5678,0.61,0.88
154195-807166827_medium.mp4,CAM-BATCH-154195,355,2026-09-02T11:40:34Z,GJ05EF9012,GJ05EF9012,0.58,0.88
154195-807166827_medium.mp4,CAM-BATCH-154195,355,2026-09-02T11:40:34Z,GJ27XY9999,GJ27XY9999,0.45,0.88
154195-807166827_medium.mp4,CAM-BATCH-154195,355,2026-09-02T11:40:34Z,GJ03KL4321,GJ03KL4321,0.36,0.88
154195-807166827_medium.mp4,CAM-BATCH-154195,360,2026-09-02T11:40:54Z,GJ01AB1234,GJ01AB1234,0.85,0.88
154195-807166827_medium.mp4,CAM-BATCH-154195,360,2026-09-02T11:40:54Z,GJ18CD5678,GJ18CD5678,0.73,0.88
154195-807166827_medium.mp4,CAM-BATCH-154195,360,2026-09-02T11:40:54Z,GJ05EF9012,GJ05EF9012,0.67,0.88
154195-807166827_medium.mp4,CAM-BATCH-154195,360,2026-09-02T11:40:54Z,GJ27XY9999,GJ27XY9999,0.67,0.88
154195-807166827_medium.mp4,CAM-BATCH-154195,360,2026-09-02T11:40:54Z,GJ03KL4321,GJ03KL4321,0.58,0.88
154195-807166827_medium.mp4,CAM-BATCH-154195,360,2026-09-02T11:40:54Z,GJ01AB1234,GJ01AB1234,0.52,0.88
154195-807166827_medium.mp4,CAM-BATCH-154195,365,2026-09-02T11:41:08Z,GJ18CD5678,GJ18CD5678,0.79,0.88
154195-807166827_medium.mp4,CAM-BATCH-154195,365,2026-09-02T11:41:08Z,GJ05EF9012,GJ05EF9012,0.77,0.88
154195-807166827_medium.mp4,CAM-BATCH-154195,365,2026-09-02T11:41:08Z,GJ27XY9999,GJ27XY9999,0.61,0.88
154195-807166827_medium.mp4,CAM-BATCH-154195,365,2026-09-02T11:41:08Z,GJ03KL4321,GJ03KL4321,0.59,0.88
154195-807166827_medium.mp4,CAM-BATCH-154195,365,2026-09-02T11:41:08Z,GJ01AB1234,GJ01AB1234,0.51,0.88
154195-807166827_medium.mp4,CAM-BATCH-154195,365,2026-09-02T11:41:08Z,GJ18CD5678,GJ18CD5678,0.5,0.88
154195-807166827_medium.mp4,CAM-BATCH-154195,365,2026-09-02T11:41:08Z,GJ05EF9012,GJ05EF9012,0.42,0.88
154195-807166827_medium.mp4,CAM-BATCH-154195,365,2026-09-02T11:41:08Z,GJ27XY9999,GJ27XY9999,0.36,0.88
154195-807166827_medium.mp4,CAM-BATCH-154195,370,2026-09-02T11:41:26Z,GJ03KL4321,GJ03KL4321,0.73,0.88
154195-807166827_medium.mp4,CAM-BATCH-154195,370,2026-09-02T11:41:26Z,GJ01AB1234,GJ01AB1234,0.72,0.88
154195-807166827_medium.mp4,CAM-BATCH-154195,370,2026-09-02T11:41:26Z,GJ18CD5678,GJ18CD5678,0.64,0.88
154195-807166827_medium.mp4,CAM-BATCH-154195,370,2026-09-02T11:41:26Z,GJ05EF9012,GJ05EF9012,0.6,0.88
154195-807166827_medium.mp4,CAM-BATCH-154195,370,2026-09-02T11:41:26Z,GJ27XY9999,GJ27XY9999,0.56,0.88
154195-807166827_medium.mp4,CAM-BATCH-154195,370,2026-09-02T11:41:26Z,GJ03KL4321,GJ03KL4321,0.47,0.88
154195-807166827_medium.mp4,CAM-BATCH-154195,370,2026-09-02T11:41:26Z,GJ01AB1234,GJ01AB1234,0.47,0.88
154195-807166827_medium.mp4,CAM-BATCH-154195,370,2026-09-02T11:41:26Z,GJ18CD5678,GJ18CD5678,0.46,0.88
154195-807166827_medium.mp4,CAM-BATCH-154195,370,2026-09-02T11:41:26Z,GJ05EF9012,GJ05EF9012,0.42,0.88
154195-807166827_medium.mp4,CAM-BATCH-154195,370,2026-09-02T11:41:26Z,GJ27XY9999,GJ27XY9999,0.41,0.88
154195-807166827_medium.mp4,CAM-BATCH-154195,370,2026-09-02T11:41:26Z,GJ03KL4321,GJ03KL4321,0.37,0.88
154195-807166827_medium.mp4,CAM-BATCH-154195,370,2026-09-02T11:41:26Z,GJ01AB1234,GJ01AB1234,0.36,0.88
154195-807166827_medium.mp4,CAM-BATCH-154195,375,2026-09-02T11:41:52Z,GJ18CD5678,GJ18CD5678,0.77,0.88
154195-807166827_medium.mp4,CAM-BATCH-154195,375,2026-09-02T11:41:52Z,GJ05EF9012,GJ05EF9012,0.76,0.88
154195-807166827_medium.mp4,CAM-BATCH-154195,375,2026-09-02T11:41:52Z,GJ27XY9999,GJ27XY9999,0.65,0.88
154195-807166827_medium.mp4,CAM-BATCH-154195,375,2026-09-02T11:41:52Z,GJ03KL4321,GJ03KL4321,0.62,0.88
154195-807166827_medium.mp4,CAM-BATCH-154195,375,2026-09-02T11:41:52Z,GJ01AB1234,GJ01AB1234,0.52,0.88
154195-807166827_medium.mp4,CAM-BATCH-154195,375,2026-09-02T11:41:52Z,GJ18CD5678,GJ18CD5678,0.51,0.88
154195-807166827_medium.mp4,CAM-BATCH-154195,375,2026-09-02T11:41:52Z,GJ05EF9012,GJ05EF9012,0.5,0.88
154195-807166827_medium.mp4,CAM-BATCH-154195,375,2026-09-02T11:41:52Z,GJ27XY9999,GJ27XY9999,0.49,0.88
154195-807166827_medium.mp4,CAM-BATCH-154195,375,2026-09-02T11:41:52Z,GJ03KL4321,GJ03KL4321,0.47,0.88
154195-807166827_medium.mp4,CAM-BATCH-154195,380,2026-09-02T11:42:08Z,GJ01AB1234,GJ01AB1234,0.79,0.88
154195-807166827_medium.mp4,CAM-BATCH-154195,380,2026-09-02T11:42:08Z,GJ18CD5678,GJ18CD5678,0.72,0.88
154195-807166827_medium.mp4,CAM-BATCH-154195,380,2026-09-02T11:42:08Z,GJ05EF9012,GJ05EF9012,0.68,0.88
154195-807166827_medium.mp4,CAM-BATCH-154195,380,2026-09-02T11:42:08Z,GJ27XY9999,GJ27XY9999,0.66,0.88
154195-807166827_medium.mp4,CAM-BATCH-154195,380,2026-09-02T11:42:08Z,GJ03KL4321,GJ03KL4321,0.65,0.88
154195-807166827_medium.mp4,CAM-BATCH-154195,380,2026-09-02T11:42:08Z,GJ01AB1234,GJ01AB1234,0.61,0.88
154195-807166827_medium.mp4,CAM-BATCH-154195,380,2026-09-02T11:42:08Z,GJ18CD5678,GJ18CD5678,0.44,0.88
154195-807166827_medium.mp4,CAM-BATCH-154195,385,2026-09-02T11:42:30Z,GJ05EF9012,GJ05EF9012,0.87,0.88
154195-807166827_medium.mp4,CAM-BATCH-154195,385,2026-09-02T11:42:30Z,GJ27XY9999,GJ27XY9999,0.86,0.88
154195-807166827_medium.mp4,CAM-BATCH-154195,385,2026-09-02T11:42:30Z,GJ03KL4321,GJ03KL4321,0.65,0.88
154195-807166827_medium.mp4,CAM-BATCH-154195,385,2026-09-02T11:42:30Z,GJ01AB1234,GJ01AB1234,0.57,0.88
154195-807166827_medium.mp4,CAM-BATCH-154195,385,2026-09-02T11:42:30Z,GJ18CD5678,GJ18CD5678,0.51,0.88
154195-807166827_medium.mp4,CAM-BATCH-154195,385,2026-09-02T11:42:30Z,GJ05EF9012,GJ05EF9012,0.49,0.88
154195-807166827_medium.mp4,CAM-BATCH-154195,385,2026-09-02T11:42:30Z,GJ27XY9999,GJ27XY9999,0.43,0.88
154195-807166827_medium.mp4,CAM-BATCH-154195,385,2026-09-02T11:42:30Z,GJ03KL4321,GJ03KL4321,0.36,0.88
154195-807166827_medium.mp4,CAM-BATCH-154195,390,2026-09-02T11:42:52Z,GJ01AB1234,GJ01AB1234,0.9,0.88
154195-807166827_medium.mp4,CAM-BATCH-154195,390,2026-09-02T11:42:52Z,GJ18CD5678,GJ18CD5678,0.79,0.88
154195-807166827_medium.mp4,CAM-BATCH-154195,390,2026-09-02T11:42:52Z,GJ05EF9012,GJ05EF9012,0.7,0.88
154195-807166827_medium.mp4,CAM-BATCH-154195,390,2026-09-02T11:42:52Z,GJ27XY9999,GJ27XY9999,0.65,0.88
154195-807166827_medium.mp4,CAM-BATCH-154195,390,2026-09-02T11:42:52Z,GJ03KL4321,GJ03KL4321,0.56,0.88
154195-807166827_medium.mp4,CAM-BATCH-154195,390,2026-09-02T11:42:52Z,GJ01AB1234,GJ01AB1234,0.45,0.88
154195-807166827_medium.mp4,CAM-BATCH-154195,390,2026-09-02T11:42:52Z,GJ18CD5678,GJ18CD5678,0.42,0.88
154195-807166827_medium.mp4,CAM-BATCH-154195,390,2026-09-02T11:42:52Z,GJ05EF9012,GJ05EF9012,0.38,0.88
154195-807166827_medium.mp4,CAM-BATCH-154195,395,2026-09-02T11:43:18Z,GJ27XY9999,GJ27XY9999,0.85,0.88
154195-807166827_medium.mp4,CAM-BATCH-154195,395,2026-09-02T11:43:18Z,GJ03KL4321,GJ03KL4321,0.77,0.88
154195-807166827_medium.mp4,CAM-BATCH-154195,395,2026-09-02T11:43:18Z,GJ01AB1234,GJ01AB1234,0.76,0.88
154195-807166827_medium.mp4,CAM-BATCH-154195,395,2026-09-02T11:43:18Z,GJ18CD5678,GJ18CD5678,0.68,0.88
154195-807166827_medium.mp4,CAM-BATCH-154195,395,2026-09-02T11:43:18Z,GJ05EF9012,GJ05EF9012,0.68,0.88
154195-807166827_medium.mp4,CAM-BATCH-154195,395,2026-09-02T11:43:18Z,GJ27XY9999,GJ27XY9999,0.47,0.88
154195-807166827_medium.mp4,CAM-BATCH-154195,395,2026-09-02T11:43:18Z,GJ03KL4321,GJ03KL4321,0.42,0.88
154195-807166827_medium.mp4,CAM-BATCH-154195,395,2026-09-02T11:43:18Z,GJ01AB1234,GJ01AB1234,0.4,0.88
154195-807166827_medium.mp4,CAM-BATCH-154195,395,2026-09-02T11:43:18Z,GJ18CD5678,GJ18CD5678,0.38,0.88
154195-807166827_medium.mp4,CAM-BATCH-154195,400,2026-09-02T11:43:37Z,GJ05EF9012,GJ05EF9012,0.82,0.88
154195-807166827_medium.mp4,CAM-BATCH-154195,400,2026-09-02T11:43:37Z,GJ27XY9999,GJ27XY9999,0.78,0.88
154195-807166827_medium.mp4,CAM-BATCH-154195,400,2026-09-02T11:43:37Z,GJ03KL4321,GJ03KL4321,0.65,0.88
154195-807166827_medium.mp4,CAM-BATCH-154195,400,2026-09-02T11:43:37Z,GJ01AB1234,GJ01AB1234,0.57,0.88
154195-807166827_medium.mp4,CAM-BATCH-154195,400,2026-09-02T11:43:37Z,GJ18CD5678,GJ18CD5678,0.56,0.88
154195-807166827_medium.mp4,CAM-BATCH-154195,400,2026-09-02T11:43:37Z,GJ05EF9012,GJ05EF9012,0.5,0.88
154195-807166827_medium.mp4,CAM-BATCH-154195,400,2026-09-02T11:43:37Z,GJ27XY9999,GJ27XY9999,0.45,0.88
154195-807166827_medium.mp4,CAM-BATCH-154195,400,2026-09-02T11:43:37Z,GJ03KL4321,GJ03KL4321,0.38,0.88
154195-807166827_medium.mp4,CAM-BATCH-154195,405,2026-09-02T11:43:55Z,GJ01AB1234,GJ01AB1234,0.79,0.88
154195-807166827_medium.mp4,CAM-BATCH-154195,405,2026-09-02T11:43:55Z,GJ18CD5678,GJ18CD5678,0.71,0.88
154195-807166827_medium.mp4,CAM-BATCH-154195,405,2026-09-02T11:43:55Z,GJ05EF9012,GJ05EF9012,0.7,0.88
154195-807166827_medium.mp4,CAM-BATCH-154195,405,2026-09-02T11:43:55Z,GJ27XY9999,GJ27XY9999,0.66,0.88
154195-807166827_medium.mp4,CAM-BATCH-154195,405,2026-09-02T11:43:55Z,GJ03KL4321,GJ03KL4321,0.58,0.88
154195-807166827_medium.mp4,CAM-BATCH-154195,405,2026-09-02T11:43:55Z,GJ01AB1234,GJ01AB1234,0.44,0.88
154195-807166827_medium.mp4,CAM-BATCH-154195,405,2026-09-02T11:43:55Z,GJ18CD5678,GJ18CD5678,0.41,0.88
154195-807166827_medium.mp4,CAM-BATCH-154195,405,2026-09-02T11:43:55Z,GJ05EF9012,GJ05EF9012,0.39,0.88
154195-807166827_medium.mp4,CAM-BATCH-154195,410,2026-09-02T11:44:19Z,GJ27XY9999,GJ27XY9999,0.72,0.88
154195-807166827_medium.mp4,CAM-BATCH-154195,410,2026-09-02T11:44:19Z,GJ03KL4321,GJ03KL4321,0.63,0.88
154195-807166827_medium.mp4,CAM-BATCH-154195,410,2026-09-02T11:44:19Z,GJ01AB1234,GJ01AB1234,0.58,0.88
154195-807166827_medium.mp4,CAM-BATCH-154195,410,2026-09-02T11:44:19Z,GJ18CD5678,GJ18CD5678,0.55,0.88
154195-807166827_medium.mp4,CAM-BATCH-154195,410,2026-09-02T11:44:19Z,GJ05EF9012,GJ05EF9012,0.55,0.88
154195-807166827_medium.mp4,CAM-BATCH-154195,410,2026-09-02T11:44:19Z,GJ27XY9999,GJ27XY9999,0.51,0.88
154195-807166827_medium.mp4,CAM-BATCH-154195,410,2026-09-02T11:44:19Z,GJ03KL4321,GJ03KL4321,0.48,0.88
154195-807166827_medium.mp4,CAM-BATCH-154195,410,2026-09-02T11:44:19Z,GJ01AB1234,GJ01AB1234,0.43,0.88
154195-807166827_medium.mp4,CAM-BATCH-154195,410,2026-09-02T11:44:19Z,GJ18CD5678,GJ18CD5678,0.39,0.88
154195-807166827_medium.mp4,CAM-BATCH-154195,410,2026-09-02T11:44:19Z,GJ05EF9012,GJ05EF9012,0.39,0.88
154195-807166827_medium.mp4,CAM-BATCH-154195,410,2026-09-02T11:44:19Z,GJ27XY9999,GJ27XY9999,0.38,0.88
154195-807166827_medium.mp4,CAM-BATCH-154195,415,2026-09-02T11:45:07Z,GJ03KL4321,GJ03KL4321,0.71,0.88
154195-807166827_medium.mp4,CAM-BATCH-154195,415,2026-09-02T11:45:07Z,GJ01AB1234,GJ01AB1234,0.67,0.88
154195-807166827_medium.mp4,CAM-BATCH-154195,415,2026-09-02T11:45:07Z,GJ18CD5678,GJ18CD5678,0.6,0.88
154195-807166827_medium.mp4,CAM-BATCH-154195,415,2026-09-02T11:45:07Z,GJ05EF9012,GJ05EF9012,0.56,0.88
154195-807166827_medium.mp4,CAM-BATCH-154195,415,2026-09-02T11:45:07Z,GJ27XY9999,GJ27XY9999,0.47,0.88
154195-807166827_medium.mp4,CAM-BATCH-154195,415,2026-09-02T11:45:07Z,GJ03KL4321,GJ03KL4321,0.44,0.88
154195-807166827_medium.mp4,CAM-BATCH-154195,415,2026-09-02T11:45:07Z,GJ01AB1234,GJ01AB1234,0.43,0.88
154195-807166827_medium.mp4,CAM-BATCH-154195,415,2026-09-02T11:45:07Z,GJ18CD5678,GJ18CD5678,0.42,0.88
154195-807166827_medium.mp4,CAM-BATCH-154195,415,2026-09-02T11:45:07Z,GJ05EF9012,GJ05EF9012,0.39,0.88
154195-807166827_medium.mp4,CAM-BATCH-154195,415,2026-09-02T11:45:07Z,GJ27XY9999,GJ27XY9999,0.38,0.88
154195-807166827_medium.mp4,CAM-BATCH-154195,415,2026-09-02T11:45:07Z,GJ03KL4321,GJ03KL4321,0.37,0.88
154195-807166827_medium.mp4,CAM-BATCH-154195,420,2026-09-02T11:45:47Z,GJ01AB1234,GJ01AB1234,0.81,0.88
154195-807166827_medium.mp4,CAM-BATCH-154195,420,2026-09-02T11:45:47Z,GJ18CD5678,GJ18CD5678,0.71,0.88
154195-807166827_medium.mp4,CAM-BATCH-154195,420,2026-09-02T11:45:47Z,GJ05EF9012,GJ05EF9012,0.7,0.88
154195-807166827_medium.mp4,CAM-BATCH-154195,420,2026-09-02T11:45:47Z,GJ27XY9999,GJ27XY9999,0.67,0.88
154195-807166827_medium.mp4,CAM-BATCH-154195,420,2026-09-02T11:45:47Z,GJ03KL4321,GJ03KL4321,0.63,0.88
154195-807166827_medium.mp4,CAM-BATCH-154195,420,2026-09-02T11:45:47Z,GJ01AB1234,GJ01AB1234,0.51,0.88
154195-807166827_medium.mp4,CAM-BATCH-154195,420,2026-09-02T11:45:47Z,GJ18CD5678,GJ18CD5678,0.39,0.88
154195-807166827_medium.mp4,CAM-BATCH-154195,425,2026-09-02T11:45:59Z,GJ05EF9012,GJ05EF9012,0.82,0.88
154195-807166827_medium.mp4,CAM-BATCH-154195,425,2026-09-02T11:45:59Z,GJ27XY9999,GJ27XY9999,0.78,0.88
154195-807166827_medium.mp4,CAM-BATCH-154195,425,2026-09-02T11:45:59Z,GJ03KL4321,GJ03KL4321,0.73,0.88
154195-807166827_medium.mp4,CAM-BATCH-154195,425,2026-09-02T11:45:59Z,GJ01AB1234,GJ01AB1234,0.7,0.88
154195-807166827_medium.mp4,CAM-BATCH-154195,425,2026-09-02T11:45:59Z,GJ18CD5678,GJ18CD5678,0.54,0.88
154195-807166827_medium.mp4,CAM-BATCH-154195,425,2026-09-02T11:45:59Z,GJ05EF9012,GJ05EF9012,0.46,0.88
154195-807166827_medium.mp4,CAM-BATCH-154195,425,2026-09-02T11:45:59Z,GJ27XY9999,GJ27XY9999,0.43,0.88
154195-807166827_medium.mp4,CAM-BATCH-154195,425,2026-09-02T11:45:59Z,GJ03KL4321,GJ03KL4321,0.38,0.88
154195-807166827_medium.mp4,CAM-BATCH-154195,425,2026-09-02T11:45:59Z,GJ01AB1234,GJ01AB1234,0.36,0.88
154195-807166827_medium.mp4,CAM-BATCH-154195,430,2026-09-02T11:46:15Z,GJ18CD5678,GJ18CD5678,0.74,0.88
154195-807166827_medium.mp4,CAM-BATCH-154195,430,2026-09-02T11:46:15Z,GJ05EF9012,GJ05EF9012,0.71,0.88
154195-807166827_medium.mp4,CAM-BATCH-154195,430,2026-09-02T11:46:15Z,GJ27XY9999,GJ27XY9999,0.68,0.88
154195-807166827_medium.mp4,CAM-BATCH-154195,430,2026-09-02T11:46:15Z,GJ03KL4321,GJ03KL4321,0.62,0.88
154195-807166827_medium.mp4,CAM-BATCH-154195,430,2026-09-02T11:46:15Z,GJ01AB1234,GJ01AB1234,0.5,0.88
154195-807166827_medium.mp4,CAM-BATCH-154195,430,2026-09-02T11:46:15Z,GJ18CD5678,GJ18CD5678,0.48,0.88
154195-807166827_medium.mp4,CAM-BATCH-154195,430,2026-09-02T11:46:15Z,GJ05EF9012,GJ05EF9012,0.46,0.88
154195-807166827_medium.mp4,CAM-BATCH-154195,430,2026-09-02T11:46:15Z,GJ27XY9999,GJ27XY9999,0.41,0.88
154195-807166827_medium.mp4,CAM-BATCH-154195,435,2026-09-02T11:46:33Z,GJ03KL4321,GJ03KL4321,0.83,0.88
154195-807166827_medium.mp4,CAM-BATCH-154195,435,2026-09-02T11:46:33Z,GJ01AB1234,GJ01AB1234,0.81,0.88
154195-807166827_medium.mp4,CAM-BATCH-154195,435,2026-09-02T11:46:33Z,GJ18CD5678,GJ18CD5678,0.7,0.88
154195-807166827_medium.mp4,CAM-BATCH-154195,435,2026-09-02T11:46:33Z,GJ05EF9012,GJ05EF9012,0.55,0.88
154195-807166827_medium.mp4,CAM-BATCH-154195,435,2026-09-02T11:46:33Z,GJ27XY9999,GJ27XY9999,0.51,0.88
154195-807166827_medium.mp4,CAM-BATCH-154195,435,2026-09-02T11:46:33Z,GJ03KL4321,GJ03KL4321,0.47,0.88
154195-807166827_medium.mp4,CAM-BATCH-154195,435,2026-09-02T11:46:33Z,GJ01AB1234,GJ01AB1234,0.43,0.88
154195-807166827_medium.mp4,CAM-BATCH-154195,435,2026-09-02T11:46:33Z,GJ18CD5678,GJ18CD5678,0.36,0.88
154195-807166827_medium.mp4,CAM-BATCH-154195,440,2026-09-02T11:46:54Z,GJ05EF9012,GJ05EF9012,0.77,0.88
154195-807166827_medium.mp4,CAM-BATCH-154195,440,2026-09-02T11:46:54Z,GJ27XY9999,GJ27XY9999,0.76,0.88
154195-807166827_medium.mp4,CAM-BATCH-154195,440,2026-09-02T11:46:54Z,GJ03KL4321,GJ03KL4321,0.56,0.88
154195-807166827_medium.mp4,CAM-BATCH-154195,440,2026-09-02T11:46:54Z,GJ01AB1234,GJ01AB1234,0.55,0.88
154195-807166827_medium.mp4,CAM-BATCH-154195,440,2026-09-02T11:46:54Z,GJ18CD5678,GJ18CD5678,0.53,0.88
154195-807166827_medium.mp4,CAM-BATCH-154195,440,2026-09-02T11:46:54Z,GJ05EF9012,GJ05EF9012,0.45,0.88
154195-807166827_medium.mp4,CAM-BATCH-154195,440,2026-09-02T11:46:54Z,GJ27XY9999,GJ27XY9999,0.4,0.88
154195-807166827_medium.mp4,CAM-BATCH-154195,440,2026-09-02T11:46:54Z,GJ03KL4321,GJ03KL4321,0.39,0.88
154195-807166827_medium.mp4,CAM-BATCH-154195,440,2026-09-02T11:46:54Z,GJ01AB1234,GJ01AB1234,0.36,0.88
154195-807166827_medium.mp4,CAM-BATCH-154195,440,2026-09-02T11:46:54Z,GJ18CD5678,GJ18CD5678,0.36,0.88
154195-807166827_medium.mp4,CAM-BATCH-154195,440,2026-09-02T11:46:54Z,GJ05EF9012,GJ05EF9012,0.36,0.88
154195-807166827_medium.mp4,CAM-BATCH-154195,445,2026-09-02T11:47:17Z,GJ27XY9999,GJ27XY9999,0.83,0.88
154195-807166827_medium.mp4,CAM-BATCH-154195,445,2026-09-02T11:47:17Z,GJ03KL4321,GJ03KL4321,0.77,0.88
154195-807166827_medium.mp4,CAM-BATCH-154195,445,2026-09-02T11:47:17Z,GJ01AB1234,GJ01AB1234,0.65,0.88
154195-807166827_medium.mp4,CAM-BATCH-154195,445,2026-09-02T11:47:17Z,GJ18CD5678,GJ18CD5678,0.64,0.88
154195-807166827_medium.mp4,CAM-BATCH-154195,445,2026-09-02T11:47:17Z,GJ05EF9012,GJ05EF9012,0.49,0.88
154195-807166827_medium.mp4,CAM-BATCH-154195,445,2026-09-02T11:47:17Z,GJ27XY9999,GJ27XY9999,0.44,0.88
154195-807166827_medium.mp4,CAM-BATCH-154195,445,2026-09-02T11:47:17Z,GJ03KL4321,GJ03KL4321,0.42,0.88
154195-807166827_medium.mp4,CAM-BATCH-154195,445,2026-09-02T11:47:17Z,GJ01AB1234,GJ01AB1234,0.4,0.88
154195-807166827_medium.mp4,CAM-BATCH-154195,445,2026-09-02T11:47:17Z,GJ18CD5678,GJ18CD5678,0.39,0.88
154195-807166827_medium.mp4,CAM-BATCH-154195,445,2026-09-02T11:47:17Z,GJ05EF9012,GJ05EF9012,0.39,0.88
154195-807166827_medium.mp4,CAM-BATCH-154195,445,2026-09-02T11:47:17Z,GJ27XY9999,GJ27XY9999,0.37,0.88
154195-807166827_medium.mp4,CAM-BATCH-154195,445,2026-09-02T11:47:17Z,GJ03KL4321,GJ03KL4321,0.37,0.88
154195-807166827_medium.mp4,CAM-BATCH-154195,450,2026-09-02T11:47:39Z,GJ01AB1234,GJ01AB1234,0.78,0.88
154195-807166827_medium.mp4,CAM-BATCH-154195,450,2026-09-02T11:47:39Z,GJ18CD5678,GJ18CD5678,0.71,0.88
154195-807166827_medium.mp4,CAM-BATCH-154195,450,2026-09-02T11:47:39Z,GJ05EF9012,GJ05EF9012,0.62,0.88
154195-807166827_medium.mp4,CAM-BATCH-154195,450,2026-09-02T11:47:39Z,GJ27XY9999,GJ27XY9999,0.61,0.88
154195-807166827_medium.mp4,CAM-BATCH-154195,450,2026-09-02T11:47:39Z,GJ03KL4321,GJ03KL4321,0.58,0.88
154195-807166827_medium.mp4,CAM-BATCH-154195,450,2026-09-02T11:47:39Z,GJ01AB1234,GJ01AB1234,0.55,0.88
154195-807166827_medium.mp4,CAM-BATCH-154195,450,2026-09-02T11:47:39Z,GJ18CD5678,GJ18CD5678,0.49,0.88
154195-807166827_medium.mp4,CAM-BATCH-154195,450,2026-09-02T11:47:39Z,GJ05EF9012,GJ05EF9012,0.43,0.88
154195-807166827_medium.mp4,CAM-BATCH-154195,450,2026-09-02T11:47:39Z,GJ27XY9999,GJ27XY9999,0.42,0.88
154195-807166827_medium.mp4,CAM-BATCH-154195,450,2026-09-02T11:47:39Z,GJ03KL4321,GJ03KL4321,0.38,0.88
154195-807166827_medium.mp4,CAM-BATCH-154195,450,2026-09-02T11:47:39Z,GJ01AB1234,GJ01AB1234,0.35,0.88
154195-807166827_medium.mp4,CAM-BATCH-154195,455,2026-09-02T11:48:01Z,GJ18CD5678,GJ18CD5678,0.66,0.88
154195-807166827_medium.mp4,CAM-BATCH-154195,455,2026-09-02T11:48:01Z,GJ05EF9012,GJ05EF9012,0.66,0.88
154195-807166827_medium.mp4,CAM-BATCH-154195,455,2026-09-02T11:48:01Z,GJ27XY9999,GJ27XY9999,0.58,0.88
154195-807166827_medium.mp4,CAM-BATCH-154195,455,2026-09-02T11:48:01Z,GJ03KL4321,GJ03KL4321,0.53,0.88
154195-807166827_medium.mp4,CAM-BATCH-154195,455,2026-09-02T11:48:01Z,GJ01AB1234,GJ01AB1234,0.52,0.88
154195-807166827_medium.mp4,CAM-BATCH-154195,455,2026-09-02T11:48:01Z,GJ18CD5678,GJ18CD5678,0.52,0.88
154195-807166827_medium.mp4,CAM-BATCH-154195,455,2026-09-02T11:48:01Z,GJ05EF9012,GJ05EF9012,0.42,0.88
154195-807166827_medium.mp4,CAM-BATCH-154195,455,2026-09-02T11:48:01Z,GJ27XY9999,GJ27XY9999,0.41,0.88
154195-807166827_medium.mp4,CAM-BATCH-154195,455,2026-09-02T11:48:01Z,GJ03KL4321,GJ03KL4321,0.4,0.88
154195-807166827_medium.mp4,CAM-BATCH-154195,455,2026-09-02T11:48:01Z,GJ01AB1234,GJ01AB1234,0.37,0.88
154195-807166827_medium.mp4,CAM-BATCH-154195,455,2026-09-02T11:48:01Z,GJ18CD5678,GJ18CD5678,0.37,0.88
154195-807166827_medium.mp4,CAM-BATCH-154195,455,2026-09-02T11:48:01Z,GJ05EF9012,GJ05EF9012,0.35,0.88
154195-807166827_medium.mp4,CAM-BATCH-154195,460,2026-09-02T11:48:29Z,GJ27XY9999,GJ27XY9999,0.8,0.88
154195-807166827_medium.mp4,CAM-BATCH-154195,460,2026-09-02T11:48:29Z,GJ03KL4321,GJ03KL4321,0.75,0.88
154195-807166827_medium.mp4,CAM-BATCH-154195,460,2026-09-02T11:48:29Z,GJ01AB1234,GJ01AB1234,0.65,0.88
154195-807166827_medium.mp4,CAM-BATCH-154195,460,2026-09-02T11:48:29Z,GJ18CD5678,GJ18CD5678,0.58,0.88
154195-807166827_medium.mp4,CAM-BATCH-154195,460,2026-09-02T11:48:29Z,GJ05EF9012,GJ05EF9012,0.5,0.88
154195-807166827_medium.mp4,CAM-BATCH-154195,460,2026-09-02T11:48:29Z,GJ27XY9999,GJ27XY9999,0.49,0.88
154195-807166827_medium.mp4,CAM-BATCH-154195,460,2026-09-02T11:48:29Z,GJ03KL4321,GJ03KL4321,0.43,0.88
154195-807166827_medium.mp4,CAM-BATCH-154195,460,2026-09-02T11:48:29Z,GJ01AB1234,GJ01AB1234,0.42,0.88
154195-807166827_medium.mp4,CAM-BATCH-154195,460,2026-09-02T11:48:29Z,GJ18CD5678,GJ18CD5678,0.39,0.88
154195-807166827_medium.mp4,CAM-BATCH-154195,465,2026-09-02T11:48:49Z,GJ05EF9012,GJ05EF9012,0.77,0.88
154195-807166827_medium.mp4,CAM-BATCH-154195,465,2026-09-02T11:48:49Z,GJ27XY9999,GJ27XY9999,0.67,0.88
154195-807166827_medium.mp4,CAM-BATCH-154195,465,2026-09-02T11:48:49Z,GJ03KL4321,GJ03KL4321,0.67,0.88
154195-807166827_medium.mp4,CAM-BATCH-154195,465,2026-09-02T11:48:49Z,GJ01AB1234,GJ01AB1234,0.54,0.88
154195-807166827_medium.mp4,CAM-BATCH-154195,465,2026-09-02T11:48:49Z,GJ18CD5678,GJ18CD5678,0.51,0.88
154195-807166827_medium.mp4,CAM-BATCH-154195,465,2026-09-02T11:48:49Z,GJ05EF9012,GJ05EF9012,0.46,0.88
154195-807166827_medium.mp4,CAM-BATCH-154195,465,2026-09-02T11:48:49Z,GJ27XY9999,GJ27XY9999,0.46,0.88
154195-807166827_medium.mp4,CAM-BATCH-154195,465,2026-09-02T11:48:49Z,GJ03KL4321,GJ03KL4321,0.46,0.88
154195-807166827_medium.mp4,CAM-BATCH-154195,465,2026-09-02T11:48:49Z,GJ01AB1234,GJ01AB1234,0.42,0.88
154195-807166827_medium.mp4,CAM-BATCH-154195,465,2026-09-02T11:48:49Z,GJ18CD5678,GJ18CD5678,0.4,0.88
154195-807166827_medium.mp4,CAM-BATCH-154195,465,2026-09-02T11:48:49Z,GJ05EF9012,GJ05EF9012,0.39,0.88
154195-807166827_medium.mp4,CAM-BATCH-154195,470,2026-09-02T11:49:08Z,GJ27XY9999,GJ27XY9999,0.7,0.88
154195-807166827_medium.mp4,CAM-BATCH-154195,470,2026-09-02T11:49:08Z,GJ03KL4321,GJ03KL4321,0.58,0.88
154195-807166827_medium.mp4,CAM-BATCH-154195,470,2026-09-02T11:49:08Z,GJ01AB1234,GJ01AB1234,0.57,0.88
154195-807166827_medium.mp4,CAM-BATCH-154195,470,2026-09-02T11:49:08Z,GJ18CD5678,GJ18CD5678,0.49,0.88
154195-807166827_medium.mp4,CAM-BATCH-154195,470,2026-09-02T11:49:08Z,GJ05EF9012,GJ05EF9012,0.49,0.88
154195-807166827_medium.mp4,CAM-BATCH-154195,470,2026-09-02T11:49:08Z,GJ27XY9999,GJ27XY9999,0.45,0.88
154195-807166827_medium.mp4,CAM-BATCH-154195,470,2026-09-02T11:49:08Z,GJ03KL4321,GJ03KL4321,0.44,0.88
154195-807166827_medium.mp4,CAM-BATCH-154195,470,2026-09-02T11:49:08Z,GJ01AB1234,GJ01AB1234,0.42,0.88
154195-807166827_medium.mp4,CAM-BATCH-154195,470,2026-09-02T11:49:08Z,GJ18CD5678,GJ18CD5678,0.42,0.88
154195-807166827_medium.mp4,CAM-BATCH-154195,470,2026-09-02T11:49:08Z,GJ05EF9012,GJ05EF9012,0.42,0.88
154195-807166827_medium.mp4,CAM-BATCH-154195,475,2026-09-02T11:49:34Z,GJ27XY9999,GJ27XY9999,0.7,0.88
154195-807166827_medium.mp4,CAM-BATCH-154195,475,2026-09-02T11:49:34Z,GJ03KL4321,GJ03KL4321,0.69,0.88
154195-807166827_medium.mp4,CAM-BATCH-154195,475,2026-09-02T11:49:34Z,GJ01AB1234,GJ01AB1234,0.69,0.88
154195-807166827_medium.mp4,CAM-BATCH-154195,475,2026-09-02T11:49:34Z,GJ18CD5678,GJ18CD5678,0.62,0.88
154195-807166827_medium.mp4,CAM-BATCH-154195,475,2026-09-02T11:49:34Z,GJ05EF9012,GJ05EF9012,0.58,0.88
154195-807166827_medium.mp4,CAM-BATCH-154195,475,2026-09-02T11:49:34Z,GJ27XY9999,GJ27XY9999,0.57,0.88
154195-807166827_medium.mp4,CAM-BATCH-154195,475,2026-09-02T11:49:34Z,GJ03KL4321,GJ03KL4321,0.53,0.88
154195-807166827_medium.mp4,CAM-BATCH-154195,475,2026-09-02T11:49:34Z,GJ01AB1234,GJ01AB1234,0.49,0.88
154195-807166827_medium.mp4,CAM-BATCH-154195,475,2026-09-02T11:49:34Z,GJ18CD5678,GJ18CD5678,0.47,0.88
154195-807166827_medium.mp4,CAM-BATCH-154195,475,2026-09-02T11:49:34Z,GJ05EF9012,GJ05EF9012,0.47,0.88
154195-807166827_medium.mp4,CAM-BATCH-154195,475,2026-09-02T11:49:34Z,GJ27XY9999,GJ27XY9999,0.46,0.88
154195-807166827_medium.mp4,CAM-BATCH-154195,475,2026-09-02T11:49:34Z,GJ03KL4321,GJ03KL4321,0.45,0.88
154195-807166827_medium.mp4,CAM-BATCH-154195,475,2026-09-02T11:49:34Z,GJ01AB1234,GJ01AB1234,0.43,0.88
154195-807166827_medium.mp4,CAM-BATCH-154195,475,2026-09-02T11:49:34Z,GJ18CD5678,GJ18CD5678,0.41,0.88
154195-807166827_medium.mp4,CAM-BATCH-154195,475,2026-09-02T11:49:34Z,GJ05EF9012,GJ05EF9012,0.39,0.88
154195-807166827_medium.mp4,CAM-BATCH-154195,475,2026-09-02T11:49:34Z,GJ27XY9999,GJ27XY9999,0.38,0.88
154195-807166827_medium.mp4,CAM-BATCH-154195,480,2026-09-02T11:50:00Z,GJ03KL4321,GJ03KL4321,0.72,0.88
154195-807166827_medium.mp4,CAM-BATCH-154195,480,2026-09-02T11:50:00Z,GJ01AB1234,GJ01AB1234,0.71,0.88
154195-807166827_medium.mp4,CAM-BATCH-154195,480,2026-09-02T11:50:00Z,GJ18CD5678,GJ18CD5678,0.69,0.88
154195-807166827_medium.mp4,CAM-BATCH-154195,480,2026-09-02T11:50:00Z,GJ05EF9012,GJ05EF9012,0.68,0.88
154195-807166827_medium.mp4,CAM-BATCH-154195,480,2026-09-02T11:50:00Z,GJ27XY9999,GJ27XY9999,0.62,0.88
154195-807166827_medium.mp4,CAM-BATCH-154195,480,2026-09-02T11:50:00Z,GJ03KL4321,GJ03KL4321,0.57,0.88
154195-807166827_medium.mp4,CAM-BATCH-154195,480,2026-09-02T11:50:00Z,GJ01AB1234,GJ01AB1234,0.51,0.88
154195-807166827_medium.mp4,CAM-BATCH-154195,480,2026-09-02T11:50:00Z,GJ18CD5678,GJ18CD5678,0.44,0.88
154195-807166827_medium.mp4,CAM-BATCH-154195,480,2026-09-02T11:50:00Z,GJ05EF9012,GJ05EF9012,0.37,0.88
154195-807166827_medium.mp4,CAM-BATCH-154195,480,2026-09-02T11:50:00Z,GJ27XY9999,GJ27XY9999,0.36,0.88
154195-807166827_medium.mp4,CAM-BATCH-154195,480,2026-09-02T11:50:00Z,GJ03KL4321,GJ03KL4321,0.36,0.88
154195-807166827_medium.mp4,CAM-BATCH-154195,485,2026-09-02T11:50:19Z,GJ01AB1234,GJ01AB1234,0.81,0.88
154195-807166827_medium.mp4,CAM-BATCH-154195,485,2026-09-02T11:50:19Z,GJ18CD5678,GJ18CD5678,0.76,0.88
154195-807166827_medium.mp4,CAM-BATCH-154195,485,2026-09-02T11:50:19Z,GJ05EF9012,GJ05EF9012,0.75,0.88
154195-807166827_medium.mp4,CAM-BATCH-154195,485,2026-09-02T11:50:19Z,GJ27XY9999,GJ27XY9999,0.74,0.88
154195-807166827_medium.mp4,CAM-BATCH-154195,485,2026-09-02T11:50:19Z,GJ03KL4321,GJ03KL4321,0.66,0.88
154195-807166827_medium.mp4,CAM-BATCH-154195,485,2026-09-02T11:50:19Z,GJ01AB1234,GJ01AB1234,0.63,0.88
154195-807166827_medium.mp4,CAM-BATCH-154195,485,2026-09-02T11:50:19Z,GJ18CD5678,GJ18CD5678,0.59,0.88
154195-807166827_medium.mp4,CAM-BATCH-154195,485,2026-09-02T11:50:19Z,GJ05EF9012,GJ05EF9012,0.56,0.88
154195-807166827_medium.mp4,CAM-BATCH-154195,485,2026-09-02T11:50:19Z,GJ27XY9999,GJ27XY9999,0.4,0.88
154195-807166827_medium.mp4,CAM-BATCH-154195,485,2026-09-02T11:50:19Z,GJ03KL4321,GJ03KL4321,0.39,0.88
154195-807166827_medium.mp4,CAM-BATCH-154195,485,2026-09-02T11:50:19Z,GJ01AB1234,GJ01AB1234,0.39,0.88
154195-807166827_medium.mp4,CAM-BATCH-154195,485,2026-09-02T11:50:19Z,GJ18CD5678,GJ18CD5678,0.38,0.88
154195-807166827_medium.mp4,CAM-BATCH-154195,485,2026-09-02T11:50:19Z,GJ05EF9012,GJ05EF9012,0.35,0.88
154195-807166827_medium.mp4,CAM-BATCH-154195,490,2026-09-02T11:50:46Z,GJ27XY9999,GJ27XY9999,0.7,0.88
154195-807166827_medium.mp4,CAM-BATCH-154195,490,2026-09-02T11:50:46Z,GJ03KL4321,GJ03KL4321,0.66,0.88
154195-807166827_medium.mp4,CAM-BATCH-154195,490,2026-09-02T11:50:46Z,GJ01AB1234,GJ01AB1234,0.63,0.88
154195-807166827_medium.mp4,CAM-BATCH-154195,490,2026-09-02T11:50:46Z,GJ18CD5678,GJ18CD5678,0.57,0.88
154195-807166827_medium.mp4,CAM-BATCH-154195,490,2026-09-02T11:50:46Z,GJ05EF9012,GJ05EF9012,0.53,0.88
154195-807166827_medium.mp4,CAM-BATCH-154195,490,2026-09-02T11:50:46Z,GJ27XY9999,GJ27XY9999,0.48,0.88
154195-807166827_medium.mp4,CAM-BATCH-154195,490,2026-09-02T11:50:46Z,GJ03KL4321,GJ03KL4321,0.45,0.88
154195-807166827_medium.mp4,CAM-BATCH-154195,490,2026-09-02T11:50:46Z,GJ01AB1234,GJ01AB1234,0.44,0.88
154195-807166827_medium.mp4,CAM-BATCH-154195,490,2026-09-02T11:50:46Z,GJ18CD5678,GJ18CD5678,0.43,0.88
154195-807166827_medium.mp4,CAM-BATCH-154195,490,2026-09-02T11:50:46Z,GJ05EF9012,GJ05EF9012,0.4,0.88
154195-807166827_medium.mp4,CAM-BATCH-154195,490,2026-09-02T11:50:46Z,GJ27XY9999,GJ27XY9999,0.38,0.88
154195-807166827_medium.mp4,CAM-BATCH-154195,490,2026-09-02T11:50:46Z,GJ03KL4321,GJ03KL4321,0.37,0.88
154195-807166827_medium.mp4,CAM-BATCH-154195,490,2026-09-02T11:50:46Z,GJ01AB1234,GJ01AB1234,0.36,0.88
154195-807166827_medium.mp4,CAM-BATCH-154195,495,2026-09-02T11:51:19Z,GJ18CD5678,GJ18CD5678,0.79,0.88
154195-807166827_medium.mp4,CAM-BATCH-154195,495,2026-09-02T11:51:19Z,GJ05EF9012,GJ05EF9012,0.67,0.88
154195-807166827_medium.mp4,CAM-BATCH-154195,495,2026-09-02T11:51:19Z,GJ27XY9999,GJ27XY9999,0.59,0.88
154195-807166827_medium.mp4,CAM-BATCH-154195,495,2026-09-02T11:51:19Z,GJ03KL4321,GJ03KL4321,0.56,0.88
154195-807166827_medium.mp4,CAM-BATCH-154195,495,2026-09-02T11:51:19Z,GJ01AB1234,GJ01AB1234,0.44,0.88
154195-807166827_medium.mp4,CAM-BATCH-154195,495,2026-09-02T11:51:19Z,GJ18CD5678,GJ18CD5678,0.42,0.88
154195-807166827_medium.mp4,CAM-BATCH-154195,495,2026-09-02T11:51:19Z,GJ05EF9012,GJ05EF9012,0.42,0.88
154195-807166827_medium.mp4,CAM-BATCH-154195,495,2026-09-02T11:51:19Z,GJ27XY9999,GJ27XY9999,0.41,0.88
154195-807166827_medium.mp4,CAM-BATCH-154195,495,2026-09-02T11:51:19Z,GJ03KL4321,GJ03KL4321,0.4,0.88
154195-807166827_medium.mp4,CAM-BATCH-154195,495,2026-09-02T11:51:19Z,GJ01AB1234,GJ01AB1234,0.39,0.88
154195-807166827_medium.mp4,CAM-BATCH-154195,495,2026-09-02T11:51:19Z,GJ18CD5678,GJ18CD5678,0.39,0.88
154195-807166827_medium.mp4,CAM-BATCH-154195,495,2026-09-02T11:51:19Z,GJ05EF9012,GJ05EF9012,0.35,0.88
154195-807166827_medium.mp4,CAM-BATCH-154195,500,2026-09-02T11:51:54Z,GJ27XY9999,GJ27XY9999,0.77,0.88
154195-807166827_medium.mp4,CAM-BATCH-154195,500,2026-09-02T11:51:54Z,GJ03KL4321,GJ03KL4321,0.72,0.88
154195-807166827_medium.mp4,CAM-BATCH-154195,500,2026-09-02T11:51:54Z,GJ01AB1234,GJ01AB1234,0.58,0.88
154195-807166827_medium.mp4,CAM-BATCH-154195,500,2026-09-02T11:51:54Z,GJ18CD5678,GJ18CD5678,0.56,0.88
154195-807166827_medium.mp4,CAM-BATCH-154195,500,2026-09-02T11:51:54Z,GJ05EF9012,GJ05EF9012,0.52,0.88
154195-807166827_medium.mp4,CAM-BATCH-154195,500,2026-09-02T11:51:54Z,GJ27XY9999,GJ27XY9999,0.49,0.88
154195-807166827_medium.mp4,CAM-BATCH-154195,500,2026-09-02T11:51:54Z,GJ03KL4321,GJ03KL4321,0.45,0.88
154195-807166827_medium.mp4,CAM-BATCH-154195,500,2026-09-02T11:51:54Z,GJ01AB1234,GJ01AB1234,0.44,0.88
154195-807166827_medium.mp4,CAM-BATCH-154195,500,2026-09-02T11:51:54Z,GJ18CD5678,GJ18CD5678,0.43,0.88
154195-807166827_medium.mp4,CAM-BATCH-154195,500,2026-09-02T11:51:54Z,GJ05EF9012,GJ05EF9012,0.4,0.88
154195-807166827_medium.mp4,CAM-BATCH-154195,500,2026-09-02T11:51:54Z,GJ27XY9999,GJ27XY9999,0.39,0.88
154195-807166827_medium.mp4,CAM-BATCH-154195,500,2026-09-02T11:51:54Z,GJ03KL4321,GJ03KL4321,0.36,0.88
154195-807166827_medium.mp4,CAM-BATCH-154195,505,2026-09-02T11:52:24Z,GJ01AB1234,GJ01AB1234,0.83,0.88
154195-807166827_medium.mp4,CAM-BATCH-154195,505,2026-09-02T11:52:24Z,GJ18CD5678,GJ18CD5678,0.77,0.88
154195-807166827_medium.mp4,CAM-BATCH-154195,505,2026-09-02T11:52:24Z,GJ05EF9012,GJ05EF9012,0.75,0.88
154195-807166827_medium.mp4,CAM-BATCH-154195,505,2026-09-02T11:52:24Z,GJ27XY9999,GJ27XY9999,0.55,0.88
154195-807166827_medium.mp4,CAM-BATCH-154195,505,2026-09-02T11:52:24Z,GJ03KL4321,GJ03KL4321,0.49,0.88
154195-807166827_medium.mp4,CAM-BATCH-154195,505,2026-09-02T11:52:24Z,GJ01AB1234,GJ01AB1234,0.46,0.88
154195-807166827_medium.mp4,CAM-BATCH-154195,505,2026-09-02T11:52:24Z,GJ18CD5678,GJ18CD5678,0.45,0.88
154195-807166827_medium.mp4,CAM-BATCH-154195,505,2026-09-02T11:52:24Z,GJ05EF9012,GJ05EF9012,0.43,0.88
154195-807166827_medium.mp4,CAM-BATCH-154195,505,2026-09-02T11:52:24Z,GJ27XY9999,GJ27XY9999,0.41,0.88
154195-807166827_medium.mp4,CAM-BATCH-154195,505,2026-09-02T11:52:24Z,GJ03KL4321,GJ03KL4321,0.4,0.88
154195-807166827_medium.mp4,CAM-BATCH-154195,505,2026-09-02T11:52:24Z,GJ01AB1234,GJ01AB1234,0.39,0.88
154195-807166827_medium.mp4,CAM-BATCH-154195,505,2026-09-02T11:52:24Z,GJ18CD5678,GJ18CD5678,0.37,0.88
154195-807166827_medium.mp4,CAM-BATCH-154195,505,2026-09-02T11:52:24Z,GJ05EF9012,GJ05EF9012,0.37,0.88
154195-807166827_medium.mp4,CAM-BATCH-154195,505,2026-09-02T11:52:24Z,GJ27XY9999,GJ27XY9999,0.36,0.88
154195-807166827_medium.mp4,CAM-BATCH-154195,505,2026-09-02T11:52:24Z,GJ03KL4321,GJ03KL4321,0.36,0.88
154195-807166827_medium.mp4,CAM-BATCH-154195,505,2026-09-02T11:52:24Z,GJ01AB1234,GJ01AB1234,0.36,0.88
154195-807166827_medium.mp4,CAM-BATCH-154195,510,2026-09-02T11:53:00Z,GJ18CD5678,GJ18CD5678,0.79,0.88
154195-807166827_medium.mp4,CAM-BATCH-154195,510,2026-09-02T11:53:00Z,GJ05EF9012,GJ05EF9012,0.72,0.88
154195-807166827_medium.mp4,CAM-BATCH-154195,510,2026-09-02T11:53:00Z,GJ27XY9999,GJ27XY9999,0.64,0.88
154195-807166827_medium.mp4,CAM-BATCH-154195,510,2026-09-02T11:53:00Z,GJ03KL4321,GJ03KL4321,0.51,0.88
154195-807166827_medium.mp4,CAM-BATCH-154195,510,2026-09-02T11:53:00Z,GJ01AB1234,GJ01AB1234,0.48,0.88
154195-807166827_medium.mp4,CAM-BATCH-154195,510,2026-09-02T11:53:00Z,GJ18CD5678,GJ18CD5678,0.43,0.88
154195-807166827_medium.mp4,CAM-BATCH-154195,510,2026-09-02T11:53:00Z,GJ05EF9012,GJ05EF9012,0.43,0.88
154195-807166827_medium.mp4,CAM-BATCH-154195,510,2026-09-02T11:53:00Z,GJ27XY9999,GJ27XY9999,0.43,0.88
154195-807166827_medium.mp4,CAM-BATCH-154195,515,2026-09-02T11:53:20Z,GJ03KL4321,GJ03KL4321,0.76,0.88
154195-807166827_medium.mp4,CAM-BATCH-154195,515,2026-09-02T11:53:20Z,GJ01AB1234,GJ01AB1234,0.67,0.88
154195-807166827_medium.mp4,CAM-BATCH-154195,515,2026-09-02T11:53:20Z,GJ18CD5678,GJ18CD5678,0.62,0.88
154195-807166827_medium.mp4,CAM-BATCH-154195,515,2026-09-02T11:53:20Z,GJ05EF9012,GJ05EF9012,0.62,0.88
154195-807166827_medium.mp4,CAM-BATCH-154195,515,2026-09-02T11:53:20Z,GJ27XY9999,GJ27XY9999,0.44,0.88
154195-807166827_medium.mp4,CAM-BATCH-154195,520,2026-09-02T11:53:33Z,GJ03KL4321,GJ03KL4321,0.71,0.88
154195-807166827_medium.mp4,CAM-BATCH-154195,520,2026-09-02T11:53:33Z,GJ01AB1234,GJ01AB1234,0.61,0.88
154195-807166827_medium.mp4,CAM-BATCH-154195,520,2026-09-02T11:53:33Z,GJ18CD5678,GJ18CD5678,0.47,0.88
154195-807166827_medium.mp4,CAM-BATCH-154195,520,2026-09-02T11:53:33Z,GJ05EF9012,GJ05EF9012,0.42,0.88
154195-807166827_medium.mp4,CAM-BATCH-154195,520,2026-09-02T11:53:33Z,GJ27XY9999,GJ27XY9999,0.42,0.88
154195-807166827_medium.mp4,CAM-BATCH-154195,520,2026-09-02T11:53:33Z,GJ03KL4321,GJ03KL4321,0.39,0.88
154195-807166827_medium.mp4,CAM-BATCH-154195,525,2026-09-02T11:53:50Z,GJ01AB1234,GJ01AB1234,0.55,0.88
154195-807166827_medium.mp4,CAM-BATCH-154195,525,2026-09-02T11:53:50Z,GJ18CD5678,GJ18CD5678,0.53,0.88
154195-807166827_medium.mp4,CAM-BATCH-154195,525,2026-09-02T11:53:50Z,GJ05EF9012,GJ05EF9012,0.52,0.88
154195-807166827_medium.mp4,CAM-BATCH-154195,525,2026-09-02T11:53:50Z,GJ27XY9999,GJ27XY9999,0.47,0.88
154195-807166827_medium.mp4,CAM-BATCH-154195,525,2026-09-02T11:53:50Z,GJ03KL4321,GJ03KL4321,0.44,0.88
154195-807166827_medium.mp4,CAM-BATCH-154195,525,2026-09-02T11:53:50Z,GJ01AB1234,GJ01AB1234,0.44,0.88
154195-807166827_medium.mp4,CAM-BATCH-154195,525,2026-09-02T11:53:50Z,GJ18CD5678,GJ18CD5678,0.43,0.88
154195-807166827_medium.mp4,CAM-BATCH-154195,525,2026-09-02T11:53:50Z,GJ05EF9012,GJ05EF9012,0.42,0.88
154195-807166827_medium.mp4,CAM-BATCH-154195,525,2026-09-02T11:53:50Z,GJ27XY9999,GJ27XY9999,0.37,0.88
154195-807166827_medium.mp4,CAM-BATCH-154195,530,2026-09-02T11:54:12Z,GJ03KL4321,GJ03KL4321,0.72,0.88
154195-807166827_medium.mp4,CAM-BATCH-154195,530,2026-09-02T11:54:12Z,GJ01AB1234,GJ01AB1234,0.65,0.88
154195-807166827_medium.mp4,CAM-BATCH-154195,530,2026-09-02T11:54:12Z,GJ18CD5678,GJ18CD5678,0.61,0.88
154195-807166827_medium.mp4,CAM-BATCH-154195,530,2026-09-02T11:54:12Z,GJ05EF9012,GJ05EF9012,0.5,0.88
154195-807166827_medium.mp4,CAM-BATCH-154195,530,2026-09-02T11:54:12Z,GJ27XY9999,GJ27XY9999,0.45,0.88
154195-807166827_medium.mp4,CAM-BATCH-154195,530,2026-09-02T11:54:12Z,GJ03KL4321,GJ03KL4321,0.39,0.88
154195-807166827_medium.mp4,CAM-BATCH-154195,530,2026-09-02T11:54:12Z,GJ01AB1234,GJ01AB1234,0.36,0.88
154195-807166827_medium.mp4,CAM-BATCH-154195,530,2026-09-02T11:54:12Z,GJ18CD5678,GJ18CD5678,0.36,0.88
154195-807166827_medium.mp4,CAM-BATCH-154195,535,2026-09-02T11:54:32Z,GJ05EF9012,GJ05EF9012,0.68,0.88
154195-807166827_medium.mp4,CAM-BATCH-154195,535,2026-09-02T11:54:32Z,GJ27XY9999,GJ27XY9999,0.57,0.88
154195-807166827_medium.mp4,CAM-BATCH-154195,535,2026-09-02T11:54:32Z,GJ03KL4321,GJ03KL4321,0.54,0.88
154195-807166827_medium.mp4,CAM-BATCH-154195,535,2026-09-02T11:54:32Z,GJ01AB1234,GJ01AB1234,0.51,0.88
154195-807166827_medium.mp4,CAM-BATCH-154195,535,2026-09-02T11:54:32Z,GJ18CD5678,GJ18CD5678,0.5,0.88
154195-807166827_medium.mp4,CAM-BATCH-154195,535,2026-09-02T11:54:32Z,GJ05EF9012,GJ05EF9012,0.43,0.88
154195-807166827_medium.mp4,CAM-BATCH-154195,535,2026-09-02T11:54:32Z,GJ27XY9999,GJ27XY9999,0.41,0.88
154195-807166827_medium.mp4,CAM-BATCH-154195,535,2026-09-02T11:54:32Z,GJ03KL4321,GJ03KL4321,0.38,0.88
154195-807166827_medium.mp4,CAM-BATCH-154195,535,2026-09-02T11:54:32Z,GJ01AB1234,GJ01AB1234,0.38,0.88
154195-807166827_medium.mp4,CAM-BATCH-154195,540,2026-09-02T11:55:01Z,GJ18CD5678,GJ18CD5678,0.57,0.88
154195-807166827_medium.mp4,CAM-BATCH-154195,540,2026-09-02T11:55:01Z,GJ05EF9012,GJ05EF9012,0.49,0.88
154195-807166827_medium.mp4,CAM-BATCH-154195,540,2026-09-02T11:55:01Z,GJ27XY9999,GJ27XY9999,0.49,0.88
154195-807166827_medium.mp4,CAM-BATCH-154195,540,2026-09-02T11:55:01Z,GJ03KL4321,GJ03KL4321,0.44,0.88
154195-807166827_medium.mp4,CAM-BATCH-154195,540,2026-09-02T11:55:01Z,GJ01AB1234,GJ01AB1234,0.41,0.88
154195-807166827_medium.mp4,CAM-BATCH-154195,540,2026-09-02T11:55:01Z,GJ18CD5678,GJ18CD5678,0.39,0.88
154195-807166827_medium.mp4,CAM-BATCH-154195,545,2026-09-02T11:55:21Z,GJ05EF9012,GJ05EF9012,0.65,0.88
154195-807166827_medium.mp4,CAM-BATCH-154195,545,2026-09-02T11:55:21Z,GJ27XY9999,GJ27XY9999,0.52,0.88
154195-807166827_medium.mp4,CAM-BATCH-154195,545,2026-09-02T11:55:21Z,GJ03KL4321,GJ03KL4321,0.47,0.88
154195-807166827_medium.mp4,CAM-BATCH-154195,545,2026-09-02T11:55:21Z,GJ01AB1234,GJ01AB1234,0.45,0.88
154195-807166827_medium.mp4,CAM-BATCH-154195,545,2026-09-02T11:55:21Z,GJ18CD5678,GJ18CD5678,0.44,0.88
154195-807166827_medium.mp4,CAM-BATCH-154195,545,2026-09-02T11:55:21Z,GJ05EF9012,GJ05EF9012,0.42,0.88
154195-807166827_medium.mp4,CAM-BATCH-154195,545,2026-09-02T11:55:21Z,GJ27XY9999,GJ27XY9999,0.38,0.88
154195-807166827_medium.mp4,CAM-BATCH-154195,550,2026-09-02T11:55:39Z,GJ03KL4321,GJ03KL4321,0.57,0.88
154195-807166827_medium.mp4,CAM-BATCH-154195,550,2026-09-02T11:55:39Z,GJ01AB1234,GJ01AB1234,0.55,0.88
154195-807166827_medium.mp4,CAM-BATCH-154195,550,2026-09-02T11:55:39Z,GJ18CD5678,GJ18CD5678,0.54,0.88
154195-807166827_medium.mp4,CAM-BATCH-154195,550,2026-09-02T11:55:39Z,GJ05EF9012,GJ05EF9012,0.49,0.88
154195-807166827_medium.mp4,CAM-BATCH-154195,550,2026-09-02T11:55:39Z,GJ27XY9999,GJ27XY9999,0.46,0.88
154195-807166827_medium.mp4,CAM-BATCH-154195,550,2026-09-02T11:55:39Z,GJ03KL4321,GJ03KL4321,0.43,0.88
154195-807166827_medium.mp4,CAM-BATCH-154195,550,2026-09-02T11:55:39Z,GJ01AB1234,GJ01AB1234,0.42,0.88
154195-807166827_medium.mp4,CAM-BATCH-154195,550,2026-09-02T11:55:39Z,GJ18CD5678,GJ18CD5678,0.36,0.88
154195-807166827_medium.mp4,CAM-BATCH-154195,550,2026-09-02T11:55:39Z,GJ05EF9012,GJ05EF9012,0.35,0.88
154195-807166827_medium.mp4,CAM-BATCH-154195,555,2026-09-02T11:56:08Z,GJ27XY9999,GJ27XY9999,0.69,0.88
154195-807166827_medium.mp4,CAM-BATCH-154195,555,2026-09-02T11:56:08Z,GJ03KL4321,GJ03KL4321,0.68,0.88
154195-807166827_medium.mp4,CAM-BATCH-154195,555,2026-09-02T11:56:08Z,GJ01AB1234,GJ01AB1234,0.57,0.88
154195-807166827_medium.mp4,CAM-BATCH-154195,555,2026-09-02T11:56:08Z,GJ18CD5678,GJ18CD5678,0.54,0.88
154195-807166827_medium.mp4,CAM-BATCH-154195,555,2026-09-02T11:56:08Z,GJ05EF9012,GJ05EF9012,0.42,0.88
154195-807166827_medium.mp4,CAM-BATCH-154195,555,2026-09-02T11:56:08Z,GJ27XY9999,GJ27XY9999,0.36,0.88
154195-807166827_medium.mp4,CAM-BATCH-154195,560,2026-09-02T11:56:25Z,GJ03KL4321,GJ03KL4321,0.79,0.88
154195-807166827_medium.mp4,CAM-BATCH-154195,560,2026-09-02T11:56:25Z,GJ01AB1234,GJ01AB1234,0.64,0.88
154195-807166827_medium.mp4,CAM-BATCH-154195,560,2026-09-02T11:56:25Z,GJ18CD5678,GJ18CD5678,0.6,0.88
154195-807166827_medium.mp4,CAM-BATCH-154195,560,2026-09-02T11:56:25Z,GJ05EF9012,GJ05EF9012,0.45,0.88
154195-807166827_medium.mp4,CAM-BATCH-154195,560,2026-09-02T11:56:25Z,GJ27XY9999,GJ27XY9999,0.44,0.88
154195-807166827_medium.mp4,CAM-BATCH-154195,560,2026-09-02T11:56:25Z,GJ03KL4321,GJ03KL4321,0.39,0.88
154195-807166827_medium.mp4,CAM-BATCH-154195,565,2026-09-02T11:56:41Z,GJ01AB1234,GJ01AB1234,0.61,0.88
154195-807166827_medium.mp4,CAM-BATCH-154195,565,2026-09-02T11:56:41Z,GJ18CD5678,GJ18CD5678,0.52,0.88
154195-807166827_medium.mp4,CAM-BATCH-154195,565,2026-09-02T11:56:41Z,GJ05EF9012,GJ05EF9012,0.52,0.88
154195-807166827_medium.mp4,CAM-BATCH-154195,565,2026-09-02T11:56:41Z,GJ27XY9999,GJ27XY9999,0.49,0.88
154195-807166827_medium.mp4,CAM-BATCH-154195,565,2026-09-02T11:56:41Z,GJ03KL4321,GJ03KL4321,0.41,0.88
154195-807166827_medium.mp4,CAM-BATCH-154195,570,2026-09-02T11:56:56Z,GJ01AB1234,GJ01AB1234,0.62,0.88
154195-807166827_medium.mp4,CAM-BATCH-154195,570,2026-09-02T11:56:56Z,GJ18CD5678,GJ18CD5678,0.56,0.88
154195-807166827_medium.mp4,CAM-BATCH-154195,570,2026-09-02T11:56:56Z,GJ05EF9012,GJ05EF9012,0.54,0.88
154195-807166827_medium.mp4,CAM-BATCH-154195,570,2026-09-02T11:56:56Z,GJ27XY9999,GJ27XY9999,0.52,0.88
154195-807166827_medium.mp4,CAM-BATCH-154195,570,2026-09-02T11:56:56Z,GJ03KL4321,GJ03KL4321,0.51,0.88
154195-807166827_medium.mp4,CAM-BATCH-154195,570,2026-09-02T11:56:56Z,GJ01AB1234,GJ01AB1234,0.47,0.88
154195-807166827_medium.mp4,CAM-BATCH-154195,570,2026-09-02T11:56:56Z,GJ18CD5678,GJ18CD5678,0.43,0.88
154195-807166827_medium.mp4,CAM-BATCH-154195,570,2026-09-02T11:56:56Z,GJ05EF9012,GJ05EF9012,0.36,0.88
154195-807166827_medium.mp4,CAM-BATCH-154195,575,2026-09-02T11:57:17Z,GJ27XY9999,GJ27XY9999,0.75,0.88
154195-807166827_medium.mp4,CAM-BATCH-154195,575,2026-09-02T11:57:17Z,GJ03KL4321,GJ03KL4321,0.62,0.88
154195-807166827_medium.mp4,CAM-BATCH-154195,575,2026-09-02T11:57:17Z,GJ01AB1234,GJ01AB1234,0.62,0.88
154195-807166827_medium.mp4,CAM-BATCH-154195,575,2026-09-02T11:57:17Z,GJ18CD5678,GJ18CD5678,0.55,0.88
154195-807166827_medium.mp4,CAM-BATCH-154195,575,2026-09-02T11:57:17Z,GJ05EF9012,GJ05EF9012,0.5,0.88
154195-807166827_medium.mp4,CAM-BATCH-154195,575,2026-09-02T11:57:17Z,GJ27XY9999,GJ27XY9999,0.47,0.88
154195-807166827_medium.mp4,CAM-BATCH-154195,575,2026-09-02T11:57:17Z,GJ03KL4321,GJ03KL4321,0.37,0.88
154195-807166827_medium.mp4,CAM-BATCH-154195,580,2026-09-02T11:57:42Z,GJ01AB1234,GJ01AB1234,0.58,0.88
154195-807166827_medium.mp4,CAM-BATCH-154195,580,2026-09-02T11:57:42Z,GJ18CD5678,GJ18CD5678,0.52,0.88
154195-807166827_medium.mp4,CAM-BATCH-154195,580,2026-09-02T11:57:42Z,GJ05EF9012,GJ05EF9012,0.5,0.88
154195-807166827_medium.mp4,CAM-BATCH-154195,580,2026-09-02T11:57:42Z,GJ27XY9999,GJ27XY9999,0.49,0.88
154195-807166827_medium.mp4,CAM-BATCH-154195,580,2026-09-02T11:57:42Z,GJ03KL4321,GJ03KL4321,0.4,0.88
154195-807166827_medium.mp4,CAM-BATCH-154195,580,2026-09-02T11:57:42Z,GJ01AB1234,GJ01AB1234,0.39,0.88
154195-807166827_medium.mp4,CAM-BATCH-154195,580,2026-09-02T11:57:42Z,GJ18CD5678,GJ18CD5678,0.39,0.88
154195-807166827_medium.mp4,CAM-BATCH-154195,585,2026-09-02T11:58:05Z,GJ05EF9012,GJ05EF9012,0.71,0.88
154195-807166827_medium.mp4,CAM-BATCH-154195,585,2026-09-02T11:58:05Z,GJ27XY9999,GJ27XY9999,0.69,0.88
154195-807166827_medium.mp4,CAM-BATCH-154195,585,2026-09-02T11:58:05Z,GJ03KL4321,GJ03KL4321,0.58,0.88
154195-807166827_medium.mp4,CAM-BATCH-154195,585,2026-09-02T11:58:05Z,GJ01AB1234,GJ01AB1234,0.5,0.88
154195-807166827_medium.mp4,CAM-BATCH-154195,585,2026-09-02T11:58:05Z,GJ18CD5678,GJ18CD5678,0.44,0.88
154195-807166827_medium.mp4,CAM-BATCH-154195,585,2026-09-02T11:58:05Z,GJ05EF9012,GJ05EF9012,0.43,0.88
154195-807166827_medium.mp4,CAM-BATCH-154195,585,2026-09-02T11:58:05Z,GJ27XY9999,GJ27XY9999,0.43,0.88
154195-807166827_medium.mp4,CAM-BATCH-154195,585,2026-09-02T11:58:05Z,GJ03KL4321,GJ03KL4321,0.4,0.88
154195-807166827_medium.mp4,CAM-BATCH-154195,590,2026-09-02T11:58:37Z,GJ01AB1234,GJ01AB1234,0.71,0.88
154195-807166827_medium.mp4,CAM-BATCH-154195,590,2026-09-02T11:58:37Z,GJ18CD5678,GJ18CD5678,0.63,0.88
154195-807166827_medium.mp4,CAM-BATCH-154195,590,2026-09-02T11:58:37Z,GJ05EF9012,GJ05EF9012,0.56,0.88
154195-807166827_medium.mp4,CAM-BATCH-154195,590,2026-09-02T11:58:37Z,GJ27XY9999,GJ27XY9999,0.53,0.88
154195-807166827_medium.mp4,CAM-BATCH-154195,590,2026-09-02T11:58:37Z,GJ03KL4321,GJ03KL4321,0.52,0.88
154195-807166827_medium.mp4,CAM-BATCH-154195,590,2026-09-02T11:58:37Z,GJ01AB1234,GJ01AB1234,0.48,0.88
154195-807166827_medium.mp4,CAM-BATCH-154195,590,2026-09-02T11:58:37Z,GJ18CD5678,GJ18CD5678,0.48,0.88
154195-807166827_medium.mp4,CAM-BATCH-154195,590,2026-09-02T11:58:37Z,GJ05EF9012,GJ05EF9012,0.45,0.88
154195-807166827_medium.mp4,CAM-BATCH-154195,590,2026-09-02T11:58:37Z,GJ27XY9999,GJ27XY9999,0.43,0.88
154195-807166827_medium.mp4,CAM-BATCH-154195,590,2026-09-02T11:58:37Z,GJ03KL4321,GJ03KL4321,0.36,0.88
154195-807166827_medium.mp4,CAM-BATCH-154195,595,2026-09-02T11:59:02Z,GJ01AB1234,GJ01AB1234,0.68,0.88
154195-807166827_medium.mp4,CAM-BATCH-154195,595,2026-09-02T11:59:02Z,GJ18CD5678,GJ18CD5678,0.66,0.88
154195-807166827_medium.mp4,CAM-BATCH-154195,595,2026-09-02T11:59:02Z,GJ05EF9012,GJ05EF9012,0.61,0.88
154195-807166827_medium.mp4,CAM-BATCH-154195,595,2026-09-02T11:59:02Z,GJ27XY9999,GJ27XY9999,0.59,0.88
154195-807166827_medium.mp4,CAM-BATCH-154195,595,2026-09-02T11:59:02Z,GJ03KL4321,GJ03KL4321,0.54,0.88
154195-807166827_medium.mp4,CAM-BATCH-154195,595,2026-09-02T11:59:02Z,GJ01AB1234,GJ01AB1234,0.46,0.88
154195-807166827_medium.mp4,CAM-BATCH-154195,600,2026-09-02T11:59:24Z,GJ18CD5678,GJ18CD5678,0.82,0.88
154195-807166827_medium.mp4,CAM-BATCH-154195,600,2026-09-02T11:59:24Z,GJ05EF9012,GJ05EF9012,0.65,0.88
154195-807166827_medium.mp4,CAM-BATCH-154195,600,2026-09-02T11:59:24Z,GJ27XY9999,GJ27XY9999,0.57,0.88
154195-807166827_medium.mp4,CAM-BATCH-154195,600,2026-09-02T11:59:24Z,GJ03KL4321,GJ03KL4321,0.54,0.88
154195-807166827_medium.mp4,CAM-BATCH-154195,600,2026-09-02T11:59:24Z,GJ01AB1234,GJ01AB1234,0.5,0.88
154195-807166827_medium.mp4,CAM-BATCH-154195,600,2026-09-02T11:59:24Z,GJ18CD5678,GJ18CD5678,0.5,0.88
154195-807166827_medium.mp4,CAM-BATCH-154195,600,2026-09-02T11:59:24Z,GJ05EF9012,GJ05EF9012,0.48,0.88
154195-807166827_medium.mp4,CAM-BATCH-154195,605,2026-09-02T11:59:46Z,GJ27XY9999,GJ27XY9999,0.79,0.88
154195-807166827_medium.mp4,CAM-BATCH-154195,605,2026-09-02T11:59:46Z,GJ03KL4321,GJ03KL4321,0.68,0.88
154195-807166827_medium.mp4,CAM-BATCH-154195,605,2026-09-02T11:59:46Z,GJ01AB1234,GJ01AB1234,0.64,0.88
154195-807166827_medium.mp4,CAM-BATCH-154195,605,2026-09-02T11:59:46Z,GJ18CD5678,GJ18CD5678,0.58,0.88
154195-807166827_medium.mp4,CAM-BATCH-154195,605,2026-09-02T11:59:46Z,GJ05EF9012,GJ05EF9012,0.58,0.88
154195-807166827_medium.mp4,CAM-BATCH-154195,605,2026-09-02T11:59:46Z,GJ27XY9999,GJ27XY9999,0.45,0.88
154195-807166827_medium.mp4,CAM-BATCH-154195,605,2026-09-02T11:59:46Z,GJ03KL4321,GJ03KL4321,0.44,0.88
154195-807166827_medium.mp4,CAM-BATCH-154195,610,2026-09-02T12:00:05Z,GJ01AB1234,GJ01AB1234,0.77,0.88
154195-807166827_medium.mp4,CAM-BATCH-154195,610,2026-09-02T12:00:05Z,GJ18CD5678,GJ18CD5678,0.76,0.88
154195-807166827_medium.mp4,CAM-BATCH-154195,610,2026-09-02T12:00:05Z,GJ05EF9012,GJ05EF9012,0.62,0.88
154195-807166827_medium.mp4,CAM-BATCH-154195,610,2026-09-02T12:00:05Z,GJ27XY9999,GJ27XY9999,0.54,0.88
154195-807166827_medium.mp4,CAM-BATCH-154195,610,2026-09-02T12:00:05Z,GJ03KL4321,GJ03KL4321,0.44,0.88
154195-807166827_medium.mp4,CAM-BATCH-154195,610,2026-09-02T12:00:05Z,GJ01AB1234,GJ01AB1234,0.43,0.88
154195-807166827_medium.mp4,CAM-BATCH-154195,610,2026-09-02T12:00:05Z,GJ18CD5678,GJ18CD5678,0.42,0.88
154195-807166827_medium.mp4,CAM-BATCH-154195,610,2026-09-02T12:00:05Z,GJ05EF9012,GJ05EF9012,0.4,0.88
154195-807166827_medium.mp4,CAM-BATCH-154195,615,2026-09-02T12:00:26Z,GJ27XY9999,GJ27XY9999,0.73,0.88
154195-807166827_medium.mp4,CAM-BATCH-154195,615,2026-09-02T12:00:26Z,GJ03KL4321,GJ03KL4321,0.71,0.88
154195-807166827_medium.mp4,CAM-BATCH-154195,615,2026-09-02T12:00:26Z,GJ01AB1234,GJ01AB1234,0.65,0.88
154195-807166827_medium.mp4,CAM-BATCH-154195,615,2026-09-02T12:00:26Z,GJ18CD5678,GJ18CD5678,0.57,0.88
154195-807166827_medium.mp4,CAM-BATCH-154195,615,2026-09-02T12:00:26Z,GJ05EF9012,GJ05EF9012,0.52,0.88
154195-807166827_medium.mp4,CAM-BATCH-154195,615,2026-09-02T12:00:26Z,GJ27XY9999,GJ27XY9999,0.44,0.88
154195-807166827_medium.mp4,CAM-BATCH-154195,615,2026-09-02T12:00:26Z,GJ03KL4321,GJ03KL4321,0.43,0.88
154195-807166827_medium.mp4,CAM-BATCH-154195,615,2026-09-02T12:00:26Z,GJ01AB1234,GJ01AB1234,0.38,0.88
154195-807166827_medium.mp4,CAM-BATCH-154195,620,2026-09-02T12:00:55Z,GJ18CD5678,GJ18CD5678,0.79,0.88
154195-807166827_medium.mp4,CAM-BATCH-154195,620,2026-09-02T12:00:55Z,GJ05EF9012,GJ05EF9012,0.64,0.88
154195-807166827_medium.mp4,CAM-BATCH-154195,620,2026-09-02T12:00:55Z,GJ27XY9999,GJ27XY9999,0.55,0.88
154195-807166827_medium.mp4,CAM-BATCH-154195,620,2026-09-02T12:00:55Z,GJ03KL4321,GJ03KL4321,0.49,0.88
154195-807166827_medium.mp4,CAM-BATCH-154195,620,2026-09-02T12:00:55Z,GJ01AB1234,GJ01AB1234,0.47,0.88
154195-807166827_medium.mp4,CAM-BATCH-154195,620,2026-09-02T12:00:55Z,GJ18CD5678,GJ18CD5678,0.44,0.88
154195-807166827_medium.mp4,CAM-BATCH-154195,620,2026-09-02T12:00:55Z,GJ05EF9012,GJ05EF9012,0.42,0.88
154195-807166827_medium.mp4,CAM-BATCH-154195,620,2026-09-02T12:00:55Z,GJ27XY9999,GJ27XY9999,0.37,0.88
154195-807166827_medium.mp4,CAM-BATCH-154195,620,2026-09-02T12:00:55Z,GJ03KL4321,GJ03KL4321,0.36,0.88
154195-807166827_medium.mp4,CAM-BATCH-154195,620,2026-09-02T12:00:55Z,GJ01AB1234,GJ01AB1234,0.36,0.88
154195-807166827_medium.mp4,CAM-BATCH-154195,625,2026-09-02T12:01:21Z,GJ18CD5678,GJ18CD5678,0.8,0.88
154195-807166827_medium.mp4,CAM-BATCH-154195,625,2026-09-02T12:01:21Z,GJ05EF9012,GJ05EF9012,0.61,0.88
154195-807166827_medium.mp4,CAM-BATCH-154195,625,2026-09-02T12:01:21Z,GJ27XY9999,GJ27XY9999,0.59,0.88
154195-807166827_medium.mp4,CAM-BATCH-154195,625,2026-09-02T12:01:21Z,GJ03KL4321,GJ03KL4321,0.58,0.88
154195-807166827_medium.mp4,CAM-BATCH-154195,625,2026-09-02T12:01:21Z,GJ01AB1234,GJ01AB1234,0.54,0.88
154195-807166827_medium.mp4,CAM-BATCH-154195,625,2026-09-02T12:01:21Z,GJ18CD5678,GJ18CD5678,0.5,0.88
154195-807166827_medium.mp4,CAM-BATCH-154195,625,2026-09-02T12:01:21Z,GJ05EF9012,GJ05EF9012,0.4,0.88
154195-807166827_medium.mp4,CAM-BATCH-154195,630,2026-09-02T12:01:43Z,GJ27XY9999,GJ27XY9999,0.83,0.88
154195-807166827_medium.mp4,CAM-BATCH-154195,630,2026-09-02T12:01:43Z,GJ03KL4321,GJ03KL4321,0.76,0.88
154195-807166827_medium.mp4,CAM-BATCH-154195,630,2026-09-02T12:01:43Z,GJ01AB1234,GJ01AB1234,0.63,0.88
154195-807166827_medium.mp4,CAM-BATCH-154195,630,2026-09-02T12:01:43Z,GJ18CD5678,GJ18CD5678,0.58,0.88
154195-807166827_medium.mp4,CAM-BATCH-154195,630,2026-09-02T12:01:43Z,GJ05EF9012,GJ05EF9012,0.57,0.88
154195-807166827_medium.mp4,CAM-BATCH-154195,630,2026-09-02T12:01:43Z,GJ27XY9999,GJ27XY9999,0.54,0.88
154195-807166827_medium.mp4,CAM-BATCH-154195,630,2026-09-02T12:01:43Z,GJ03KL4321,GJ03KL4321,0.49,0.88
154195-807166827_medium.mp4,CAM-BATCH-154195,635,2026-09-02T12:02:00Z,GJ01AB1234,GJ01AB1234,0.83,0.88
154195-807166827_medium.mp4,CAM-BATCH-154195,635,2026-09-02T12:02:00Z,GJ18CD5678,GJ18CD5678,0.76,0.88
154195-807166827_medium.mp4,CAM-BATCH-154195,635,2026-09-02T12:02:00Z,GJ05EF9012,GJ05EF9012,0.64,0.88
154195-807166827_medium.mp4,CAM-BATCH-154195,635,2026-09-02T12:02:00Z,GJ27XY9999,GJ27XY9999,0.62,0.88
154195-807166827_medium.mp4,CAM-BATCH-154195,635,2026-09-02T12:02:00Z,GJ03KL4321,GJ03KL4321,0.51,0.88
154195-807166827_medium.mp4,CAM-BATCH-154195,635,2026-09-02T12:02:00Z,GJ01AB1234,GJ01AB1234,0.5,0.88
154195-807166827_medium.mp4,CAM-BATCH-154195,635,2026-09-02T12:02:00Z,GJ18CD5678,GJ18CD5678,0.48,0.88
154195-807166827_medium.mp4,CAM-BATCH-154195,635,2026-09-02T12:02:00Z,GJ05EF9012,GJ05EF9012,0.4,0.88
154195-807166827_medium.mp4,CAM-BATCH-154195,640,2026-09-02T12:02:19Z,GJ27XY9999,GJ27XY9999,0.84,0.88
154195-807166827_medium.mp4,CAM-BATCH-154195,640,2026-09-02T12:02:19Z,GJ03KL4321,GJ03KL4321,0.72,0.88
154195-807166827_medium.mp4,CAM-BATCH-154195,640,2026-09-02T12:02:19Z,GJ01AB1234,GJ01AB1234,0.67,0.88
154195-807166827_medium.mp4,CAM-BATCH-154195,640,2026-09-02T12:02:19Z,GJ18CD5678,GJ18CD5678,0.58,0.88
154195-807166827_medium.mp4,CAM-BATCH-154195,640,2026-09-02T12:02:19Z,GJ05EF9012,GJ05EF9012,0.45,0.88
154195-807166827_medium.mp4,CAM-BATCH-154195,640,2026-09-02T12:02:19Z,GJ27XY9999,GJ27XY9999,0.36,0.88
154195-807166827_medium.mp4,CAM-BATCH-154195,645,2026-09-02T12:02:39Z,GJ03KL4321,GJ03KL4321,0.76,0.88
154195-807166827_medium.mp4,CAM-BATCH-154195,645,2026-09-02T12:02:39Z,GJ01AB1234,GJ01AB1234,0.75,0.88
154195-807166827_medium.mp4,CAM-BATCH-154195,645,2026-09-02T12:02:39Z,GJ18CD5678,GJ18CD5678,0.65,0.88
154195-807166827_medium.mp4,CAM-BATCH-154195,645,2026-09-02T12:02:39Z,GJ05EF9012,GJ05EF9012,0.6,0.88
154195-807166827_medium.mp4,CAM-BATCH-154195,645,2026-09-02T12:02:39Z,MRHN,MRHN,0.58,0.01
154195-807166827_medium.mp4,CAM-BATCH-154195,645,2026-09-02T12:02:39Z,GJ27XY9999,GJ27XY9999,0.57,0.88
154195-807166827_medium.mp4,CAM-BATCH-154195,645,2026-09-02T12:02:39Z,GJ03KL4321,GJ03KL4321,0.46,0.88
154195-807166827_medium.mp4,CAM-BATCH-154195,645,2026-09-02T12:02:39Z,GJ01AB1234,GJ01AB1234,0.42,0.88
154195-807166827_medium.mp4,CAM-BATCH-154195,650,2026-09-02T12:03:03Z,GJ18CD5678,GJ18CD5678,0.7,0.88
154195-807166827_medium.mp4,CAM-BATCH-154195,650,2026-09-02T12:03:03Z,GJ05EF9012,GJ05EF9012,0.65,0.88
154195-807166827_medium.mp4,CAM-BATCH-154195,650,2026-09-02T12:03:03Z,GJ27XY9999,GJ27XY9999,0.59,0.88
154195-807166827_medium.mp4,CAM-BATCH-154195,650,2026-09-02T12:03:03Z,GJ03KL4321,GJ03KL4321,0.57,0.88
154195-807166827_medium.mp4,CAM-BATCH-154195,650,2026-09-02T12:03:03Z,GJ01AB1234,GJ01AB1234,0.56,0.88
154195-807166827_medium.mp4,CAM-BATCH-154195,650,2026-09-02T12:03:03Z,GJ18CD5678,GJ18CD5678,0.54,0.88
154195-807166827_medium.mp4,CAM-BATCH-154195,650,2026-09-02T12:03:03Z,GJ05EF9012,GJ05EF9012,0.37,0.88
154195-807166827_medium.mp4,CAM-BATCH-154195,655,2026-09-02T12:03:24Z,GJ27XY9999,GJ27XY9999,0.66,0.88
154195-807166827_medium.mp4,CAM-BATCH-154195,655,2026-09-02T12:03:24Z,GJ03KL4321,GJ03KL4321,0.65,0.88
154195-807166827_medium.mp4,CAM-BATCH-154195,655,2026-09-02T12:03:24Z,GJ01AB1234,GJ01AB1234,0.6,0.88
154195-807166827_medium.mp4,CAM-BATCH-154195,655,2026-09-02T12:03:24Z,GJ18CD5678,GJ18CD5678,0.55,0.88
154195-807166827_medium.mp4,CAM-BATCH-154195,655,2026-09-02T12:03:24Z,GJ05EF9012,GJ05EF9012,0.53,0.88
154195-807166827_medium.mp4,CAM-BATCH-154195,655,2026-09-02T12:03:24Z,GJ27XY9999,GJ27XY9999,0.42,0.88
154195-807166827_medium.mp4,CAM-BATCH-154195,655,2026-09-02T12:03:24Z,GJ03KL4321,GJ03KL4321,0.38,0.88
154195-807166827_medium.mp4,CAM-BATCH-154195,660,2026-09-02T12:03:48Z,GJ01AB1234,GJ01AB1234,0.64,0.88
154195-807166827_medium.mp4,CAM-BATCH-154195,660,2026-09-02T12:03:48Z,GJ18CD5678,GJ18CD5678,0.64,0.88
154195-807166827_medium.mp4,CAM-BATCH-154195,660,2026-09-02T12:03:48Z,GJ05EF9012,GJ05EF9012,0.61,0.88
154195-807166827_medium.mp4,CAM-BATCH-154195,660,2026-09-02T12:03:48Z,GJ27XY9999,GJ27XY9999,0.6,0.88
154195-807166827_medium.mp4,CAM-BATCH-154195,660,2026-09-02T12:03:48Z,GJ03KL4321,GJ03KL4321,0.58,0.88
154195-807166827_medium.mp4,CAM-BATCH-154195,660,2026-09-02T12:03:48Z,GJ01AB1234,GJ01AB1234,0.5,0.88
154195-807166827_medium.mp4,CAM-BATCH-154195,660,2026-09-02T12:03:48Z,GJ18CD5678,GJ18CD5678,0.42,0.88
154195-807166827_medium.mp4,CAM-BATCH-154195,660,2026-09-02T12:03:48Z,GJ05EF9012,GJ05EF9012,0.38,0.88
154195-807166827_medium.mp4,CAM-BATCH-154195,665,2026-09-02T12:04:17Z,GJ27XY9999,GJ27XY9999,0.69,0.88
154195-807166827_medium.mp4,CAM-BATCH-154195,665,2026-09-02T12:04:17Z,GJ03KL4321,GJ03KL4321,0.64,0.88
154195-807166827_medium.mp4,CAM-BATCH-154195,665,2026-09-02T12:04:17Z,GJ01AB1234,GJ01AB1234,0.63,0.88
154195-807166827_medium.mp4,CAM-BATCH-154195,665,2026-09-02T12:04:17Z,GJ18CD5678,GJ18CD5678,0.62,0.88
154195-807166827_medium.mp4,CAM-BATCH-154195,665,2026-09-02T12:04:17Z,GJ05EF9012,GJ05EF9012,0.61,0.88
154195-807166827_medium.mp4,CAM-BATCH-154195,665,2026-09-02T12:04:17Z,GJ27XY9999,GJ27XY9999,0.6,0.88
154195-807166827_medium.mp4,CAM-BATCH-154195,665,2026-09-02T12:04:17Z,GJ03KL4321,GJ03KL4321,0.53,0.88
154195-807166827_medium.mp4,CAM-BATCH-154195,665,2026-09-02T12:04:17Z,GJ01AB1234,GJ01AB1234,0.51,0.88
154195-807166827_medium.mp4,CAM-BATCH-154195,665,2026-09-02T12:04:17Z,GJ18CD5678,GJ18CD5678,0.36,0.88
154195-807166827_medium.mp4,CAM-BATCH-154195,670,2026-09-02T12:04:52Z,GJ05EF9012,GJ05EF9012,0.71,0.88
154195-807166827_medium.mp4,CAM-BATCH-154195,670,2026-09-02T12:04:52Z,GJ27XY9999,GJ27XY9999,0.61,0.88
154195-807166827_medium.mp4,CAM-BATCH-154195,670,2026-09-02T12:04:52Z,GJ03KL4321,GJ03KL4321,0.58,0.88
154195-807166827_medium.mp4,CAM-BATCH-154195,670,2026-09-02T12:04:52Z,GJ01AB1234,GJ01AB1234,0.57,0.88
154195-807166827_medium.mp4,CAM-BATCH-154195,670,2026-09-02T12:04:52Z,GJ18CD5678,GJ18CD5678,0.55,0.88
154195-807166827_medium.mp4,CAM-BATCH-154195,670,2026-09-02T12:04:52Z,GJ05EF9012,GJ05EF9012,0.55,0.88
154195-807166827_medium.mp4,CAM-BATCH-154195,670,2026-09-02T12:04:52Z,GJ27XY9999,GJ27XY9999,0.43,0.88
154195-807166827_medium.mp4,CAM-BATCH-154195,670,2026-09-02T12:04:52Z,GJ03KL4321,GJ03KL4321,0.4,0.88
154195-807166827_medium.mp4,CAM-BATCH-154195,670,2026-09-02T12:04:52Z,GJ01AB1234,GJ01AB1234,0.4,0.88
154195-807166827_medium.mp4,CAM-BATCH-154195,670,2026-09-02T12:04:52Z,GJ18CD5678,GJ18CD5678,0.37,0.88
154195-807166827_medium.mp4,CAM-BATCH-154195,675,2026-09-02T12:05:30Z,GJ05EF9012,GJ05EF9012,0.78,0.88
154195-807166827_medium.mp4,CAM-BATCH-154195,675,2026-09-02T12:05:30Z,GJ27XY9999,GJ27XY9999,0.71,0.88
154195-807166827_medium.mp4,CAM-BATCH-154195,675,2026-09-02T12:05:30Z,GJ03KL4321,GJ03KL4321,0.6,0.88
154195-807166827_medium.mp4,CAM-BATCH-154195,675,2026-09-02T12:05:30Z,GJ01AB1234,GJ01AB1234,0.54,0.88
154195-807166827_medium.mp4,CAM-BATCH-154195,675,2026-09-02T12:05:30Z,GJ18CD5678,GJ18CD5678,0.48,0.88
154195-807166827_medium.mp4,CAM-BATCH-154195,675,2026-09-02T12:05:30Z,GJ05EF9012,GJ05EF9012,0.43,0.88
154195-807166827_medium.mp4,CAM-BATCH-154195,675,2026-09-02T12:05:30Z,GJ27XY9999,GJ27XY9999,0.42,0.88
154195-807166827_medium.mp4,CAM-BATCH-154195,675,2026-09-02T12:05:30Z,GJ03KL4321,GJ03KL4321,0.41,0.88
154195-807166827_medium.mp4,CAM-BATCH-154195,675,2026-09-02T12:05:30Z,GJ01AB1234,GJ01AB1234,0.41,0.88
154195-807166827_medium.mp4,CAM-BATCH-154195,680,2026-09-02T12:06:00Z,GJ18CD5678,GJ18CD5678,0.77,0.88
154195-807166827_medium.mp4,CAM-BATCH-154195,680,2026-09-02T12:06:00Z,GJ05EF9012,GJ05EF9012,0.71,0.88
154195-807166827_medium.mp4,CAM-BATCH-154195,680,2026-09-02T12:06:00Z,GJ27XY9999,GJ27XY9999,0.62,0.88
154195-807166827_medium.mp4,CAM-BATCH-154195,680,2026-09-02T12:06:00Z,GJ03KL4321,GJ03KL4321,0.6,0.88
154195-807166827_medium.mp4,CAM-BATCH-154195,680,2026-09-02T12:06:00Z,GJ01AB1234,GJ01AB1234,0.59,0.88
154195-807166827_medium.mp4,CAM-BATCH-154195,680,2026-09-02T12:06:00Z,GJ18CD5678,GJ18CD5678,0.49,0.88
154195-807166827_medium.mp4,CAM-BATCH-154195,680,2026-09-02T12:06:00Z,GJ05EF9012,GJ05EF9012,0.47,0.88
154195-807166827_medium.mp4,CAM-BATCH-154195,680,2026-09-02T12:06:00Z,GJ27XY9999,GJ27XY9999,0.45,0.88
154195-807166827_medium.mp4,CAM-BATCH-154195,680,2026-09-02T12:06:00Z,GJ03KL4321,GJ03KL4321,0.41,0.88
154195-807166827_medium.mp4,CAM-BATCH-154195,680,2026-09-02T12:06:00Z,GJ01AB1234,GJ01AB1234,0.41,0.88
154195-807166827_medium.mp4,CAM-BATCH-154195,680,2026-09-02T12:06:00Z,GJ18CD5678,GJ18CD5678,0.4,0.88
154195-807166827_medium.mp4,CAM-BATCH-154195,680,2026-09-02T12:06:00Z,GJ05EF9012,GJ05EF9012,0.39,0.88
154195-807166827_medium.mp4,CAM-BATCH-154195,680,2026-09-02T12:06:00Z,GJ27XY9999,GJ27XY9999,0.38,0.88
154195-807166827_medium.mp4,CAM-BATCH-154195,680,2026-09-02T12:06:00Z,GJ03KL4321,GJ03KL4321,0.37,0.88
154195-807166827_medium.mp4,CAM-BATCH-154195,685,2026-09-02T12:06:38Z,GJ01AB1234,GJ01AB1234,0.79,0.88
154195-807166827_medium.mp4,CAM-BATCH-154195,685,2026-09-02T12:06:38Z,GJ18CD5678,GJ18CD5678,0.76,0.88
154195-807166827_medium.mp4,CAM-BATCH-154195,685,2026-09-02T12:06:38Z,GJ05EF9012,GJ05EF9012,0.67,0.88
154195-807166827_medium.mp4,CAM-BATCH-154195,685,2026-09-02T12:06:38Z,GJ27XY9999,GJ27XY9999,0.59,0.88
154195-807166827_medium.mp4,CAM-BATCH-154195,685,2026-09-02T12:06:38Z,GJ03KL4321,GJ03KL4321,0.57,0.88
154195-807166827_medium.mp4,CAM-BATCH-154195,685,2026-09-02T12:06:38Z,GJ01AB1234,GJ01AB1234,0.45,0.88
154195-807166827_medium.mp4,CAM-BATCH-154195,685,2026-09-02T12:06:38Z,GJ18CD5678,GJ18CD5678,0.42,0.88
154195-807166827_medium.mp4,CAM-BATCH-154195,685,2026-09-02T12:06:38Z,GJ05EF9012,GJ05EF9012,0.39,0.88
154195-807166827_medium.mp4,CAM-BATCH-154195,685,2026-09-02T12:06:38Z,GJ27XY9999,GJ27XY9999,0.39,0.88
154195-807166827_medium.mp4,CAM-BATCH-154195,685,2026-09-02T12:06:38Z,GJ03KL4321,GJ03KL4321,0.36,0.88
154195-807166827_medium.mp4,CAM-BATCH-154195,685,2026-09-02T12:06:38Z,GJ01AB1234,GJ01AB1234,0.36,0.88
154195-807166827_medium.mp4,CAM-BATCH-154195,690,2026-09-02T12:07:08Z,GJ18CD5678,GJ18CD5678,0.83,0.88
154195-807166827_medium.mp4,CAM-BATCH-154195,690,2026-09-02T12:07:08Z,GJ05EF9012,GJ05EF9012,0.81,0.88
154195-807166827_medium.mp4,CAM-BATCH-154195,690,2026-09-02T12:07:08Z,GJ27XY9999,GJ27XY9999,0.7,0.88
154195-807166827_medium.mp4,CAM-BATCH-154195,690,2026-09-02T12:07:08Z,GJ03KL4321,GJ03KL4321,0.64,0.88
154195-807166827_medium.mp4,CAM-BATCH-154195,690,2026-09-02T12:07:08Z,GJ01AB1234,GJ01AB1234,0.59,0.88
154195-807166827_medium.mp4,CAM-BATCH-154195,690,2026-09-02T12:07:08Z,GJ18CD5678,GJ18CD5678,0.57,0.88
154195-807166827_medium.mp4,CAM-BATCH-154195,690,2026-09-02T12:07:08Z,GJ05EF9012,GJ05EF9012,0.41,0.88
154195-807166827_medium.mp4,CAM-BATCH-154195,690,2026-09-02T12:07:08Z,GJ27XY9999,GJ27XY9999,0.39,0.88
154195-807166827_medium.mp4,CAM-BATCH-154195,695,2026-09-02T12:07:32Z,GJ03KL4321,GJ03KL4321,0.79,0.88
154195-807166827_medium.mp4,CAM-BATCH-154195,695,2026-09-02T12:07:32Z,GJ01AB1234,GJ01AB1234,0.59,0.88
154195-807166827_medium.mp4,CAM-BATCH-154195,695,2026-09-02T12:07:32Z,GJ18CD5678,GJ18CD5678,0.58,0.88
154195-807166827_medium.mp4,CAM-BATCH-154195,695,2026-09-02T12:07:32Z,GJ05EF9012,GJ05EF9012,0.57,0.88
154195-807166827_medium.mp4,CAM-BATCH-154195,695,2026-09-02T12:07:32Z,GJ27XY9999,GJ27XY9999,0.49,0.88
154195-807166827_medium.mp4,CAM-BATCH-154195,695,2026-09-02T12:07:32Z,GJ03KL4321,GJ03KL4321,0.45,0.88
154195-807166827_medium.mp4,CAM-BATCH-154195,695,2026-09-02T12:07:32Z,GJ01AB1234,GJ01AB1234,0.42,0.88
154195-807166827_medium.mp4,CAM-BATCH-154195,695,2026-09-02T12:07:32Z,GJ18CD5678,GJ18CD5678,0.38,0.88
154195-807166827_medium.mp4,CAM-BATCH-154195,695,2026-09-02T12:07:32Z,GJ05EF9012,GJ05EF9012,0.37,0.88
154195-807166827_medium.mp4,CAM-BATCH-154195,700,2026-09-02T12:07:53Z,GJ27XY9999,GJ27XY9999,0.71,0.88
154195-807166827_medium.mp4,CAM-BATCH-154195,700,2026-09-02T12:07:53Z,GJ03KL4321,GJ03KL4321,0.67,0.88
154195-807166827_medium.mp4,CAM-BATCH-154195,700,2026-09-02T12:07:53Z,GJ01AB1234,GJ01AB1234,0.57,0.88
154195-807166827_medium.mp4,CAM-BATCH-154195,700,2026-09-02T12:07:53Z,GJ18CD5678,GJ18CD5678,0.51,0.88
154195-807166827_medium.mp4,CAM-BATCH-154195,700,2026-09-02T12:07:53Z,GJ05EF9012,GJ05EF9012,0.5,0.88
154195-807166827_medium.mp4,CAM-BATCH-154195,700,2026-09-02T12:07:53Z,GJ27XY9999,GJ27XY9999,0.47,0.88
154195-807166827_medium.mp4,CAM-BATCH-154195,700,2026-09-02T12:07:53Z,GJ03KL4321,GJ03KL4321,0.46,0.88
154195-807166827_medium.mp4,CAM-BATCH-154195,700,2026-09-02T12:07:53Z,GJ01AB1234,GJ01AB1234,0.46,0.88
154195-807166827_medium.mp4,CAM-BATCH-154195,700,2026-09-02T12:07:53Z,GJ18CD5678,GJ18CD5678,0.38,0.88
154195-807166827_medium.mp4,CAM-BATCH-154195,700,2026-09-02T12:07:53Z,GJ05EF9012,GJ05EF9012,0.38,0.88
154195-807166827_medium.mp4,CAM-BATCH-154195,700,2026-09-02T12:07:53Z,GJ27XY9999,GJ27XY9999,0.37,0.88
154195-807166827_medium.mp4,CAM-BATCH-154195,700,2026-09-02T12:07:53Z,GJ03KL4321,GJ03KL4321,0.37,0.88
154195-807166827_medium.mp4,CAM-BATCH-154195,705,2026-09-02T12:08:31Z,GJ01AB1234,GJ01AB1234,0.77,0.88
154195-807166827_medium.mp4,CAM-BATCH-154195,705,2026-09-02T12:08:31Z,GJ18CD5678,GJ18CD5678,0.74,0.88
154195-807166827_medium.mp4,CAM-BATCH-154195,705,2026-09-02T12:08:31Z,GJ05EF9012,GJ05EF9012,0.69,0.88
154195-807166827_medium.mp4,CAM-BATCH-154195,705,2026-09-02T12:08:31Z,GJ27XY9999,GJ27XY9999,0.55,0.88
154195-807166827_medium.mp4,CAM-BATCH-154195,705,2026-09-02T12:08:31Z,GJ03KL4321,GJ03KL4321,0.53,0.88
154195-807166827_medium.mp4,CAM-BATCH-154195,705,2026-09-02T12:08:31Z,GJ01AB1234,GJ01AB1234,0.5,0.88
154195-807166827_medium.mp4,CAM-BATCH-154195,705,2026-09-02T12:08:31Z,GJ18CD5678,GJ18CD5678,0.46,0.88
154195-807166827_medium.mp4,CAM-BATCH-154195,705,2026-09-02T12:08:31Z,GJ05EF9012,GJ05EF9012,0.44,0.88
154195-807166827_medium.mp4,CAM-BATCH-154195,705,2026-09-02T12:08:31Z,GJ27XY9999,GJ27XY9999,0.38,0.88
154195-807166827_medium.mp4,CAM-BATCH-154195,705,2026-09-02T12:08:31Z,GJ03KL4321,GJ03KL4321,0.37,0.88
154195-807166827_medium.mp4,CAM-BATCH-154195,710,2026-09-02T12:09:01Z,GJ01AB1234,GJ01AB1234,0.78,0.88
154195-807166827_medium.mp4,CAM-BATCH-154195,710,2026-09-02T12:09:01Z,GJ18CD5678,GJ18CD5678,0.71,0.88
154195-807166827_medium.mp4,CAM-BATCH-154195,710,2026-09-02T12:09:01Z,GJ05EF9012,GJ05EF9012,0.68,0.88
154195-807166827_medium.mp4,CAM-BATCH-154195,710,2026-09-02T12:09:01Z,GJ27XY9999,GJ27XY9999,0.68,0.88
154195-807166827_medium.mp4,CAM-BATCH-154195,710,2026-09-02T12:09:01Z,GJ03KL4321,GJ03KL4321,0.52,0.88
154195-807166827_medium.mp4,CAM-BATCH-154195,710,2026-09-02T12:09:01Z,GJ01AB1234,GJ01AB1234,0.5,0.88
154195-807166827_medium.mp4,CAM-BATCH-154195,710,2026-09-02T12:09:01Z,GJ18CD5678,GJ18CD5678,0.48,0.88
154195-807166827_medium.mp4,CAM-BATCH-154195,710,2026-09-02T12:09:01Z,GJ05EF9012,GJ05EF9012,0.47,0.88
154195-807166827_medium.mp4,CAM-BATCH-154195,710,2026-09-02T12:09:01Z,GJ27XY9999,GJ27XY9999,0.46,0.88
154195-807166827_medium.mp4,CAM-BATCH-154195,710,2026-09-02T12:09:01Z,GJ03KL4321,GJ03KL4321,0.41,0.88
154195-807166827_medium.mp4,CAM-BATCH-154195,710,2026-09-02T12:09:01Z,GJ01AB1234,GJ01AB1234,0.41,0.88
154195-807166827_medium.mp4,CAM-BATCH-154195,710,2026-09-02T12:09:01Z,GJ18CD5678,GJ18CD5678,0.39,0.88
154195-807166827_medium.mp4,CAM-BATCH-154195,710,2026-09-02T12:09:01Z,GJ05EF9012,GJ05EF9012,0.36,0.88
154195-807166827_medium.mp4,CAM-BATCH-154195,715,2026-09-02T12:09:37Z,GJ27XY9999,GJ27XY9999,0.71,0.88
154195-807166827_medium.mp4,CAM-BATCH-154195,715,2026-09-02T12:09:37Z,GJ03KL4321,GJ03KL4321,0.68,0.88
154195-807166827_medium.mp4,CAM-BATCH-154195,715,2026-09-02T12:09:37Z,GJ01AB1234,GJ01AB1234,0.57,0.88
154195-807166827_medium.mp4,CAM-BATCH-154195,715,2026-09-02T12:09:37Z,GJ18CD5678,GJ18CD5678,0.53,0.88
154195-807166827_medium.mp4,CAM-BATCH-154195,715,2026-09-02T12:09:37Z,GJ05EF9012,GJ05EF9012,0.51,0.88
154195-807166827_medium.mp4,CAM-BATCH-154195,715,2026-09-02T12:09:37Z,GJ27XY9999,GJ27XY9999,0.5,0.88
154195-807166827_medium.mp4,CAM-BATCH-154195,715,2026-09-02T12:09:37Z,GJ03KL4321,GJ03KL4321,0.46,0.88
154195-807166827_medium.mp4,CAM-BATCH-154195,715,2026-09-02T12:09:37Z,GJ01AB1234,GJ01AB1234,0.44,0.88
154195-807166827_medium.mp4,CAM-BATCH-154195,715,2026-09-02T12:09:37Z,GJ18CD5678,GJ18CD5678,0.44,0.88
154195-807166827_medium.mp4,CAM-BATCH-154195,715,2026-09-02T12:09:37Z,GJ05EF9012,GJ05EF9012,0.42,0.88
154195-807166827_medium.mp4,CAM-BATCH-154195,715,2026-09-02T12:09:37Z,GJ27XY9999,GJ27XY9999,0.38,0.88
154195-807166827_medium.mp4,CAM-BATCH-154195,720,2026-09-02T12:10:04Z,GJ03KL4321,GJ03KL4321,0.74,0.88
154195-807166827_medium.mp4,CAM-BATCH-154195,720,2026-09-02T12:10:04Z,GJ01AB1234,GJ01AB1234,0.71,0.88
154195-807166827_medium.mp4,CAM-BATCH-154195,720,2026-09-02T12:10:04Z,GJ18CD5678,GJ18CD5678,0.64,0.88
154195-807166827_medium.mp4,CAM-BATCH-154195,720,2026-09-02T12:10:04Z,GJ05EF9012,GJ05EF9012,0.61,0.88
154195-807166827_medium.mp4,CAM-BATCH-154195,720,2026-09-02T12:10:04Z,GJ27XY9999,GJ27XY9999,0.6,0.88
154195-807166827_medium.mp4,CAM-BATCH-154195,720,2026-09-02T12:10:04Z,GJ03KL4321,GJ03KL4321,0.58,0.88
154195-807166827_medium.mp4,CAM-BATCH-154195,720,2026-09-02T12:10:04Z,GJ01AB1234,GJ01AB1234,0.56,0.88
154195-807166827_medium.mp4,CAM-BATCH-154195,720,2026-09-02T12:10:04Z,GJ18CD5678,GJ18CD5678,0.48,0.88
154195-807166827_medium.mp4,CAM-BATCH-154195,720,2026-09-02T12:10:04Z,GJ05EF9012,GJ05EF9012,0.46,0.88
154195-807166827_medium.mp4,CAM-BATCH-154195,720,2026-09-02T12:10:04Z,GJ27XY9999,GJ27XY9999,0.44,0.88
154195-807166827_medium.mp4,CAM-BATCH-154195,720,2026-09-02T12:10:04Z,GJ03KL4321,GJ03KL4321,0.39,0.88
154195-807166827_medium.mp4,CAM-BATCH-154195,720,2026-09-02T12:10:04Z,GJ01AB1234,GJ01AB1234,0.35,0.88
84222-584891447_medium.mp4,CAM-BATCH-84222-,5,2026-09-02T12:10:37Z,GJ01AB1234,GJ01AB1234,0.87,0.88
84222-584891447_medium.mp4,CAM-BATCH-84222-,5,2026-09-02T12:10:37Z,GJ18CD5678,GJ18CD5678,0.86,0.88
84222-584891447_medium.mp4,CAM-BATCH-84222-,5,2026-09-02T12:10:37Z,GJ05EF9012,GJ05EF9012,0.63,0.88
84222-584891447_medium.mp4,CAM-BATCH-84222-,5,2026-09-02T12:10:37Z,GJ27XY9999,GJ27XY9999,0.55,0.88
84222-584891447_medium.mp4,CAM-BATCH-84222-,5,2026-09-02T12:10:37Z,GJ03KL4321,GJ03KL4321,0.54,0.88
84222-584891447_medium.mp4,CAM-BATCH-84222-,5,2026-09-02T12:10:37Z,GJ01AB1234,GJ01AB1234,0.53,0.88
84222-584891447_medium.mp4,CAM-BATCH-84222-,5,2026-09-02T12:10:37Z,GJ18CD5678,GJ18CD5678,0.5,0.88
84222-584891447_medium.mp4,CAM-BATCH-84222-,5,2026-09-02T12:10:37Z,GJ05EF9012,GJ05EF9012,0.43,0.88
84222-584891447_medium.mp4,CAM-BATCH-84222-,5,2026-09-02T12:10:37Z,GJ27XY9999,GJ27XY9999,0.37,0.88
84222-584891447_medium.mp4,CAM-BATCH-84222-,10,2026-09-02T12:10:55Z,GJ03KL4321,GJ03KL4321,0.86,0.88
84222-584891447_medium.mp4,CAM-BATCH-84222-,10,2026-09-02T12:10:55Z,GJ01AB1234,GJ01AB1234,0.86,0.88
84222-584891447_medium.mp4,CAM-BATCH-84222-,10,2026-09-02T12:10:55Z,GJ18CD5678,GJ18CD5678,0.77,0.88
84222-584891447_medium.mp4,CAM-BATCH-84222-,10,2026-09-02T12:10:55Z,GJ05EF9012,GJ05EF9012,0.57,0.88
84222-584891447_medium.mp4,CAM-BATCH-84222-,10,2026-09-02T12:10:55Z,GJ27XY9999,GJ27XY9999,0.56,0.88
84222-584891447_medium.mp4,CAM-BATCH-84222-,10,2026-09-02T12:10:55Z,GJ03KL4321,GJ03KL4321,0.52,0.88
84222-584891447_medium.mp4,CAM-BATCH-84222-,10,2026-09-02T12:10:55Z,GJ01AB1234,GJ01AB1234,0.5,0.88
84222-584891447_medium.mp4,CAM-BATCH-84222-,10,2026-09-02T12:10:55Z,GJ18CD5678,GJ18CD5678,0.46,0.88
84222-584891447_medium.mp4,CAM-BATCH-84222-,10,2026-09-02T12:10:55Z,GJ05EF9012,GJ05EF9012,0.46,0.88
84222-584891447_medium.mp4,CAM-BATCH-84222-,10,2026-09-02T12:10:55Z,GJ27XY9999,GJ27XY9999,0.42,0.88
84222-584891447_medium.mp4,CAM-BATCH-84222-,10,2026-09-02T12:10:55Z,GJ03KL4321,GJ03KL4321,0.37,0.88
84222-584891447_medium.mp4,CAM-BATCH-84222-,10,2026-09-02T12:10:55Z,GJ01AB1234,GJ01AB1234,0.36,0.88
84222-584891447_medium.mp4,CAM-BATCH-84222-,15,2026-09-02T12:11:21Z,GJ18CD5678,GJ18CD5678,0.86,0.88
84222-584891447_medium.mp4,CAM-BATCH-84222-,15,2026-09-02T12:11:21Z,GJ05EF9012,GJ05EF9012,0.86,0.88
84222-584891447_medium.mp4,CAM-BATCH-84222-,15,2026-09-02T12:11:21Z,GJ27XY9999,GJ27XY9999,0.68,0.88
84222-584891447_medium.mp4,CAM-BATCH-84222-,15,2026-09-02T12:11:21Z,GJ03KL4321,GJ03KL4321,0.64,0.88
84222-584891447_medium.mp4,CAM-BATCH-84222-,15,2026-09-02T12:11:21Z,GJ01AB1234,GJ01AB1234,0.56,0.88
84222-584891447_medium.mp4,CAM-BATCH-84222-,15,2026-09-02T12:11:21Z,GJ18CD5678,GJ18CD5678,0.54,0.88
84222-584891447_medium.mp4,CAM-BATCH-84222-,15,2026-09-02T12:11:21Z,GJ05EF9012,GJ05EF9012,0.45,0.88
84222-584891447_medium.mp4,CAM-BATCH-84222-,15,2026-09-02T12:11:21Z,GJ27XY9999,GJ27XY9999,0.44,0.88
84222-584891447_medium.mp4,CAM-BATCH-84222-,15,2026-09-02T12:11:21Z,GJ03KL4321,GJ03KL4321,0.42,0.88
84222-584891447_medium.mp4,CAM-BATCH-84222-,15,2026-09-02T12:11:21Z,GJ01AB1234,GJ01AB1234,0.39,0.88
84222-584891447_medium.mp4,CAM-BATCH-84222-,15,2026-09-02T12:11:21Z,GJ18CD5678,GJ18CD5678,0.37,0.88
84222-584891447_medium.mp4,CAM-BATCH-84222-,20,2026-09-02T12:11:54Z,GJ05EF9012,GJ05EF9012,0.86,0.88
84222-584891447_medium.mp4,CAM-BATCH-84222-,20,2026-09-02T12:11:54Z,GJ27XY9999,GJ27XY9999,0.8,0.88
84222-584891447_medium.mp4,CAM-BATCH-84222-,20,2026-09-02T12:11:54Z,GJ03KL4321,GJ03KL4321,0.75,0.88
84222-584891447_medium.mp4,CAM-BATCH-84222-,20,2026-09-02T12:11:54Z,GJ01AB1234,GJ01AB1234,0.6,0.88
84222-584891447_medium.mp4,CAM-BATCH-84222-,20,2026-09-02T12:11:54Z,GJ18CD5678,GJ18CD5678,0.59,0.88
84222-584891447_medium.mp4,CAM-BATCH-84222-,20,2026-09-02T12:11:54Z,GJ05EF9012,GJ05EF9012,0.57,0.88
84222-584891447_medium.mp4,CAM-BATCH-84222-,20,2026-09-02T12:11:54Z,GJ27XY9999,GJ27XY9999,0.55,0.88
84222-584891447_medium.mp4,CAM-BATCH-84222-,20,2026-09-02T12:11:54Z,GJ03KL4321,GJ03KL4321,0.54,0.88
84222-584891447_medium.mp4,CAM-BATCH-84222-,20,2026-09-02T12:11:54Z,GJ01AB1234,GJ01AB1234,0.51,0.88
84222-584891447_medium.mp4,CAM-BATCH-84222-,20,2026-09-02T12:11:54Z,GJ18CD5678,GJ18CD5678,0.43,0.88
84222-584891447_medium.mp4,CAM-BATCH-84222-,20,2026-09-02T12:11:54Z,GJ05EF9012,GJ05EF9012,0.37,0.88
84222-584891447_medium.mp4,CAM-BATCH-84222-,25,2026-09-02T12:12:27Z,GJ27XY9999,GJ27XY9999,0.86,0.88
84222-584891447_medium.mp4,CAM-BATCH-84222-,25,2026-09-02T12:12:27Z,GJ03KL4321,GJ03KL4321,0.84,0.88
84222-584891447_medium.mp4,CAM-BATCH-84222-,25,2026-09-02T12:12:27Z,GJ01AB1234,GJ01AB1234,0.69,0.88
84222-584891447_medium.mp4,CAM-BATCH-84222-,25,2026-09-02T12:12:27Z,GJ18CD5678,GJ18CD5678,0.67,0.88
84222-584891447_medium.mp4,CAM-BATCH-84222-,25,2026-09-02T12:12:27Z,GJ05EF9012,GJ05EF9012,0.54,0.88
84222-584891447_medium.mp4,CAM-BATCH-84222-,25,2026-09-02T12:12:27Z,GJ27XY9999,GJ27XY9999,0.53,0.88
84222-584891447_medium.mp4,CAM-BATCH-84222-,25,2026-09-02T12:12:27Z,GJ03KL4321,GJ03KL4321,0.5,0.88
84222-584891447_medium.mp4,CAM-BATCH-84222-,25,2026-09-02T12:12:27Z,GJ01AB1234,GJ01AB1234,0.46,0.88
84222-584891447_medium.mp4,CAM-BATCH-84222-,25,2026-09-02T12:12:27Z,GJ18CD5678,GJ18CD5678,0.45,0.88
84222-584891447_medium.mp4,CAM-BATCH-84222-,25,2026-09-02T12:12:27Z,GJ05EF9012,GJ05EF9012,0.42,0.88
84222-584891447_medium.mp4,CAM-BATCH-84222-,25,2026-09-02T12:12:27Z,GJ27XY9999,GJ27XY9999,0.42,0.88
84222-584891447_medium.mp4,CAM-BATCH-84222-,25,2026-09-02T12:12:27Z,GJ03KL4321,GJ03KL4321,0.39,0.88
84222-584891447_medium.mp4,CAM-BATCH-84222-,25,2026-09-02T12:12:27Z,GJ01AB1234,GJ01AB1234,0.38,0.88
84222-584891447_medium.mp4,CAM-BATCH-84222-,30,2026-09-02T12:13:37Z,GJ18CD5678,GJ18CD5678,0.87,0.88
84222-584891447_medium.mp4,CAM-BATCH-84222-,30,2026-09-02T12:13:37Z,GJ05EF9012,GJ05EF9012,0.85,0.88
84222-584891447_medium.mp4,CAM-BATCH-84222-,30,2026-09-02T12:13:37Z,GJ27XY9999,GJ27XY9999,0.74,0.88
84222-584891447_medium.mp4,CAM-BATCH-84222-,30,2026-09-02T12:13:37Z,GJ03KL4321,GJ03KL4321,0.6,0.88
84222-584891447_medium.mp4,CAM-BATCH-84222-,30,2026-09-02T12:13:37Z,GJ01AB1234,GJ01AB1234,0.49,0.88
84222-584891447_medium.mp4,CAM-BATCH-84222-,30,2026-09-02T12:13:37Z,GJ18CD5678,GJ18CD5678,0.47,0.88
84222-584891447_medium.mp4,CAM-BATCH-84222-,30,2026-09-02T12:13:37Z,GJ05EF9012,GJ05EF9012,0.43,0.88
84222-584891447_medium.mp4,CAM-BATCH-84222-,30,2026-09-02T12:13:37Z,GJ27XY9999,GJ27XY9999,0.39,0.88
84222-584891447_medium.mp4,CAM-BATCH-84222-,30,2026-09-02T12:13:37Z,GJ03KL4321,GJ03KL4321,0.38,0.88
84222-584891447_medium.mp4,CAM-BATCH-84222-,30,2026-09-02T12:13:37Z,GJ01AB1234,GJ01AB1234,0.38,0.88
84222-584891447_medium.mp4,CAM-BATCH-84222-,30,2026-09-02T12:13:37Z,GJ18CD5678,GJ18CD5678,0.37,0.88
84222-584891447_medium.mp4,CAM-BATCH-84222-,35,2026-09-02T12:14:35Z,GJ05EF9012,GJ05EF9012,0.85,0.88
84222-584891447_medium.mp4,CAM-BATCH-84222-,35,2026-09-02T12:14:35Z,GJ27XY9999,GJ27XY9999,0.84,0.88
84222-584891447_medium.mp4,CAM-BATCH-84222-,35,2026-09-02T12:14:35Z,GJ03KL4321,GJ03KL4321,0.77,0.88
84222-584891447_medium.mp4,CAM-BATCH-84222-,35,2026-09-02T12:14:35Z,GJ01AB1234,GJ01AB1234,0.59,0.88
84222-584891447_medium.mp4,CAM-BATCH-84222-,35,2026-09-02T12:14:35Z,GJ18CD5678,GJ18CD5678,0.58,0.88
84222-584891447_medium.mp4,CAM-BATCH-84222-,35,2026-09-02T12:14:35Z,GJ05EF9012,GJ05EF9012,0.52,0.88
84222-584891447_medium.mp4,CAM-BATCH-84222-,35,2026-09-02T12:14:35Z,GJ27XY9999,GJ27XY9999,0.43,0.88
84222-584891447_medium.mp4,CAM-BATCH-84222-,35,2026-09-02T12:14:35Z,GJ03KL4321,GJ03KL4321,0.41,0.88
84222-584891447_medium.mp4,CAM-BATCH-84222-,35,2026-09-02T12:14:35Z,GJ01AB1234,GJ01AB1234,0.41,0.88
84222-584891447_medium.mp4,CAM-BATCH-84222-,35,2026-09-02T12:14:35Z,GJ18CD5678,GJ18CD5678,0.38,0.88
84222-584891447_medium.mp4,CAM-BATCH-84222-,35,2026-09-02T12:14:35Z,GJ05EF9012,GJ05EF9012,0.36,0.88
84222-584891447_medium.mp4,CAM-BATCH-84222-,40,2026-09-02T12:15:35Z,GJ27XY9999,GJ27XY9999,0.88,0.88
84222-584891447_medium.mp4,CAM-BATCH-84222-,40,2026-09-02T12:15:35Z,GJ03KL4321,GJ03KL4321,0.83,0.88
84222-584891447_medium.mp4,CAM-BATCH-84222-,40,2026-09-02T12:15:35Z,GJ01AB1234,GJ01AB1234,0.71,0.88
84222-584891447_medium.mp4,CAM-BATCH-84222-,40,2026-09-02T12:15:35Z,GJ18CD5678,GJ18CD5678,0.52,0.88
84222-584891447_medium.mp4,CAM-BATCH-84222-,40,2026-09-02T12:15:35Z,GJ05EF9012,GJ05EF9012,0.51,0.88
84222-584891447_medium.mp4,CAM-BATCH-84222-,40,2026-09-02T12:15:35Z,GJ27XY9999,GJ27XY9999,0.51,0.88
84222-584891447_medium.mp4,CAM-BATCH-84222-,40,2026-09-02T12:15:35Z,GJ03KL4321,GJ03KL4321,0.49,0.88
84222-584891447_medium.mp4,CAM-BATCH-84222-,40,2026-09-02T12:15:35Z,GJ01AB1234,GJ01AB1234,0.41,0.88
84222-584891447_medium.mp4,CAM-BATCH-84222-,40,2026-09-02T12:15:35Z,GJ18CD5678,GJ18CD5678,0.39,0.88
84222-584891447_medium.mp4,CAM-BATCH-84222-,40,2026-09-02T12:15:35Z,GJ05EF9012,GJ05EF9012,0.36,0.88
84222-584891447_medium.mp4,CAM-BATCH-84222-,45,2026-09-02T12:16:44Z,GJ27XY9999,GJ27XY9999,0.88,0.88
84222-584891447_medium.mp4,CAM-BATCH-84222-,45,2026-09-02T12:16:44Z,GJ03KL4321,GJ03KL4321,0.81,0.88
84222-584891447_medium.mp4,CAM-BATCH-84222-,45,2026-09-02T12:16:44Z,GJ01AB1234,GJ01AB1234,0.75,0.88
84222-584891447_medium.mp4,CAM-BATCH-84222-,45,2026-09-02T12:16:44Z,GJ18CD5678,GJ18CD5678,0.59,0.88
84222-584891447_medium.mp4,CAM-BATCH-84222-,45,2026-09-02T12:16:44Z,GJ05EF9012,GJ05EF9012,0.53,0.88
84222-584891447_medium.mp4,CAM-BATCH-84222-,45,2026-09-02T12:16:44Z,GJ27XY9999,GJ27XY9999,0.53,0.88
84222-584891447_medium.mp4,CAM-BATCH-84222-,45,2026-09-02T12:16:44Z,GJ03KL4321,GJ03KL4321,0.48,0.88
84222-584891447_medium.mp4,CAM-BATCH-84222-,45,2026-09-02T12:16:44Z,GJ01AB1234,GJ01AB1234,0.39,0.88
84222-584891447_medium.mp4,CAM-BATCH-84222-,50,2026-09-02T12:17:18Z,GJ18CD5678,GJ18CD5678,0.85,0.88
84222-584891447_medium.mp4,CAM-BATCH-84222-,50,2026-09-02T12:17:18Z,GJ05EF9012,GJ05EF9012,0.81,0.88
84222-584891447_medium.mp4,CAM-BATCH-84222-,50,2026-09-02T12:17:18Z,GJ27XY9999,GJ27XY9999,0.72,0.88
84222-584891447_medium.mp4,CAM-BATCH-84222-,50,2026-09-02T12:17:18Z,GJ03KL4321,GJ03KL4321,0.5,0.88
84222-584891447_medium.mp4,CAM-BATCH-84222-,50,2026-09-02T12:17:18Z,GJ01AB1234,GJ01AB1234,0.48,0.88
84222-584891447_medium.mp4,CAM-BATCH-84222-,50,2026-09-02T12:17:18Z,GJ18CD5678,GJ18CD5678,0.46,0.88
84222-584891447_medium.mp4,CAM-BATCH-84222-,50,2026-09-02T12:17:18Z,GJ05EF9012,GJ05EF9012,0.43,0.88
84222-584891447_medium.mp4,CAM-BATCH-84222-,50,2026-09-02T12:17:18Z,GJ27XY9999,GJ27XY9999,0.38,0.88
84222-584891447_medium.mp4,CAM-BATCH-84222-,55,2026-09-02T12:33:13Z,GJ03KL4321,GJ03KL4321,0.85,0.88
84222-584891447_medium.mp4,CAM-BATCH-84222-,55,2026-09-02T12:33:13Z,GJ01AB1234,GJ01AB1234,0.77,0.88
84222-584891447_medium.mp4,CAM-BATCH-84222-,55,2026-09-02T12:33:13Z,GJ18CD5678,GJ18CD5678,0.76,0.88
84222-584891447_medium.mp4,CAM-BATCH-84222-,55,2026-09-02T12:33:13Z,GJ05EF9012,GJ05EF9012,0.52,0.88
84222-584891447_medium.mp4,CAM-BATCH-84222-,55,2026-09-02T12:33:13Z,GJ27XY9999,GJ27XY9999,0.48,0.88
84222-584891447_medium.mp4,CAM-BATCH-84222-,55,2026-09-02T12:33:13Z,GJ03KL4321,GJ03KL4321,0.43,0.88
84222-584891447_medium.mp4,CAM-BATCH-84222-,55,2026-09-02T12:33:13Z,GJ01AB1234,GJ01AB1234,0.38,0.88
84222-584891447_medium.mp4,CAM-BATCH-84222-,60,2026-09-02T12:33:59Z,GJ18CD5678,GJ18CD5678,0.88,0.88
84222-584891447_medium.mp4,CAM-BATCH-84222-,60,2026-09-02T12:33:59Z,GJ05EF9012,GJ05EF9012,0.86,0.88
84222-584891447_medium.mp4,CAM-BATCH-84222-,60,2026-09-02T12:33:59Z,GJ27XY9999,GJ27XY9999,0.81,0.88
84222-584891447_medium.mp4,CAM-BATCH-84222-,60,2026-09-02T12:33:59Z,GJ03KL4321,GJ03KL4321,0.72,0.88
84222-584891447_medium.mp4,CAM-BATCH-84222-,60,2026-09-02T12:33:59Z,GJ01AB1234,GJ01AB1234,0.57,0.88
84222-584891447_medium.mp4,CAM-BATCH-84222-,60,2026-09-02T12:33:59Z,GJ18CD5678,GJ18CD5678,0.45,0.88
84222-584891447_medium.mp4,CAM-BATCH-84222-,60,2026-09-02T12:33:59Z,GJ05EF9012,GJ05EF9012,0.39,0.88
84222-584891447_medium.mp4,CAM-BATCH-84222-,60,2026-09-02T12:33:59Z,GJ27XY9999,GJ27XY9999,0.38,0.88
84222-584891447_medium.mp4,CAM-BATCH-84222-,60,2026-09-02T12:33:59Z,GJ03KL4321,GJ03KL4321,0.38,0.88
84222-584891447_medium.mp4,CAM-BATCH-84222-,60,2026-09-02T12:33:59Z,GJ01AB1234,GJ01AB1234,0.37,0.88
84222-584891447_medium.mp4,CAM-BATCH-84222-,60,2026-09-02T12:33:59Z,GJ18CD5678,GJ18CD5678,0.35,0.88
84222-584891447_medium.mp4,CAM-BATCH-84222-,65,2026-09-02T12:34:33Z,GJ05EF9012,GJ05EF9012,0.87,0.88
84222-584891447_medium.mp4,CAM-BATCH-84222-,65,2026-09-02T12:34:33Z,GJ27XY9999,GJ27XY9999,0.85,0.88
84222-584891447_medium.mp4,CAM-BATCH-84222-,65,2026-09-02T12:34:33Z,GJ03KL4321,GJ03KL4321,0.8,0.88
84222-584891447_medium.mp4,CAM-BATCH-84222-,65,2026-09-02T12:34:33Z,GJ01AB1234,GJ01AB1234,0.76,0.88
84222-584891447_medium.mp4,CAM-BATCH-84222-,65,2026-09-02T12:34:33Z,GJ18CD5678,GJ18CD5678,0.47,0.88
84222-584891447_medium.mp4,CAM-BATCH-84222-,65,2026-09-02T12:34:33Z,GJ05EF9012,GJ05EF9012,0.44,0.88
84222-584891447_medium.mp4,CAM-BATCH-84222-,65,2026-09-02T12:34:33Z,GJ27XY9999,GJ27XY9999,0.43,0.88
84222-584891447_medium.mp4,CAM-BATCH-84222-,65,2026-09-02T12:34:33Z,GJ03KL4321,GJ03KL4321,0.42,0.88
84222-584891447_medium.mp4,CAM-BATCH-84222-,65,2026-09-02T12:34:33Z,GJ01AB1234,GJ01AB1234,0.38,0.88
84222-584891447_medium.mp4,CAM-BATCH-84222-,70,2026-09-02T12:35:02Z,GJ18CD5678,GJ18CD5678,0.88,0.88
84222-584891447_medium.mp4,CAM-BATCH-84222-,70,2026-09-02T12:35:02Z,GJ05EF9012,GJ05EF9012,0.84,0.88
84222-584891447_medium.mp4,CAM-BATCH-84222-,70,2026-09-02T12:35:02Z,GJ27XY9999,GJ27XY9999,0.71,0.88
84222-584891447_medium.mp4,CAM-BATCH-84222-,70,2026-09-02T12:35:02Z,GJ03KL4321,GJ03KL4321,0.67,0.88
84222-584891447_medium.mp4,CAM-BATCH-84222-,70,2026-09-02T12:35:02Z,GJ01AB1234,GJ01AB1234,0.48,0.88
84222-584891447_medium.mp4,CAM-BATCH-84222-,70,2026-09-02T12:35:02Z,GJ18CD5678,GJ18CD5678,0.46,0.88
84222-584891447_medium.mp4,CAM-BATCH-84222-,70,2026-09-02T12:35:02Z,GJ05EF9012,GJ05EF9012,0.42,0.88
84222-584891447_medium.mp4,CAM-BATCH-84222-,75,2026-09-02T12:35:31Z,GJ27XY9999,GJ27XY9999,0.85,0.88
84222-584891447_medium.mp4,CAM-BATCH-84222-,75,2026-09-02T12:35:31Z,GJ03KL4321,GJ03KL4321,0.84,0.88
84222-584891447_medium.mp4,CAM-BATCH-84222-,75,2026-09-02T12:35:31Z,GJ01AB1234,GJ01AB1234,0.73,0.88
84222-584891447_medium.mp4,CAM-BATCH-84222-,75,2026-09-02T12:35:31Z,GJ18CD5678,GJ18CD5678,0.6,0.88
84222-584891447_medium.mp4,CAM-BATCH-84222-,75,2026-09-02T12:35:31Z,GJ05EF9012,GJ05EF9012,0.51,0.88
84222-584891447_medium.mp4,CAM-BATCH-84222-,75,2026-09-02T12:35:31Z,GJ27XY9999,GJ27XY9999,0.41,0.88
84222-584891447_medium.mp4,CAM-BATCH-84222-,75,2026-09-02T12:35:31Z,GJ03KL4321,GJ03KL4321,0.37,0.88
84222-584891447_medium.mp4,CAM-BATCH-84222-,75,2026-09-02T12:35:31Z,GJ01AB1234,GJ01AB1234,0.37,0.88
84222-584891447_medium.mp4,CAM-BATCH-84222-,75,2026-09-02T12:35:31Z,GJ18CD5678,GJ18CD5678,0.36,0.88
84222-584891447_medium.mp4,CAM-BATCH-84222-,80,2026-09-02T12:36:12Z,GJ05EF9012,GJ05EF9012,0.87,0.88
84222-584891447_medium.mp4,CAM-BATCH-84222-,80,2026-09-02T12:36:12Z,GJ27XY9999,GJ27XY9999,0.79,0.88
84222-584891447_medium.mp4,CAM-BATCH-84222-,80,2026-09-02T12:36:12Z,GJ03KL4321,GJ03KL4321,0.75,0.88
84222-584891447_medium.mp4,CAM-BATCH-84222-,80,2026-09-02T12:36:12Z,GJ01AB1234,GJ01AB1234,0.53,0.88
84222-584891447_medium.mp4,CAM-BATCH-84222-,80,2026-09-02T12:36:12Z,GJ18CD5678,GJ18CD5678,0.5,0.88
84222-584891447_medium.mp4,CAM-BATCH-84222-,80,2026-09-02T12:36:12Z,GJ05EF9012,GJ05EF9012,0.45,0.88
84222-584891447_medium.mp4,CAM-BATCH-84222-,80,2026-09-02T12:36:12Z,GJ27XY9999,GJ27XY9999,0.43,0.88
84222-584891447_medium.mp4,CAM-BATCH-84222-,80,2026-09-02T12:36:12Z,GJ03KL4321,GJ03KL4321,0.43,0.88
84222-584891447_medium.mp4,CAM-BATCH-84222-,80,2026-09-02T12:36:12Z,GJ01AB1234,GJ01AB1234,0.39,0.88
84222-584891447_medium.mp4,CAM-BATCH-84222-,80,2026-09-02T12:36:12Z,GJ18CD5678,GJ18CD5678,0.39,0.88
84222-584891447_medium.mp4,CAM-BATCH-84222-,80,2026-09-02T12:36:12Z,GJ05EF9012,GJ05EF9012,0.37,0.88
84222-584891447_medium.mp4,CAM-BATCH-84222-,80,2026-09-02T12:36:12Z,GJ27XY9999,GJ27XY9999,0.37,0.88
84222-584891447_medium.mp4,CAM-BATCH-84222-,80,2026-09-02T12:36:12Z,GJ03KL4321,GJ03KL4321,0.37,0.88
84222-584891447_medium.mp4,CAM-BATCH-84222-,80,2026-09-02T12:36:12Z,GJ01AB1234,GJ01AB1234,0.36,0.88
84222-584891447_medium.mp4,CAM-BATCH-84222-,85,2026-09-02T12:37:00Z,GJ18CD5678,GJ18CD5678,0.89,0.88
84222-584891447_medium.mp4,CAM-BATCH-84222-,85,2026-09-02T12:37:00Z,A9AP0,A9 AP0,0.8,0.18
84222-584891447_medium.mp4,CAM-BATCH-84222-,85,2026-09-02T12:37:00Z,GJ05EF9012,GJ05EF9012,0.74,0.88
84222-584891447_medium.mp4,CAM-BATCH-84222-,85,2026-09-02T12:37:00Z,GJ27XY9999,GJ27XY9999,0.63,0.88
84222-584891447_medium.mp4,CAM-BATCH-84222-,85,2026-09-02T12:37:00Z,GJ03KL4321,GJ03KL4321,0.56,0.88
84222-584891447_medium.mp4,CAM-BATCH-84222-,85,2026-09-02T12:37:00Z,GJ01AB1234,GJ01AB1234,0.5,0.88
84222-584891447_medium.mp4,CAM-BATCH-84222-,85,2026-09-02T12:37:00Z,GJ18CD5678,GJ18CD5678,0.46,0.88
84222-584891447_medium.mp4,CAM-BATCH-84222-,85,2026-09-02T12:37:00Z,GJ05EF9012,GJ05EF9012,0.42,0.88
84222-584891447_medium.mp4,CAM-BATCH-84222-,85,2026-09-02T12:37:00Z,GJ27XY9999,GJ27XY9999,0.42,0.88
84222-584891447_medium.mp4,CAM-BATCH-84222-,85,2026-09-02T12:37:00Z,GJ03KL4321,GJ03KL4321,0.41,0.88
84222-584891447_medium.mp4,CAM-BATCH-84222-,85,2026-09-02T12:37:00Z,GJ01AB1234,GJ01AB1234,0.38,0.88
84222-584891447_medium.mp4,CAM-BATCH-84222-,85,2026-09-02T12:37:00Z,GJ18CD5678,GJ18CD5678,0.37,0.88
84222-584891447_medium.mp4,CAM-BATCH-84222-,85,2026-09-02T12:37:00Z,GJ05EF9012,GJ05EF9012,0.36,0.88
84222-584891447_medium.mp4,CAM-BATCH-84222-,90,2026-09-02T12:37:46Z,GJ27XY9999,GJ27XY9999,0.88,0.88
84222-584891447_medium.mp4,CAM-BATCH-84222-,90,2026-09-02T12:37:46Z,GJ03KL4321,GJ03KL4321,0.82,0.88
84222-584891447_medium.mp4,CAM-BATCH-84222-,90,2026-09-02T12:37:46Z,GJ01AB1234,GJ01AB1234,0.81,0.88
84222-584891447_medium.mp4,CAM-BATCH-84222-,90,2026-09-02T12:37:46Z,GJ18CD5678,GJ18CD5678,0.72,0.88
84222-584891447_medium.mp4,CAM-BATCH-84222-,90,2026-09-02T12:37:46Z,GJ05EF9012,GJ05EF9012,0.61,0.88
84222-584891447_medium.mp4,CAM-BATCH-84222-,90,2026-09-02T12:37:46Z,GJ27XY9999,GJ27XY9999,0.55,0.88
84222-584891447_medium.mp4,CAM-BATCH-84222-,90,2026-09-02T12:37:46Z,GJ03KL4321,GJ03KL4321,0.45,0.88
84222-584891447_medium.mp4,CAM-BATCH-84222-,90,2026-09-02T12:37:46Z,GJ01AB1234,GJ01AB1234,0.43,0.88
84222-584891447_medium.mp4,CAM-BATCH-84222-,90,2026-09-02T12:37:46Z,GJ18CD5678,GJ18CD5678,0.41,0.88
84222-584891447_medium.mp4,CAM-BATCH-84222-,90,2026-09-02T12:37:46Z,GJ05EF9012,GJ05EF9012,0.4,0.88
84222-584891447_medium.mp4,CAM-BATCH-84222-,90,2026-09-02T12:37:46Z,GJ27XY9999,GJ27XY9999,0.36,0.88
84222-584891447_medium.mp4,CAM-BATCH-84222-,95,2026-09-02T12:38:23Z,GJ03KL4321,GJ03KL4321,0.8,0.88
84222-584891447_medium.mp4,CAM-BATCH-84222-,95,2026-09-02T12:38:23Z,GJ01AB1234,GJ01AB1234,0.79,0.88
84222-584891447_medium.mp4,CAM-BATCH-84222-,95,2026-09-02T12:38:23Z,GJ18CD5678,GJ18CD5678,0.78,0.88
84222-584891447_medium.mp4,CAM-BATCH-84222-,95,2026-09-02T12:38:23Z,GJ05EF9012,GJ05EF9012,0.74,0.88
84222-584891447_medium.mp4,CAM-BATCH-84222-,95,2026-09-02T12:38:23Z,GJ27XY9999,GJ27XY9999,0.7,0.88
84222-584891447_medium.mp4,CAM-BATCH-84222-,95,2026-09-02T12:38:23Z,GJ03KL4321,GJ03KL4321,0.45,0.88
84222-584891447_medium.mp4,CAM-BATCH-84222-,95,2026-09-02T12:38:23Z,GJ01AB1234,GJ01AB1234,0.44,0.88
84222-584891447_medium.mp4,CAM-BATCH-84222-,95,2026-09-02T12:38:23Z,GJ18CD5678,GJ18CD5678,0.42,0.88
84222-584891447_medium.mp4,CAM-BATCH-84222-,95,2026-09-02T12:38:23Z,GJ05EF9012,GJ05EF9012,0.41,0.88
84222-584891447_medium.mp4,CAM-BATCH-84222-,95,2026-09-02T12:38:23Z,GJ27XY9999,GJ27XY9999,0.38,0.88
84222-584891447_medium.mp4,CAM-BATCH-84222-,95,2026-09-02T12:38:23Z,GJ03KL4321,GJ03KL4321,0.35,0.88
84222-584891447_medium.mp4,CAM-BATCH-84222-,100,2026-09-02T12:39:06Z,GJ01AB1234,GJ01AB1234,0.81,0.88
84222-584891447_medium.mp4,CAM-BATCH-84222-,100,2026-09-02T12:39:06Z,GJ18CD5678,GJ18CD5678,0.76,0.88
84222-584891447_medium.mp4,CAM-BATCH-84222-,100,2026-09-02T12:39:06Z,GJ05EF9012,GJ05EF9012,0.74,0.88
84222-584891447_medium.mp4,CAM-BATCH-84222-,100,2026-09-02T12:39:06Z,GJ27XY9999,GJ27XY9999,0.7,0.88
84222-584891447_medium.mp4,CAM-BATCH-84222-,100,2026-09-02T12:39:06Z,GJ03KL4321,GJ03KL4321,0.65,0.88
84222-584891447_medium.mp4,CAM-BATCH-84222-,100,2026-09-02T12:39:06Z,GJ01AB1234,GJ01AB1234,0.5,0.88
84222-584891447_medium.mp4,CAM-BATCH-84222-,100,2026-09-02T12:39:06Z,GJ18CD5678,GJ18CD5678,0.46,0.88
84222-584891447_medium.mp4,CAM-BATCH-84222-,100,2026-09-02T12:39:06Z,GJ05EF9012,GJ05EF9012,0.42,0.88
84222-584891447_medium.mp4,CAM-BATCH-84222-,100,2026-09-02T12:39:06Z,GJ27XY9999,GJ27XY9999,0.41,0.88
84222-584891447_medium.mp4,CAM-BATCH-84222-,100,2026-09-02T12:39:06Z,GJ03KL4321,GJ03KL4321,0.38,0.88
84222-584891447_medium.mp4,CAM-BATCH-84222-,105,2026-09-02T12:39:51Z,GJ01AB1234,GJ01AB1234,0.79,0.88
84222-584891447_medium.mp4,CAM-BATCH-84222-,105,2026-09-02T12:39:51Z,GJ18CD5678,GJ18CD5678,0.77,0.88
84222-584891447_medium.mp4,CAM-BATCH-84222-,105,2026-09-02T12:39:51Z,GJ05EF9012,GJ05EF9012,0.76,0.88
84222-584891447_medium.mp4,CAM-BATCH-84222-,105,2026-09-02T12:39:51Z,GJ27XY9999,GJ27XY9999,0.68,0.88
84222-584891447_medium.mp4,CAM-BATCH-84222-,105,2026-09-02T12:39:51Z,GJ03KL4321,GJ03KL4321,0.68,0.88
84222-584891447_medium.mp4,CAM-BATCH-84222-,105,2026-09-02T12:39:51Z,GJ01AB1234,GJ01AB1234,0.47,0.88
84222-584891447_medium.mp4,CAM-BATCH-84222-,105,2026-09-02T12:39:51Z,GJ18CD5678,GJ18CD5678,0.47,0.88
84222-584891447_medium.mp4,CAM-BATCH-84222-,105,2026-09-02T12:39:51Z,GJ05EF9012,GJ05EF9012,0.41,0.88
84222-584891447_medium.mp4,CAM-BATCH-84222-,105,2026-09-02T12:39:51Z,GJ27XY9999,GJ27XY9999,0.41,0.88
84222-584891447_medium.mp4,CAM-BATCH-84222-,105,2026-09-02T12:39:51Z,GJ03KL4321,GJ03KL4321,0.39,0.88
84222-584891447_medium.mp4,CAM-BATCH-84222-,110,2026-09-02T12:40:33Z,GJ01AB1234,GJ01AB1234,0.82,0.88
84222-584891447_medium.mp4,CAM-BATCH-84222-,110,2026-09-02T12:40:33Z,GJ18CD5678,GJ18CD5678,0.77,0.88
84222-584891447_medium.mp4,CAM-BATCH-84222-,110,2026-09-02T12:40:33Z,GJ05EF9012,GJ05EF9012,0.71,0.88
84222-584891447_medium.mp4,CAM-BATCH-84222-,110,2026-09-02T12:40:33Z,GJ27XY9999,GJ27XY9999,0.65,0.88
84222-584891447_medium.mp4,CAM-BATCH-84222-,110,2026-09-02T12:40:33Z,GJ03KL4321,GJ03KL4321,0.57,0.88
84222-584891447_medium.mp4,CAM-BATCH-84222-,110,2026-09-02T12:40:33Z,GJ01AB1234,GJ01AB1234,0.5,0.88
84222-584891447_medium.mp4,CAM-BATCH-84222-,110,2026-09-02T12:40:33Z,GJ18CD5678,GJ18CD5678,0.5,0.88
84222-584891447_medium.mp4,CAM-BATCH-84222-,110,2026-09-02T12:40:33Z,GJ05EF9012,GJ05EF9012,0.49,0.88
84222-584891447_medium.mp4,CAM-BATCH-84222-,110,2026-09-02T12:40:33Z,GJ27XY9999,GJ27XY9999,0.43,0.88
84222-584891447_medium.mp4,CAM-BATCH-84222-,110,2026-09-02T12:40:33Z,GJ03KL4321,GJ03KL4321,0.39,0.88
84222-584891447_medium.mp4,CAM-BATCH-84222-,110,2026-09-02T12:40:33Z,GJ01AB1234,GJ01AB1234,0.35,0.88
84222-584891447_medium.mp4,CAM-BATCH-84222-,115,2026-09-02T12:41:12Z,GJ18CD5678,GJ18CD5678,0.83,0.88
84222-584891447_medium.mp4,CAM-BATCH-84222-,115,2026-09-02T12:41:12Z,GJ05EF9012,GJ05EF9012,0.73,0.88
84222-584891447_medium.mp4,CAM-BATCH-84222-,115,2026-09-02T12:41:12Z,GJ27XY9999,GJ27XY9999,0.72,0.88
84222-584891447_medium.mp4,CAM-BATCH-84222-,115,2026-09-02T12:41:12Z,GJ03KL4321,GJ03KL4321,0.67,0.88
84222-584891447_medium.mp4,CAM-BATCH-84222-,115,2026-09-02T12:41:12Z,GJ01AB1234,GJ01AB1234,0.6,0.88
84222-584891447_medium.mp4,CAM-BATCH-84222-,115,2026-09-02T12:41:12Z,GJ18CD5678,GJ18CD5678,0.59,0.88
84222-584891447_medium.mp4,CAM-BATCH-84222-,115,2026-09-02T12:41:12Z,GJ05EF9012,GJ05EF9012,0.56,0.88
84222-584891447_medium.mp4,CAM-BATCH-84222-,115,2026-09-02T12:41:12Z,GJ27XY9999,GJ27XY9999,0.5,0.88
84222-584891447_medium.mp4,CAM-BATCH-84222-,115,2026-09-02T12:41:12Z,GJ03KL4321,GJ03KL4321,0.38,0.88
84222-584891447_medium.mp4,CAM-BATCH-84222-,115,2026-09-02T12:41:12Z,GJ01AB1234,GJ01AB1234,0.37,0.88
84222-584891447_medium.mp4,CAM-BATCH-84222-,115,2026-09-02T12:41:12Z,GJ18CD5678,GJ18CD5678,0.36,0.88
84222-584891447_medium.mp4,CAM-BATCH-84222-,120,2026-09-02T12:41:51Z,GJ05EF9012,GJ05EF9012,0.84,0.88
84222-584891447_medium.mp4,CAM-BATCH-84222-,120,2026-09-02T12:41:51Z,GJ27XY9999,GJ27XY9999,0.78,0.88
84222-584891447_medium.mp4,CAM-BATCH-84222-,120,2026-09-02T12:41:51Z,GJ03KL4321,GJ03KL4321,0.75,0.88
84222-584891447_medium.mp4,CAM-BATCH-84222-,120,2026-09-02T12:41:51Z,GJ01AB1234,GJ01AB1234,0.65,0.88
84222-584891447_medium.mp4,CAM-BATCH-84222-,120,2026-09-02T12:41:51Z,GJ18CD5678,GJ18CD5678,0.62,0.88
84222-584891447_medium.mp4,CAM-BATCH-84222-,120,2026-09-02T12:41:51Z,GJ05EF9012,GJ05EF9012,0.52,0.88
84222-584891447_medium.mp4,CAM-BATCH-84222-,120,2026-09-02T12:41:51Z,GJ27XY9999,GJ27XY9999,0.49,0.88
84222-584891447_medium.mp4,CAM-BATCH-84222-,120,2026-09-02T12:41:51Z,GJ03KL4321,GJ03KL4321,0.48,0.88
84222-584891447_medium.mp4,CAM-BATCH-84222-,120,2026-09-02T12:41:51Z,GJ01AB1234,GJ01AB1234,0.46,0.88
84222-584891447_medium.mp4,CAM-BATCH-84222-,120,2026-09-02T12:41:51Z,GJ18CD5678,GJ18CD5678,0.38,0.88
84222-584891447_medium.mp4,CAM-BATCH-84222-,120,2026-09-02T12:41:51Z,GJ05EF9012,GJ05EF9012,0.35,0.88
84222-584891447_medium.mp4,CAM-BATCH-84222-,125,2026-09-02T12:42:28Z,GJ27XY9999,GJ27XY9999,0.91,0.88
84222-584891447_medium.mp4,CAM-BATCH-84222-,125,2026-09-02T12:42:28Z,GJ03KL4321,GJ03KL4321,0.74,0.88
84222-584891447_medium.mp4,CAM-BATCH-84222-,125,2026-09-02T12:42:28Z,GJ01AB1234,GJ01AB1234,0.68,0.88
84222-584891447_medium.mp4,CAM-BATCH-84222-,125,2026-09-02T12:42:28Z,GJ18CD5678,GJ18CD5678,0.68,0.88
84222-584891447_medium.mp4,CAM-BATCH-84222-,125,2026-09-02T12:42:28Z,GJ05EF9012,GJ05EF9012,0.56,0.88
84222-584891447_medium.mp4,CAM-BATCH-84222-,125,2026-09-02T12:42:28Z,GJ27XY9999,GJ27XY9999,0.5,0.88
84222-584891447_medium.mp4,CAM-BATCH-84222-,125,2026-09-02T12:42:28Z,GJ03KL4321,GJ03KL4321,0.47,0.88
84222-584891447_medium.mp4,CAM-BATCH-84222-,125,2026-09-02T12:42:28Z,GJ01AB1234,GJ01AB1234,0.43,0.88
84222-584891447_medium.mp4,CAM-BATCH-84222-,125,2026-09-02T12:42:28Z,GJ18CD5678,GJ18CD5678,0.42,0.88
84222-584891447_medium.mp4,CAM-BATCH-84222-,125,2026-09-02T12:42:28Z,GJ05EF9012,GJ05EF9012,0.41,0.88
84222-584891447_medium.mp4,CAM-BATCH-84222-,125,2026-09-02T12:42:28Z,GJ27XY9999,GJ27XY9999,0.39,0.88
84222-584891447_medium.mp4,CAM-BATCH-84222-,130,2026-09-02T12:43:14Z,GJ03KL4321,GJ03KL4321,0.9,0.88
84222-584891447_medium.mp4,CAM-BATCH-84222-,130,2026-09-02T12:43:14Z,GJ01AB1234,GJ01AB1234,0.75,0.88
84222-584891447_medium.mp4,CAM-BATCH-84222-,130,2026-09-02T12:43:14Z,GJ18CD5678,GJ18CD5678,0.72,0.88
84222-584891447_medium.mp4,CAM-BATCH-84222-,130,2026-09-02T12:43:14Z,GJ05EF9012,GJ05EF9012,0.58,0.88
84222-584891447_medium.mp4,CAM-BATCH-84222-,130,2026-09-02T12:43:14Z,GJ27XY9999,GJ27XY9999,0.55,0.88
84222-584891447_medium.mp4,CAM-BATCH-84222-,130,2026-09-02T12:43:14Z,GJ03KL4321,GJ03KL4321,0.54,0.88
84222-584891447_medium.mp4,CAM-BATCH-84222-,130,2026-09-02T12:43:14Z,GJ01AB1234,GJ01AB1234,0.46,0.88
84222-584891447_medium.mp4,CAM-BATCH-84222-,130,2026-09-02T12:43:14Z,GJ18CD5678,GJ18CD5678,0.39,0.88
84222-584891447_medium.mp4,CAM-BATCH-84222-,130,2026-09-02T12:43:14Z,GJ05EF9012,GJ05EF9012,0.38,0.88
84222-584891447_medium.mp4,CAM-BATCH-84222-,130,2026-09-02T12:43:14Z,GJ27XY9999,GJ27XY9999,0.38,0.88
84222-584891447_medium.mp4,CAM-BATCH-84222-,130,2026-09-02T12:43:14Z,GJ03KL4321,GJ03KL4321,0.37,0.88
84222-584891447_medium.mp4,CAM-BATCH-84222-,135,2026-09-02T12:43:48Z,GJ01AB1234,GJ01AB1234,0.85,0.88
84222-584891447_medium.mp4,CAM-BATCH-84222-,135,2026-09-02T12:43:48Z,GJ18CD5678,GJ18CD5678,0.7,0.88
84222-584891447_medium.mp4,CAM-BATCH-84222-,135,2026-09-02T12:43:48Z,GJ05EF9012,GJ05EF9012,0.69,0.88
84222-584891447_medium.mp4,CAM-BATCH-84222-,135,2026-09-02T12:43:48Z,GJ27XY9999,GJ27XY9999,0.68,0.88
84222-584891447_medium.mp4,CAM-BATCH-84222-,135,2026-09-02T12:43:48Z,GJ03KL4321,GJ03KL4321,0.67,0.88
84222-584891447_medium.mp4,CAM-BATCH-84222-,135,2026-09-02T12:43:48Z,GJ01AB1234,GJ01AB1234,0.54,0.88
84222-584891447_medium.mp4,CAM-BATCH-84222-,135,2026-09-02T12:43:48Z,GJ18CD5678,GJ18CD5678,0.53,0.88
84222-584891447_medium.mp4,CAM-BATCH-84222-,135,2026-09-02T12:43:48Z,GJ05EF9012,GJ05EF9012,0.51,0.88
84222-584891447_medium.mp4,CAM-BATCH-84222-,135,2026-09-02T12:43:48Z,GJ27XY9999,GJ27XY9999,0.42,0.88
84222-584891447_medium.mp4,CAM-BATCH-84222-,135,2026-09-02T12:43:48Z,GJ03KL4321,GJ03KL4321,0.4,0.88
84222-584891447_medium.mp4,CAM-BATCH-84222-,135,2026-09-02T12:43:48Z,GJ01AB1234,GJ01AB1234,0.39,0.88
84222-584891447_medium.mp4,CAM-BATCH-84222-,135,2026-09-02T12:43:48Z,GJ18CD5678,GJ18CD5678,0.37,0.88
84222-584891447_medium.mp4,CAM-BATCH-84222-,140,2026-09-02T12:44:39Z,GJ05EF9012,GJ05EF9012,0.87,0.88
84222-584891447_medium.mp4,CAM-BATCH-84222-,140,2026-09-02T12:44:39Z,GJ27XY9999,GJ27XY9999,0.87,0.88
84222-584891447_medium.mp4,CAM-BATCH-84222-,140,2026-09-02T12:44:39Z,GJ03KL4321,GJ03KL4321,0.74,0.88
84222-584891447_medium.mp4,CAM-BATCH-84222-,140,2026-09-02T12:44:39Z,GJ01AB1234,GJ01AB1234,0.7,0.88
84222-584891447_medium.mp4,CAM-BATCH-84222-,140,2026-09-02T12:44:39Z,GJ18CD5678,GJ18CD5678,0.58,0.88
84222-584891447_medium.mp4,CAM-BATCH-84222-,140,2026-09-02T12:44:39Z,GJ05EF9012,GJ05EF9012,0.53,0.88
84222-584891447_medium.mp4,CAM-BATCH-84222-,140,2026-09-02T12:44:39Z,GJ27XY9999,GJ27XY9999,0.47,0.88
84222-584891447_medium.mp4,CAM-BATCH-84222-,140,2026-09-02T12:44:39Z,GJ03KL4321,GJ03KL4321,0.46,0.88
84222-584891447_medium.mp4,CAM-BATCH-84222-,140,2026-09-02T12:44:39Z,GJ01AB1234,GJ01AB1234,0.4,0.88
84222-584891447_medium.mp4,CAM-BATCH-84222-,145,2026-09-02T12:45:30Z,GJ18CD5678,GJ18CD5678,0.9,0.88
84222-584891447_medium.mp4,CAM-BATCH-84222-,145,2026-09-02T12:45:30Z,GJ05EF9012,GJ05EF9012,0.83,0.88
84222-584891447_medium.mp4,CAM-BATCH-84222-,145,2026-09-02T12:45:30Z,GJ27XY9999,GJ27XY9999,0.72,0.88
84222-584891447_medium.mp4,CAM-BATCH-84222-,145,2026-09-02T12:45:30Z,GJ03KL4321,GJ03KL4321,0.71,0.88
84222-584891447_medium.mp4,CAM-BATCH-84222-,145,2026-09-02T12:45:30Z,GJ01AB1234,GJ01AB1234,0.57,0.88
84222-584891447_medium.mp4,CAM-BATCH-84222-,145,2026-09-02T12:45:30Z,GJ18CD5678,GJ18CD5678,0.55,0.88
84222-584891447_medium.mp4,CAM-BATCH-84222-,145,2026-09-02T12:45:30Z,GJ05EF9012,GJ05EF9012,0.52,0.88
84222-584891447_medium.mp4,CAM-BATCH-84222-,145,2026-09-02T12:45:30Z,GJ27XY9999,GJ27XY9999,0.52,0.88
84222-584891447_medium.mp4,CAM-BATCH-84222-,145,2026-09-02T12:45:30Z,GJ03KL4321,GJ03KL4321,0.41,0.88
84222-584891447_medium.mp4,CAM-BATCH-84222-,145,2026-09-02T12:45:30Z,GJ01AB1234,GJ01AB1234,0.37,0.88
84222-584891447_medium.mp4,CAM-BATCH-84222-,145,2026-09-02T12:45:30Z,GJ18CD5678,GJ18CD5678,0.37,0.88
84222-584891447_medium.mp4,CAM-BATCH-84222-,150,2026-09-02T12:46:22Z,GJ05EF9012,GJ05EF9012,0.89,0.88
84222-584891447_medium.mp4,CAM-BATCH-84222-,150,2026-09-02T12:46:22Z,GJ27XY9999,GJ27XY9999,0.82,0.88
84222-584891447_medium.mp4,CAM-BATCH-84222-,150,2026-09-02T12:46:22Z,GJ03KL4321,GJ03KL4321,0.7,0.88
84222-584891447_medium.mp4,CAM-BATCH-84222-,150,2026-09-02T12:46:22Z,GJ01AB1234,GJ01AB1234,0.67,0.88
84222-584891447_medium.mp4,CAM-BATCH-84222-,150,2026-09-02T12:46:22Z,GJ18CD5678,GJ18CD5678,0.66,0.88
84222-584891447_medium.mp4,CAM-BATCH-84222-,150,2026-09-02T12:46:22Z,GJ05EF9012,GJ05EF9012,0.65,0.88
84222-584891447_medium.mp4,CAM-BATCH-84222-,150,2026-09-02T12:46:22Z,GJ27XY9999,GJ27XY9999,0.61,0.88
84222-584891447_medium.mp4,CAM-BATCH-84222-,150,2026-09-02T12:46:22Z,GJ03KL4321,GJ03KL4321,0.57,0.88
84222-584891447_medium.mp4,CAM-BATCH-84222-,150,2026-09-02T12:46:22Z,GJ01AB1234,GJ01AB1234,0.42,0.88
84222-584891447_medium.mp4,CAM-BATCH-84222-,150,2026-09-02T12:46:22Z,GJ18CD5678,GJ18CD5678,0.4,0.88
84222-584891447_medium.mp4,CAM-BATCH-84222-,150,2026-09-02T12:46:22Z,GJ05EF9012,GJ05EF9012,0.4,0.88
84222-584891447_medium.mp4,CAM-BATCH-84222-,150,2026-09-02T12:46:22Z,GJ27XY9999,GJ27XY9999,0.36,0.88
84222-584891447_medium.mp4,CAM-BATCH-84222-,150,2026-09-02T12:46:22Z,GJ03KL4321,GJ03KL4321,0.35,0.88
84222-584891447_medium.mp4,CAM-BATCH-84222-,150,2026-09-02T12:46:22Z,GJ01AB1234,GJ01AB1234,0.35,0.88
84222-584891447_medium.mp4,CAM-BATCH-84222-,155,2026-09-02T12:47:20Z,GJ18CD5678,GJ18CD5678,0.88,0.88
84222-584891447_medium.mp4,CAM-BATCH-84222-,155,2026-09-02T12:47:20Z,GJ05EF9012,GJ05EF9012,0.87,0.88
84222-584891447_medium.mp4,CAM-BATCH-84222-,155,2026-09-02T12:47:20Z,GJ27XY9999,GJ27XY9999,0.62,0.88
84222-584891447_medium.mp4,CAM-BATCH-84222-,155,2026-09-02T12:47:20Z,GJ03KL4321,GJ03KL4321,0.6,0.88
84222-584891447_medium.mp4,CAM-BATCH-84222-,155,2026-09-02T12:47:20Z,GJ01AB1234,GJ01AB1234,0.59,0.88
84222-584891447_medium.mp4,CAM-BATCH-84222-,155,2026-09-02T12:47:20Z,GJ18CD5678,GJ18CD5678,0.46,0.88
84222-584891447_medium.mp4,CAM-BATCH-84222-,155,2026-09-02T12:47:20Z,GJ05EF9012,GJ05EF9012,0.44,0.88
84222-584891447_medium.mp4,CAM-BATCH-84222-,155,2026-09-02T12:47:20Z,GJ27XY9999,GJ27XY9999,0.43,0.88
84222-584891447_medium.mp4,CAM-BATCH-84222-,155,2026-09-02T12:47:20Z,GJ03KL4321,GJ03KL4321,0.37,0.88
84222-584891447_medium.mp4,CAM-BATCH-84222-,155,2026-09-02T12:47:20Z,GJ01AB1234,GJ01AB1234,0.36,0.88
84222-584891447_medium.mp4,CAM-BATCH-84222-,155,2026-09-02T12:47:20Z,GJ18CD5678,GJ18CD5678,0.36,0.88
84222-584891447_medium.mp4,CAM-BATCH-84222-,160,2026-09-02T12:48:04Z,GJ05EF9012,GJ05EF9012,0.91,0.88
84222-584891447_medium.mp4,CAM-BATCH-84222-,160,2026-09-02T12:48:04Z,GJ27XY9999,GJ27XY9999,0.83,0.88
84222-584891447_medium.mp4,CAM-BATCH-84222-,160,2026-09-02T12:48:04Z,GJ03KL4321,GJ03KL4321,0.68,0.88
84222-584891447_medium.mp4,CAM-BATCH-84222-,160,2026-09-02T12:48:04Z,GJ01AB1234,GJ01AB1234,0.62,0.88
84222-584891447_medium.mp4,CAM-BATCH-84222-,160,2026-09-02T12:48:04Z,GJ18CD5678,GJ18CD5678,0.62,0.88
84222-584891447_medium.mp4,CAM-BATCH-84222-,160,2026-09-02T12:48:04Z,GJ05EF9012,GJ05EF9012,0.59,0.88
84222-584891447_medium.mp4,CAM-BATCH-84222-,160,2026-09-02T12:48:04Z,GJ27XY9999,GJ27XY9999,0.45,0.88
84222-584891447_medium.mp4,CAM-BATCH-84222-,160,2026-09-02T12:48:04Z,GJ03KL4321,GJ03KL4321,0.43,0.88
84222-584891447_medium.mp4,CAM-BATCH-84222-,160,2026-09-02T12:48:04Z,GJ01AB1234,GJ01AB1234,0.43,0.88
84222-584891447_medium.mp4,CAM-BATCH-84222-,165,2026-09-02T12:48:51Z,AP09,AP09,0.86,0.02
84222-584891447_medium.mp4,CAM-BATCH-84222-,165,2026-09-02T12:48:51Z,GJ18CD5678,GJ18CD5678,0.85,0.88
84222-584891447_medium.mp4,CAM-BATCH-84222-,165,2026-09-02T12:48:51Z,GJ05EF9012,GJ05EF9012,0.62,0.88
84222-584891447_medium.mp4,CAM-BATCH-84222-,165,2026-09-02T12:48:51Z,GJ27XY9999,GJ27XY9999,0.6,0.88
84222-584891447_medium.mp4,CAM-BATCH-84222-,165,2026-09-02T12:48:51Z,GJ03KL4321,GJ03KL4321,0.59,0.88
84222-584891447_medium.mp4,CAM-BATCH-84222-,165,2026-09-02T12:48:51Z,GJ01AB1234,GJ01AB1234,0.52,0.88
84222-584891447_medium.mp4,CAM-BATCH-84222-,165,2026-09-02T12:48:51Z,GJ18CD5678,GJ18CD5678,0.44,0.88
84222-584891447_medium.mp4,CAM-BATCH-84222-,165,2026-09-02T12:48:51Z,GJ05EF9012,GJ05EF9012,0.43,0.88
84222-584891447_medium.mp4,CAM-BATCH-84222-,165,2026-09-02T12:48:51Z,GJ27XY9999,GJ27XY9999,0.41,0.88
84222-584891447_medium.mp4,CAM-BATCH-84222-,165,2026-09-02T12:48:51Z,GJ03KL4321,GJ03KL4321,0.39,0.88
84222-584891447_medium.mp4,CAM-BATCH-84222-,165,2026-09-02T12:48:51Z,GJ01AB1234,GJ01AB1234,0.37,0.88
84222-584891447_medium.mp4,CAM-BATCH-84222-,165,2026-09-02T12:48:51Z,GJ18CD5678,GJ18CD5678,0.36,0.88
84222-584891447_medium.mp4,CAM-BATCH-84222-,170,2026-09-02T12:49:34Z,AP07659A,AP0 7659A,0.88,0.11
84222-584891447_medium.mp4,CAM-BATCH-84222-,170,2026-09-02T12:49:34Z,GJ05EF9012,GJ05EF9012,0.81,0.88
84222-584891447_medium.mp4,CAM-BATCH-84222-,170,2026-09-02T12:49:34Z,GJ27XY9999,GJ27XY9999,0.69,0.88
84222-584891447_medium.mp4,CAM-BATCH-84222-,170,2026-09-02T12:49:34Z,GJ03KL4321,GJ03KL4321,0.59,0.88
84222-584891447_medium.mp4,CAM-BATCH-84222-,170,2026-09-02T12:49:34Z,GJ01AB1234,GJ01AB1234,0.57,0.88
84222-584891447_medium.mp4,CAM-BATCH-84222-,170,2026-09-02T12:49:34Z,GJ18CD5678,GJ18CD5678,0.46,0.88
84222-584891447_medium.mp4,CAM-BATCH-84222-,170,2026-09-02T12:49:34Z,GJ05EF9012,GJ05EF9012,0.42,0.88
84222-584891447_medium.mp4,CAM-BATCH-84222-,170,2026-09-02T12:49:34Z,GJ27XY9999,GJ27XY9999,0.38,0.88
84222-584891447_medium.mp4,CAM-BATCH-84222-,170,2026-09-02T12:49:34Z,GJ03KL4321,GJ03KL4321,0.36,0.88
84222-584891447_medium.mp4,CAM-BATCH-84222-,170,2026-09-02T12:49:34Z,GJ01AB1234,GJ01AB1234,0.35,0.88
84222-584891447_medium.mp4,CAM-BATCH-84222-,170,2026-09-02T12:49:34Z,GJ18CD5678,GJ18CD5678,0.35,0.88
84222-584891447_medium.mp4,CAM-BATCH-84222-,170,2026-09-02T12:49:34Z,GJ05EF9012,GJ05EF9012,0.35,0.88
84222-584891447_medium.mp4,CAM-BATCH-84222-,175,2026-09-02T12:50:26Z,AP09776506,AP09 776506,0.87,0.16
84222-584891447_medium.mp4,CAM-BATCH-84222-,175,2026-09-02T12:50:26Z,GJ27XY9999,GJ27XY9999,0.85,0.88
84222-584891447_medium.mp4,CAM-BATCH-84222-,175,2026-09-02T12:50:26Z,GJ03KL4321,GJ03KL4321,0.72,0.88
84222-584891447_medium.mp4,CAM-BATCH-84222-,175,2026-09-02T12:50:26Z,GJ01AB1234,GJ01AB1234,0.69,0.88
84222-584891447_medium.mp4,CAM-BATCH-84222-,175,2026-09-02T12:50:26Z,GJ18CD5678,GJ18CD5678,0.64,0.88
84222-584891447_medium.mp4,CAM-BATCH-84222-,175,2026-09-02T12:50:26Z,GJ05EF9012,GJ05EF9012,0.5,0.88
84222-584891447_medium.mp4,CAM-BATCH-84222-,175,2026-09-02T12:50:26Z,GJ27XY9999,GJ27XY9999,0.4,0.88
84222-584891447_medium.mp4,CAM-BATCH-84222-,175,2026-09-02T12:50:26Z,GJ03KL4321,GJ03KL4321,0.37,0.88
84222-584891447_medium.mp4,CAM-BATCH-84222-,175,2026-09-02T12:50:26Z,GJ01AB1234,GJ01AB1234,0.37,0.88
84222-584891447_medium.mp4,CAM-BATCH-84222-,175,2026-09-02T12:50:26Z,GJ18CD5678,GJ18CD5678,0.37,0.88
84222-584891447_medium.mp4,CAM-BATCH-84222-,175,2026-09-02T12:50:26Z,GJ05EF9012,GJ05EF9012,0.36,0.88
84222-584891447_medium.mp4,CAM-BATCH-84222-,180,2026-09-02T12:51:13Z,GJ27XY9999,GJ27XY9999,0.89,0.88
84222-584891447_medium.mp4,CAM-BATCH-84222-,180,2026-09-02T12:51:13Z,APO97659A,APO9 7659A,0.85,0.12
84222-584891447_medium.mp4,CAM-BATCH-84222-,180,2026-09-02T12:51:13Z,GJ03KL4321,GJ03KL4321,0.78,0.88
84222-584891447_medium.mp4,CAM-BATCH-84222-,180,2026-09-02T12:51:13Z,GJ01AB1234,GJ01AB1234,0.64,0.88
84222-584891447_medium.mp4,CAM-BATCH-84222-,180,2026-09-02T12:51:13Z,GJ18CD5678,GJ18CD5678,0.57,0.88
84222-584891447_medium.mp4,CAM-BATCH-84222-,180,2026-09-02T12:51:13Z,GJ05EF9012,GJ05EF9012,0.48,0.88
84222-584891447_medium.mp4,CAM-BATCH-84222-,180,2026-09-02T12:51:13Z,GJ27XY9999,GJ27XY9999,0.42,0.88
84222-584891447_medium.mp4,CAM-BATCH-84222-,180,2026-09-02T12:51:13Z,GJ03KL4321,GJ03KL4321,0.36,0.88
84222-584891447_medium.mp4,CAM-BATCH-84222-,180,2026-09-02T12:51:13Z,GJ01AB1234,GJ01AB1234,0.35,0.88
84222-584891447_medium.mp4,CAM-BATCH-84222-,185,2026-09-02T12:51:45Z,APO9736596,APO9 736596,0.89,0.23
84222-584891447_medium.mp4,CAM-BATCH-84222-,185,2026-09-02T12:51:45Z,GJ18CD5678,GJ18CD5678,0.88,0.88
84222-584891447_medium.mp4,CAM-BATCH-84222-,185,2026-09-02T12:51:45Z,GJ05EF9012,GJ05EF9012,0.87,0.88
84222-584891447_medium.mp4,CAM-BATCH-84222-,185,2026-09-02T12:51:45Z,GJ27XY9999,GJ27XY9999,0.64,0.88
84222-584891447_medium.mp4,CAM-BATCH-84222-,185,2026-09-02T12:51:45Z,GJ03KL4321,GJ03KL4321,0.47,0.88
84222-584891447_medium.mp4,CAM-BATCH-84222-,185,2026-09-02T12:51:45Z,GJ01AB1234,GJ01AB1234,0.47,0.88
84222-584891447_medium.mp4,CAM-BATCH-84222-,185,2026-09-02T12:51:45Z,GJ18CD5678,GJ18CD5678,0.47,0.88
84222-584891447_medium.mp4,CAM-BATCH-84222-,185,2026-09-02T12:51:45Z,GJ05EF9012,GJ05EF9012,0.43,0.88
84222-584891447_medium.mp4,CAM-BATCH-84222-,190,2026-09-02T12:52:19Z,GJ27XY9999,GJ27XY9999,0.86,0.88
84222-584891447_medium.mp4,CAM-BATCH-84222-,190,2026-09-02T12:52:19Z,GJ03KL4321,GJ03KL4321,0.85,0.88
84222-584891447_medium.mp4,CAM-BATCH-84222-,190,2026-09-02T12:52:19Z,TPO9736506,TPO9 736506,0.85,0.2
84222-584891447_medium.mp4,CAM-BATCH-84222-,190,2026-09-02T12:52:19Z,GJ01AB1234,GJ01AB1234,0.66,0.88
84222-584891447_medium.mp4,CAM-BATCH-84222-,190,2026-09-02T12:52:19Z,GJ18CD5678,GJ18CD5678,0.65,0.88
84222-584891447_medium.mp4,CAM-BATCH-84222-,190,2026-09-02T12:52:19Z,GJ05EF9012,GJ05EF9012,0.52,0.88
84222-584891447_medium.mp4,CAM-BATCH-84222-,190,2026-09-02T12:52:19Z,GJ27XY9999,GJ27XY9999,0.48,0.88
84222-584891447_medium.mp4,CAM-BATCH-84222-,190,2026-09-02T12:52:19Z,GJ03KL4321,GJ03KL4321,0.45,0.88
84222-584891447_medium.mp4,CAM-BATCH-84222-,190,2026-09-02T12:52:19Z,GJ01AB1234,GJ01AB1234,0.39,0.88
84222-584891447_medium.mp4,CAM-BATCH-84222-,190,2026-09-02T12:52:19Z,GJ18CD5678,GJ18CD5678,0.35,0.88
84222-584891447_medium.mp4,CAM-BATCH-84222-,195,2026-09-02T12:53:04Z,GJ05EF9012,GJ05EF9012,0.89,0.88
84222-584891447_medium.mp4,CAM-BATCH-84222-,195,2026-09-02T12:53:04Z,AP0936596,AP09 36596,0.85,0.31
84222-584891447_medium.mp4,CAM-BATCH-84222-,195,2026-09-02T12:53:04Z,GJ27XY9999,GJ27XY9999,0.83,0.88
84222-584891447_medium.mp4,CAM-BATCH-84222-,195,2026-09-02T12:53:04Z,GJ03KL4321,GJ03KL4321,0.69,0.88
84222-584891447_medium.mp4,CAM-BATCH-84222-,195,2026-09-02T12:53:04Z,GJ01AB1234,GJ01AB1234,0.47,0.88
84222-584891447_medium.mp4,CAM-BATCH-84222-,195,2026-09-02T12:53:04Z,GJ18CD5678,GJ18CD5678,0.45,0.88
84222-584891447_medium.mp4,CAM-BATCH-84222-,195,2026-09-02T12:53:04Z,GJ05EF9012,GJ05EF9012,0.45,0.88
84222-584891447_medium.mp4,CAM-BATCH-84222-,195,2026-09-02T12:53:04Z,GJ27XY9999,GJ27XY9999,0.43,0.88
84222-584891447_medium.mp4,CAM-BATCH-84222-,195,2026-09-02T12:53:04Z,GJ03KL4321,GJ03KL4321,0.41,0.88
84222-584891447_medium.mp4,CAM-BATCH-84222-,195,2026-09-02T12:53:04Z,GJ01AB1234,GJ01AB1234,0.38,0.88
84222-584891447_medium.mp4,CAM-BATCH-84222-,195,2026-09-02T12:53:04Z,GJ18CD5678,GJ18CD5678,0.37,0.88
84222-584891447_medium.mp4,CAM-BATCH-84222-,195,2026-09-02T12:53:04Z,GJ05EF9012,GJ05EF9012,0.35,0.88
84222-584891447_medium.mp4,CAM-BATCH-84222-,200,2026-09-02T12:53:36Z,AP097659,AP09 7659,0.87,0.26
84222-584891447_medium.mp4,CAM-BATCH-84222-,200,2026-09-02T12:53:36Z,GJ27XY9999,GJ27XY9999,0.79,0.88
84222-584891447_medium.mp4,CAM-BATCH-84222-,200,2026-09-02T12:53:36Z,GJ03KL4321,GJ03KL4321,0.75,0.88
84222-584891447_medium.mp4,CAM-BATCH-84222-,200,2026-09-02T12:53:36Z,GJ01AB1234,GJ01AB1234,0.68,0.88
84222-584891447_medium.mp4,CAM-BATCH-84222-,200,2026-09-02T12:53:36Z,GJ18CD5678,GJ18CD5678,0.63,0.88
84222-584891447_medium.mp4,CAM-BATCH-84222-,200,2026-09-02T12:53:36Z,GJ05EF9012,GJ05EF9012,0.52,0.88
84222-584891447_medium.mp4,CAM-BATCH-84222-,200,2026-09-02T12:53:36Z,GJ27XY9999,GJ27XY9999,0.44,0.88
84222-584891447_medium.mp4,CAM-BATCH-84222-,200,2026-09-02T12:53:36Z,GJ03KL4321,GJ03KL4321,0.44,0.88
84222-584891447_medium.mp4,CAM-BATCH-84222-,200,2026-09-02T12:53:36Z,GJ01AB1234,GJ01AB1234,0.43,0.88
84222-584891447_medium.mp4,CAM-BATCH-84222-,200,2026-09-02T12:53:36Z,GJ18CD5678,GJ18CD5678,0.4,0.88
84222-584891447_medium.mp4,CAM-BATCH-84222-,200,2026-09-02T12:53:36Z,GJ05EF9012,GJ05EF9012,0.38,0.88
84222-584891447_medium.mp4,CAM-BATCH-84222-,200,2026-09-02T12:53:36Z,GJ27XY9999,GJ27XY9999,0.36,0.88
84222-584891447_medium.mp4,CAM-BATCH-84222-,205,2026-09-02T12:54:12Z,GJ03KL4321,GJ03KL4321,0.9,0.88
84222-584891447_medium.mp4,CAM-BATCH-84222-,205,2026-09-02T12:54:12Z,GJ01AB1234,GJ01AB1234,0.86,0.88
84222-584891447_medium.mp4,CAM-BATCH-84222-,205,2026-09-02T12:54:12Z,GJ18CD5678,GJ18CD5678,0.82,0.88
84222-584891447_medium.mp4,CAM-BATCH-84222-,205,2026-09-02T12:54:12Z,GJ05EF9012,GJ05EF9012,0.75,0.88
84222-584891447_medium.mp4,CAM-BATCH-84222-,205,2026-09-02T12:54:12Z,GJ27XY9999,GJ27XY9999,0.7,0.88
84222-584891447_medium.mp4,CAM-BATCH-84222-,205,2026-09-02T12:54:12Z,GJ03KL4321,GJ03KL4321,0.61,0.88
84222-584891447_medium.mp4,CAM-BATCH-84222-,205,2026-09-02T12:54:12Z,GJ01AB1234,GJ01AB1234,0.57,0.88
84222-584891447_medium.mp4,CAM-BATCH-84222-,205,2026-09-02T12:54:12Z,GJ18CD5678,GJ18CD5678,0.52,0.88
84222-584891447_medium.mp4,CAM-BATCH-84222-,205,2026-09-02T12:54:12Z,GJ05EF9012,GJ05EF9012,0.41,0.88
84222-584891447_medium.mp4,CAM-BATCH-84222-,205,2026-09-02T12:54:12Z,GJ27XY9999,GJ27XY9999,0.39,0.88
84222-584891447_medium.mp4,CAM-BATCH-84222-,205,2026-09-02T12:54:12Z,GJ03KL4321,GJ03KL4321,0.39,0.88
84222-584891447_medium.mp4,CAM-BATCH-84222-,205,2026-09-02T12:54:12Z,GJ01AB1234,GJ01AB1234,0.37,0.88
84222-584891447_medium.mp4,CAM-BATCH-84222-,210,2026-09-02T12:54:49Z,GJ18CD5678,GJ18CD5678,0.92,0.88
84222-584891447_medium.mp4,CAM-BATCH-84222-,210,2026-09-02T12:54:49Z,APO977650,APO9 77650,0.88,0.3
84222-584891447_medium.mp4,CAM-BATCH-84222-,210,2026-09-02T12:54:49Z,GJ05EF9012,GJ05EF9012,0.84,0.88
84222-584891447_medium.mp4,CAM-BATCH-84222-,210,2026-09-02T12:54:49Z,GJ27XY9999,GJ27XY9999,0.6,0.88
84222-584891447_medium.mp4,CAM-BATCH-84222-,210,2026-09-02T12:54:49Z,GJ03KL4321,GJ03KL4321,0.59,0.88
84222-584891447_medium.mp4,CAM-BATCH-84222-,210,2026-09-02T12:54:49Z,GJ01AB1234,GJ01AB1234,0.54,0.88
84222-584891447_medium.mp4,CAM-BATCH-84222-,210,2026-09-02T12:54:49Z,GJ18CD5678,GJ18CD5678,0.54,0.88
84222-584891447_medium.mp4,CAM-BATCH-84222-,210,2026-09-02T12:54:49Z,GJ05EF9012,GJ05EF9012,0.49,0.88
84222-584891447_medium.mp4,CAM-BATCH-84222-,210,2026-09-02T12:54:49Z,GJ27XY9999,GJ27XY9999,0.44,0.88
84222-584891447_medium.mp4,CAM-BATCH-84222-,210,2026-09-02T12:54:49Z,GJ03KL4321,GJ03KL4321,0.41,0.88
84222-584891447_medium.mp4,CAM-BATCH-84222-,210,2026-09-02T12:54:49Z,GJ01AB1234,GJ01AB1234,0.39,0.88
84222-584891447_medium.mp4,CAM-BATCH-84222-,210,2026-09-02T12:54:49Z,GJ18CD5678,GJ18CD5678,0.37,0.88
84222-584891447_medium.mp4,CAM-BATCH-84222-,210,2026-09-02T12:54:49Z,GJ05EF9012,GJ05EF9012,0.37,0.88
84222-584891447_medium.mp4,CAM-BATCH-84222-,210,2026-09-02T12:54:49Z,GJ27XY9999,GJ27XY9999,0.35,0.88
84222-584891447_medium.mp4,CAM-BATCH-84222-,215,2026-09-02T12:55:28Z,GJ03KL4321,GJ03KL4321,0.9,0.88
84222-584891447_medium.mp4,CAM-BATCH-84222-,215,2026-09-02T12:55:28Z,GJ01AB1234,GJ01AB1234,0.83,0.88
84222-584891447_medium.mp4,CAM-BATCH-84222-,215,2026-09-02T12:55:28Z,GJ18CD5678,GJ18CD5678,0.82,0.88
84222-584891447_medium.mp4,CAM-BATCH-84222-,215,2026-09-02T12:55:28Z,GJ05EF9012,GJ05EF9012,0.77,0.88
84222-584891447_medium.mp4,CAM-BATCH-84222-,215,2026-09-02T12:55:28Z,GJ27XY9999,GJ27XY9999,0.76,0.88
84222-584891447_medium.mp4,CAM-BATCH-84222-,215,2026-09-02T12:55:28Z,GJ03KL4321,GJ03KL4321,0.63,0.88
84222-584891447_medium.mp4,CAM-BATCH-84222-,215,2026-09-02T12:55:28Z,GJ01AB1234,GJ01AB1234,0.51,0.88
84222-584891447_medium.mp4,CAM-BATCH-84222-,215,2026-09-02T12:55:28Z,GJ18CD5678,GJ18CD5678,0.49,0.88
84222-584891447_medium.mp4,CAM-BATCH-84222-,215,2026-09-02T12:55:28Z,GJ05EF9012,GJ05EF9012,0.42,0.88
84222-584891447_medium.mp4,CAM-BATCH-84222-,215,2026-09-02T12:55:28Z,GJ27XY9999,GJ27XY9999,0.42,0.88
84222-584891447_medium.mp4,CAM-BATCH-84222-,215,2026-09-02T12:55:28Z,GJ03KL4321,GJ03KL4321,0.39,0.88
84222-584891447_medium.mp4,CAM-BATCH-84222-,215,2026-09-02T12:55:28Z,GJ01AB1234,GJ01AB1234,0.38,0.88
84222-584891447_medium.mp4,CAM-BATCH-84222-,220,2026-09-02T12:56:04Z,GJ18CD5678,GJ18CD5678,0.91,0.88
84222-584891447_medium.mp4,CAM-BATCH-84222-,220,2026-09-02T12:56:04Z,GJ05EF9012,GJ05EF9012,0.85,0.88
84222-584891447_medium.mp4,CAM-BATCH-84222-,220,2026-09-02T12:56:04Z,GJ27XY9999,GJ27XY9999,0.81,0.88
84222-584891447_medium.mp4,CAM-BATCH-84222-,220,2026-09-02T12:56:04Z,GJ03KL4321,GJ03KL4321,0.73,0.88
84222-584891447_medium.mp4,CAM-BATCH-84222-,220,2026-09-02T12:56:04Z,GJ01AB1234,GJ01AB1234,0.65,0.88
84222-584891447_medium.mp4,CAM-BATCH-84222-,220,2026-09-02T12:56:04Z,GJ18CD5678,GJ18CD5678,0.55,0.88
84222-584891447_medium.mp4,CAM-BATCH-84222-,220,2026-09-02T12:56:04Z,GJ05EF9012,GJ05EF9012,0.51,0.88
84222-584891447_medium.mp4,CAM-BATCH-84222-,220,2026-09-02T12:56:04Z,GJ27XY9999,GJ27XY9999,0.46,0.88
84222-584891447_medium.mp4,CAM-BATCH-84222-,220,2026-09-02T12:56:04Z,GJ03KL4321,GJ03KL4321,0.45,0.88
84222-584891447_medium.mp4,CAM-BATCH-84222-,220,2026-09-02T12:56:04Z,GJ01AB1234,GJ01AB1234,0.43,0.88
84222-584891447_medium.mp4,CAM-BATCH-84222-,220,2026-09-02T12:56:04Z,GJ18CD5678,GJ18CD5678,0.4,0.88
84222-584891447_medium.mp4,CAM-BATCH-84222-,220,2026-09-02T12:56:04Z,GJ05EF9012,GJ05EF9012,0.4,0.88
84222-584891447_medium.mp4,CAM-BATCH-84222-,220,2026-09-02T12:56:04Z,GJ27XY9999,GJ27XY9999,0.4,0.88
84222-584891447_medium.mp4,CAM-BATCH-84222-,220,2026-09-02T12:56:04Z,GJ03KL4321,GJ03KL4321,0.37,0.88
84222-584891447_medium.mp4,CAM-BATCH-84222-,220,2026-09-02T12:56:04Z,GJ01AB1234,GJ01AB1234,0.36,0.88
84222-584891447_medium.mp4,CAM-BATCH-84222-,225,2026-09-02T12:56:46Z,GJ18CD5678,GJ18CD5678,0.91,0.88
84222-584891447_medium.mp4,CAM-BATCH-84222-,225,2026-09-02T12:56:46Z,GJ05EF9012,GJ05EF9012,0.82,0.88
84222-584891447_medium.mp4,CAM-BATCH-84222-,225,2026-09-02T12:56:46Z,I6596P09,16596 P09,0.82,0.55
84222-584891447_medium.mp4,CAM-BATCH-84222-,225,2026-09-02T12:56:46Z,GJ27XY9999,GJ27XY9999,0.7,0.88
84222-584891447_medium.mp4,CAM-BATCH-84222-,225,2026-09-02T12:56:46Z,GJ03KL4321,GJ03KL4321,0.7,0.88
84222-584891447_medium.mp4,CAM-BATCH-84222-,225,2026-09-02T12:56:46Z,GJ01AB1234,GJ01AB1234,0.52,0.88
84222-584891447_medium.mp4,CAM-BATCH-84222-,225,2026-09-02T12:56:46Z,GJ18CD5678,GJ18CD5678,0.51,0.88
84222-584891447_medium.mp4,CAM-BATCH-84222-,225,2026-09-02T12:56:46Z,GJ05EF9012,GJ05EF9012,0.51,0.88
84222-584891447_medium.mp4,CAM-BATCH-84222-,225,2026-09-02T12:56:46Z,GJ27XY9999,GJ27XY9999,0.48,0.88
84222-584891447_medium.mp4,CAM-BATCH-84222-,225,2026-09-02T12:56:46Z,GJ03KL4321,GJ03KL4321,0.43,0.88
84222-584891447_medium.mp4,CAM-BATCH-84222-,225,2026-09-02T12:56:46Z,GJ01AB1234,GJ01AB1234,0.41,0.88
84222-584891447_medium.mp4,CAM-BATCH-84222-,230,2026-09-02T12:57:17Z,GJ18CD5678,GJ18CD5678,0.92,0.88
84222-584891447_medium.mp4,CAM-BATCH-84222-,230,2026-09-02T12:57:17Z,GJ05EF9012,GJ05EF9012,0.87,0.88
84222-584891447_medium.mp4,CAM-BATCH-84222-,230,2026-09-02T12:57:17Z,HDE,HDE,0.8,0.14
84222-584891447_medium.mp4,CAM-BATCH-84222-,230,2026-09-02T12:57:17Z,GJ27XY9999,GJ27XY9999,0.66,0.88
84222-584891447_medium.mp4,CAM-BATCH-84222-,230,2026-09-02T12:57:17Z,GJ03KL4321,GJ03KL4321,0.65,0.88
84222-584891447_medium.mp4,CAM-BATCH-84222-,230,2026-09-02T12:57:17Z,GJ01AB1234,GJ01AB1234,0.5,0.88
84222-584891447_medium.mp4,CAM-BATCH-84222-,230,2026-09-02T12:57:17Z,GJ18CD5678,GJ18CD5678,0.49,0.88
84222-584891447_medium.mp4,CAM-BATCH-84222-,230,2026-09-02T12:57:17Z,GJ05EF9012,GJ05EF9012,0.44,0.88
84222-584891447_medium.mp4,CAM-BATCH-84222-,230,2026-09-02T12:57:17Z,GJ27XY9999,GJ27XY9999,0.42,0.88
84222-584891447_medium.mp4,CAM-BATCH-84222-,230,2026-09-02T12:57:17Z,GJ03KL4321,GJ03KL4321,0.41,0.88
84222-584891447_medium.mp4,CAM-BATCH-84222-,230,2026-09-02T12:57:17Z,GJ01AB1234,GJ01AB1234,0.41,0.88
84222-584891447_medium.mp4,CAM-BATCH-84222-,230,2026-09-02T12:57:17Z,GJ18CD5678,GJ18CD5678,0.4,0.88
84222-584891447_medium.mp4,CAM-BATCH-84222-,230,2026-09-02T12:57:17Z,GJ05EF9012,GJ05EF9012,0.39,0.88
84222-584891447_medium.mp4,CAM-BATCH-84222-,230,2026-09-02T12:57:17Z,GJ27XY9999,GJ27XY9999,0.36,0.88
84222-584891447_medium.mp4,CAM-BATCH-84222-,230,2026-09-02T12:57:17Z,GJ03KL4321,GJ03KL4321,0.35,0.88
84222-584891447_medium.mp4,CAM-BATCH-84222-,235,2026-09-02T12:58:13Z,GJ01AB1234,GJ01AB1234,0.9,0.88
84222-584891447_medium.mp4,CAM-BATCH-84222-,235,2026-09-02T12:58:13Z,GJ18CD5678,GJ18CD5678,0.88,0.88
84222-584891447_medium.mp4,CAM-BATCH-84222-,235,2026-09-02T12:58:13Z,GJ05EF9012,GJ05EF9012,0.82,0.88
84222-584891447_medium.mp4,CAM-BATCH-84222-,235,2026-09-02T12:58:13Z,GJ27XY9999,GJ27XY9999,0.69,0.88
84222-584891447_medium.mp4,CAM-BATCH-84222-,235,2026-09-02T12:58:13Z,GJ03KL4321,GJ03KL4321,0.66,0.88
84222-584891447_medium.mp4,CAM-BATCH-84222-,235,2026-09-02T12:58:13Z,GJ01AB1234,GJ01AB1234,0.64,0.88
84222-584891447_medium.mp4,CAM-BATCH-84222-,235,2026-09-02T12:58:13Z,GJ18CD5678,GJ18CD5678,0.52,0.88
84222-584891447_medium.mp4,CAM-BATCH-84222-,235,2026-09-02T12:58:13Z,GJ05EF9012,GJ05EF9012,0.43,0.88
84222-584891447_medium.mp4,CAM-BATCH-84222-,235,2026-09-02T12:58:13Z,GJ27XY9999,GJ27XY9999,0.42,0.88
84222-584891447_medium.mp4,CAM-BATCH-84222-,235,2026-09-02T12:58:13Z,GJ03KL4321,GJ03KL4321,0.4,0.88
84222-584891447_medium.mp4,CAM-BATCH-84222-,235,2026-09-02T12:58:13Z,GJ01AB1234,GJ01AB1234,0.4,0.88
84222-584891447_medium.mp4,CAM-BATCH-84222-,235,2026-09-02T12:58:13Z,GJ18CD5678,GJ18CD5678,0.35,0.88
84222-584891447_medium.mp4,CAM-BATCH-84222-,235,2026-09-02T12:58:13Z,GJ05EF9012,GJ05EF9012,0.35,0.88
84222-584891447_medium.mp4,CAM-BATCH-84222-,240,2026-09-02T15:06:47Z,GJ27XY9999,GJ27XY9999,0.91,0.88
84222-584891447_medium.mp4,CAM-BATCH-84222-,240,2026-09-02T15:06:47Z,HHE,HHE,0.85,0.03
84222-584891447_medium.mp4,CAM-BATCH-84222-,240,2026-09-02T15:06:47Z,GJ03KL4321,GJ03KL4321,0.85,0.88
84222-584891447_medium.mp4,CAM-BATCH-84222-,240,2026-09-02T15:06:47Z,GJ01AB1234,GJ01AB1234,0.75,0.88
84222-584891447_medium.mp4,CAM-BATCH-84222-,240,2026-09-02T15:06:47Z,GJ18CD5678,GJ18CD5678,0.63,0.88
84222-584891447_medium.mp4,CAM-BATCH-84222-,240,2026-09-02T15:06:47Z,GJ05EF9012,GJ05EF9012,0.45,0.88
84222-584891447_medium.mp4,CAM-BATCH-84222-,240,2026-09-02T15:06:47Z,GJ27XY9999,GJ27XY9999,0.43,0.88
84222-584891447_medium.mp4,CAM-BATCH-84222-,240,2026-09-02T15:06:47Z,GJ03KL4321,GJ03KL4321,0.36,0.88
84222-584891447_medium.mp4,CAM-BATCH-84222-,245,2026-09-02T15:07:14Z,GJ01AB1234,GJ01AB1234,0.89,0.88
84222-584891447_medium.mp4,CAM-BATCH-84222-,245,2026-09-02T15:07:14Z,6505,6505,0.84,0.28
84222-584891447_medium.mp4,CAM-BATCH-84222-,245,2026-09-02T15:07:14Z,GJ18CD5678,GJ18CD5678,0.84,0.88
84222-584891447_medium.mp4,CAM-BATCH-84222-,245,2026-09-02T15:07:14Z,GJ05EF9012,GJ05EF9012,0.65,0.88
84222-584891447_medium.mp4,CAM-BATCH-84222-,245,2026-09-02T15:07:14Z,GJ27XY9999,GJ27XY9999,0.46,0.88
84222-584891447_medium.mp4,CAM-BATCH-84222-,245,2026-09-02T15:07:14Z,GJ03KL4321,GJ03KL4321,0.45,0.88
84222-584891447_medium.mp4,CAM-BATCH-84222-,245,2026-09-02T15:07:14Z,GJ01AB1234,GJ01AB1234,0.41,0.88
84222-584891447_medium.mp4,CAM-BATCH-84222-,245,2026-09-02T15:07:14Z,GJ18CD5678,GJ18CD5678,0.4,0.88
84222-584891447_medium.mp4,CAM-BATCH-84222-,245,2026-09-02T15:07:14Z,GJ05EF9012,GJ05EF9012,0.38,0.88
84222-584891447_medium.mp4,CAM-BATCH-84222-,245,2026-09-02T15:07:14Z,GJ27XY9999,GJ27XY9999,0.35,0.88
traffic1.mp4,CAM-BATCH-traffi,5,2026-09-02T15:07:40Z,721S,721S,0.72,0.01
traffic1.mp4,CAM-BATCH-traffi,5,2026-09-02T15:07:40Z,GJ01AB1234,GJ01AB1234,0.62,0.88
traffic1.mp4,CAM-BATCH-traffi,5,2026-09-02T15:07:40Z,GJ18CD5678,GJ18CD5678,0.48,0.88
traffic1.mp4,CAM-BATCH-traffi,5,2026-09-02T15:07:40Z,GJ05EF9012,GJ05EF9012,0.48,0.88
traffic1.mp4,CAM-BATCH-traffi,5,2026-09-02T15:07:40Z,GJ27XY9999,GJ27XY9999,0.48,0.88
traffic1.mp4,CAM-BATCH-traffi,5,2026-09-02T15:07:40Z,GJ03KL4321,GJ03KL4321,0.43,0.88
traffic1.mp4,CAM-BATCH-traffi,10,2026-09-02T15:07:53Z,GJ01AB1234,GJ01AB1234,0.73,0.88
traffic1.mp4,CAM-BATCH-traffi,10,2026-09-02T15:07:53Z,GJ18CD5678,GJ18CD5678,0.65,0.88
traffic1.mp4,CAM-BATCH-traffi,10,2026-09-02T15:07:53Z,GJ05EF9012,GJ05EF9012,0.5,0.88
traffic1.mp4,CAM-BATCH-traffi,10,2026-09-02T15:07:53Z,GJ27XY9999,GJ27XY9999,0.46,0.88
traffic1.mp4,CAM-BATCH-traffi,10,2026-09-02T15:07:53Z,GJ03KL4321,GJ03KL4321,0.43,0.88
traffic1.mp4,CAM-BATCH-traffi,10,2026-09-02T15:07:53Z,GJ01AB1234,GJ01AB1234,0.42,0.88
traffic1.mp4,CAM-BATCH-traffi,15,2026-09-02T15:08:19Z,ZIS,ZIS,0.71,0.01
traffic1.mp4,CAM-BATCH-traffi,15,2026-09-02T15:08:19Z,GJ18CD5678,GJ18CD5678,0.64,0.88
traffic1.mp4,CAM-BATCH-traffi,15,2026-09-02T15:08:19Z,GJ05EF9012,GJ05EF9012,0.5,0.88
traffic1.mp4,CAM-BATCH-traffi,15,2026-09-02T15:08:19Z,GJ27XY9999,GJ27XY9999,0.45,0.88
traffic1.mp4,CAM-BATCH-traffi,15,2026-09-02T15:08:19Z,GJ03KL4321,GJ03KL4321,0.43,0.88
traffic1.mp4,CAM-BATCH-traffi,15,2026-09-02T15:08:19Z,GJ01AB1234,GJ01AB1234,0.43,0.88
traffic1.mp4,CAM-BATCH-traffi,15,2026-09-02T15:08:19Z,GJ18CD5678,GJ18CD5678,0.42,0.88
traffic1.mp4,CAM-BATCH-traffi,20,2026-09-02T15:08:52Z,GJ05EF9012,GJ05EF9012,0.71,0.88
traffic1.mp4,CAM-BATCH-traffi,20,2026-09-02T15:08:52Z,GJ27XY9999,GJ27XY9999,0.65,0.88
traffic1.mp4,CAM-BATCH-traffi,20,2026-09-02T15:08:52Z,GJ03KL4321,GJ03KL4321,0.5,0.88
traffic1.mp4,CAM-BATCH-traffi,20,2026-09-02T15:08:52Z,GJ01AB1234,GJ01AB1234,0.45,0.88
traffic1.mp4,CAM-BATCH-traffi,20,2026-09-02T15:08:52Z,GJ18CD5678,GJ18CD5678,0.44,0.88
traffic1.mp4,CAM-BATCH-traffi,20,2026-09-02T15:08:52Z,GJ05EF9012,GJ05EF9012,0.43,0.88
traffic1.mp4,CAM-BATCH-traffi,20,2026-09-02T15:08:52Z,GJ27XY9999,GJ27XY9999,0.39,0.88
traffic1.mp4,CAM-BATCH-traffi,20,2026-09-02T15:08:52Z,GJ03KL4321,GJ03KL4321,0.39,0.88
traffic1.mp4,CAM-BATCH-traffi,25,2026-09-02T15:09:31Z,GJ01AB1234,GJ01AB1234,0.72,0.88
traffic1.mp4,CAM-BATCH-traffi,25,2026-09-02T15:09:31Z,GJ18CD5678,GJ18CD5678,0.65,0.88
traffic1.mp4,CAM-BATCH-traffi,25,2026-09-02T15:09:31Z,GJ05EF9012,GJ05EF9012,0.5,0.88
traffic1.mp4,CAM-BATCH-traffi,25,2026-09-02T15:09:31Z,GJ27XY9999,GJ27XY9999,0.47,0.88
traffic1.mp4,CAM-BATCH-traffi,25,2026-09-02T15:09:31Z,GJ03KL4321,GJ03KL4321,0.44,0.88
traffic1.mp4,CAM-BATCH-traffi,25,2026-09-02T15:09:31Z,GJ01AB1234,GJ01AB1234,0.43,0.88
traffic1.mp4,CAM-BATCH-traffi,25,2026-09-02T15:09:31Z,GJ18CD5678,GJ18CD5678,0.43,0.88
traffic1.mp4,CAM-BATCH-traffi,25,2026-09-02T15:09:31Z,GJ05EF9012,GJ05EF9012,0.41,0.88
traffic1.mp4,CAM-BATCH-traffi,30,2026-09-02T15:10:03Z,GJ27XY9999,GJ27XY9999,0.74,0.88
traffic1.mp4,CAM-BATCH-traffi,30,2026-09-02T15:10:03Z,75C,75C,0.7,0.14
traffic1.mp4,CAM-BATCH-traffi,30,2026-09-02T15:10:03Z,GJ03KL4321,GJ03KL4321,0.62,0.88
traffic1.mp4,CAM-BATCH-traffi,30,2026-09-02T15:10:03Z,GJ01AB1234,GJ01AB1234,0.51,0.88
traffic1.mp4,CAM-BATCH-traffi,30,2026-09-02T15:10:03Z,GJ18CD5678,GJ18CD5678,0.5,0.88
traffic1.mp4,CAM-BATCH-traffi,30,2026-09-02T15:10:03Z,GJ05EF9012,GJ05EF9012,0.45,0.88
traffic1.mp4,CAM-BATCH-traffi,30,2026-09-02T15:10:03Z,GJ27XY9999,GJ27XY9999,0.45,0.88
traffic1.mp4,CAM-BATCH-traffi,35,2026-09-02T15:10:31Z,GJ03KL4321,GJ03KL4321,0.77,0.88
traffic1.mp4,CAM-BATCH-traffi,35,2026-09-02T15:10:31Z,GJ01AB1234,GJ01AB1234,0.72,0.88
traffic1.mp4,CAM-BATCH-traffi,35,2026-09-02T15:10:31Z,GJ18CD5678,GJ18CD5678,0.61,0.88
traffic1.mp4,CAM-BATCH-traffi,35,2026-09-02T15:10:31Z,GJ05EF9012,GJ05EF9012,0.51,0.88
traffic1.mp4,CAM-BATCH-traffi,35,2026-09-02T15:10:31Z,GJ27XY9999,GJ27XY9999,0.5,0.88
traffic1.mp4,CAM-BATCH-traffi,35,2026-09-02T15:10:31Z,GJ03KL4321,GJ03KL4321,0.44,0.88
traffic1.mp4,CAM-BATCH-traffi,35,2026-09-02T15:10:31Z,GJ01AB1234,GJ01AB1234,0.44,0.88
traffic1.mp4,CAM-BATCH-traffi,40,2026-09-02T15:11:00Z,GJ18CD5678,GJ18CD5678,0.9,0.88
traffic1.mp4,CAM-BATCH-traffi,40,2026-09-02T15:11:00Z,GJ05EF9012,GJ05EF9012,0.73,0.88
traffic1.mp4,CAM-BATCH-traffi,40,2026-09-02T15:11:00Z,GJ27XY9999,GJ27XY9999,0.61,0.88
traffic1.mp4,CAM-BATCH-traffi,40,2026-09-02T15:11:00Z,GJ03KL4321,GJ03KL4321,0.51,0.88
traffic1.mp4,CAM-BATCH-traffi,40,2026-09-02T15:11:00Z,GJ01AB1234,GJ01AB1234,0.49,0.88
traffic1.mp4,CAM-BATCH-traffi,40,2026-09-02T15:11:00Z,GJ18CD5678,GJ18CD5678,0.44,0.88
traffic1.mp4,CAM-BATCH-traffi,40,2026-09-02T15:11:00Z,GJ05EF9012,GJ05EF9012,0.43,0.88
traffic1.mp4,CAM-BATCH-traffi,45,2026-09-02T15:11:28Z,GJ27XY9999,GJ27XY9999,0.9,0.88
traffic1.mp4,CAM-BATCH-traffi,45,2026-09-02T15:11:28Z,GJ03KL4321,GJ03KL4321,0.74,0.88
traffic1.mp4,CAM-BATCH-traffi,45,2026-09-02T15:11:28Z,GJ01AB1234,GJ01AB1234,0.61,0.88
traffic1.mp4,CAM-BATCH-traffi,45,2026-09-02T15:11:28Z,GJ18CD5678,GJ18CD5678,0.51,0.88
traffic1.mp4,CAM-BATCH-traffi,45,2026-09-02T15:11:28Z,GJ05EF9012,GJ05EF9012,0.49,0.88
traffic1.mp4,CAM-BATCH-traffi,45,2026-09-02T15:11:28Z,GJ27XY9999,GJ27XY9999,0.44,0.88
traffic1.mp4,CAM-BATCH-traffi,45,2026-09-02T15:11:28Z,GJ03KL4321,GJ03KL4321,0.43,0.88
traffic1.mp4,CAM-BATCH-traffi,50,2026-09-02T15:11:58Z,GJ01AB1234,GJ01AB1234,0.89,0.88
traffic1.mp4,CAM-BATCH-traffi,50,2026-09-02T15:11:58Z,GJ18CD5678,GJ18CD5678,0.75,0.88
traffic1.mp4,CAM-BATCH-traffi,50,2026-09-02T15:11:58Z,GJ05EF9012,GJ05EF9012,0.64,0.88
traffic1.mp4,CAM-BATCH-traffi,50,2026-09-02T15:11:58Z,GJ27XY9999,GJ27XY9999,0.52,0.88
traffic1.mp4,CAM-BATCH-traffi,50,2026-09-02T15:11:58Z,GJ03KL4321,GJ03KL4321,0.49,0.88
traffic1.mp4,CAM-BATCH-traffi,50,2026-09-02T15:11:58Z,GJ01AB1234,GJ01AB1234,0.44,0.88
traffic1.mp4,CAM-BATCH-traffi,50,2026-09-02T15:11:58Z,GJ18CD5678,GJ18CD5678,0.43,0.88
traffic1.mp4,CAM-BATCH-traffi,55,2026-09-02T15:12:27Z,GJ05EF9012,GJ05EF9012,0.86,0.88
traffic1.mp4,CAM-BATCH-traffi,55,2026-09-02T15:12:27Z,GJ27XY9999,GJ27XY9999,0.74,0.88
traffic1.mp4,CAM-BATCH-traffi,55,2026-09-02T15:12:27Z,GJ03KL4321,GJ03KL4321,0.63,0.88
traffic1.mp4,CAM-BATCH-traffi,55,2026-09-02T15:12:27Z,GJ01AB1234,GJ01AB1234,0.52,0.88
traffic1.mp4,CAM-BATCH-traffi,55,2026-09-02T15:12:27Z,GJ18CD5678,GJ18CD5678,0.49,0.88
traffic1.mp4,CAM-BATCH-traffi,55,2026-09-02T15:12:27Z,GJ05EF9012,GJ05EF9012,0.44,0.88
traffic1.mp4,CAM-BATCH-traffi,55,2026-09-02T15:12:27Z,GJ27XY9999,GJ27XY9999,0.42,0.88
traffic1.mp4,CAM-BATCH-traffi,60,2026-09-02T15:12:56Z,ERC,ERC,0.88,0.23
traffic1.mp4,CAM-BATCH-traffi,60,2026-09-02T15:12:56Z,ZLY,ZLY,0.72,0.0
traffic1.mp4,CAM-BATCH-traffi,60,2026-09-02T15:12:56Z,GJ03KL4321,GJ03KL4321,0.65,0.88
traffic1.mp4,CAM-BATCH-traffi,60,2026-09-02T15:12:56Z,GJ01AB1234,GJ01AB1234,0.51,0.88
traffic1.mp4,CAM-BATCH-traffi,60,2026-09-02T15:12:56Z,GJ18CD5678,GJ18CD5678,0.5,0.88
traffic1.mp4,CAM-BATCH-traffi,60,2026-09-02T15:12:56Z,GJ05EF9012,GJ05EF9012,0.44,0.88
traffic1.mp4,CAM-BATCH-traffi,60,2026-09-02T15:12:56Z,GJ27XY9999,GJ27XY9999,0.44,0.88
traffic1.mp4,CAM-BATCH-traffi,60,2026-09-02T15:12:56Z,GJ03KL4321,GJ03KL4321,0.35,0.88
traffic1.mp4,CAM-BATCH-traffi,65,2026-09-02T15:13:31Z,GJ01AB1234,GJ01AB1234,0.86,0.88
traffic1.mp4,CAM-BATCH-traffi,65,2026-09-02T15:13:31Z,GJ18CD5678,GJ18CD5678,0.7,0.88
traffic1.mp4,CAM-BATCH-traffi,65,2026-09-02T15:13:31Z,GJ05EF9012,GJ05EF9012,0.64,0.88
traffic1.mp4,CAM-BATCH-traffi,65,2026-09-02T15:13:31Z,GJ27XY9999,GJ27XY9999,0.51,0.88
traffic1.mp4,CAM-BATCH-traffi,65,2026-09-02T15:13:31Z,GJ03KL4321,GJ03KL4321,0.5,0.88
traffic1.mp4,CAM-BATCH-traffi,65,2026-09-02T15:13:31Z,GJ01AB1234,GJ01AB1234,0.43,0.88
traffic1.mp4,CAM-BATCH-traffi,65,2026-09-02T15:13:31Z,GJ18CD5678,GJ18CD5678,0.42,0.88
traffic1.mp4,CAM-BATCH-traffi,65,2026-09-02T15:13:31Z,GJ05EF9012,GJ05EF9012,0.38,0.88
traffic1.mp4,CAM-BATCH-traffi,70,2026-09-02T15:14:08Z,GJ27XY9999,GJ27XY9999,0.86,0.88
traffic1.mp4,CAM-BATCH-traffi,70,2026-09-02T15:14:08Z,GJ03KL4321,GJ03KL4321,0.75,0.88
traffic1.mp4,CAM-BATCH-traffi,70,2026-09-02T15:14:08Z,GJ01AB1234,GJ01AB1234,0.65,0.88
traffic1.mp4,CAM-BATCH-traffi,70,2026-09-02T15:14:08Z,GJ18CD5678,GJ18CD5678,0.52,0.88
traffic1.mp4,CAM-BATCH-traffi,70,2026-09-02T15:14:08Z,GJ05EF9012,GJ05EF9012,0.49,0.88
traffic1.mp4,CAM-BATCH-traffi,70,2026-09-02T15:14:08Z,GJ27XY9999,GJ27XY9999,0.46,0.88
traffic1.mp4,CAM-BATCH-traffi,70,2026-09-02T15:14:08Z,GJ03KL4321,GJ03KL4321,0.44,0.88
traffic1.mp4,CAM-BATCH-traffi,70,2026-09-02T15:14:08Z,GJ01AB1234,GJ01AB1234,0.38,0.88
traffic1.mp4,CAM-BATCH-traffi,75,2026-09-02T15:14:49Z,GJ18CD5678,GJ18CD5678,0.89,0.88
traffic1.mp4,CAM-BATCH-traffi,75,2026-09-02T15:14:49Z,GJ05EF9012,GJ05EF9012,0.75,0.88
traffic1.mp4,CAM-BATCH-traffi,75,2026-09-02T15:14:49Z,GJ27XY9999,GJ27XY9999,0.64,0.88
traffic1.mp4,CAM-BATCH-traffi,75,2026-09-02T15:14:49Z,GJ03KL4321,GJ03KL4321,0.51,0.88
traffic1.mp4,CAM-BATCH-traffi,75,2026-09-02T15:14:49Z,GJ01AB1234,GJ01AB1234,0.5,0.88
traffic1.mp4,CAM-BATCH-traffi,75,2026-09-02T15:14:49Z,GJ18CD5678,GJ18CD5678,0.45,0.88
traffic1.mp4,CAM-BATCH-traffi,75,2026-09-02T15:14:49Z,GJ05EF9012,GJ05EF9012,0.44,0.88
traffic1.mp4,CAM-BATCH-traffi,75,2026-09-02T15:14:49Z,GJ27XY9999,GJ27XY9999,0.36,0.88
traffic1.mp4,CAM-BATCH-traffi,75,2026-09-02T15:14:49Z,GJ03KL4321,GJ03KL4321,0.36,0.88
traffic1.mp4,CAM-BATCH-traffi,80,2026-09-02T15:15:30Z,GJ01AB1234,GJ01AB1234,0.88,0.88
traffic1.mp4,CAM-BATCH-traffi,80,2026-09-02T15:15:30Z,GJ18CD5678,GJ18CD5678,0.75,0.88
traffic1.mp4,CAM-BATCH-traffi,80,2026-09-02T15:15:30Z,GJ05EF9012,GJ05EF9012,0.65,0.88
traffic1.mp4,CAM-BATCH-traffi,80,2026-09-02T15:15:30Z,GJ27XY9999,GJ27XY9999,0.52,0.88
traffic1.mp4,CAM-BATCH-traffi,80,2026-09-02T15:15:30Z,GJ03KL4321,GJ03KL4321,0.5,0.88
traffic1.mp4,CAM-BATCH-traffi,80,2026-09-02T15:15:30Z,GJ01AB1234,GJ01AB1234,0.47,0.88
traffic1.mp4,CAM-BATCH-traffi,80,2026-09-02T15:15:30Z,GJ18CD5678,GJ18CD5678,0.43,0.88
traffic1.mp4,CAM-BATCH-traffi,85,2026-09-02T15:15:53Z,GJ05EF9012,GJ05EF9012,0.86,0.88
traffic1.mp4,CAM-BATCH-traffi,85,2026-09-02T15:15:53Z,GJ27XY9999,GJ27XY9999,0.73,0.88
traffic1.mp4,CAM-BATCH-traffi,85,2026-09-02T15:15:53Z,GJ03KL4321,GJ03KL4321,0.65,0.88
traffic1.mp4,CAM-BATCH-traffi,85,2026-09-02T15:15:53Z,GJ01AB1234,GJ01AB1234,0.53,0.88
traffic1.mp4,CAM-BATCH-traffi,85,2026-09-02T15:15:53Z,GJ18CD5678,GJ18CD5678,0.5,0.88
traffic1.mp4,CAM-BATCH-traffi,85,2026-09-02T15:15:53Z,GJ05EF9012,GJ05EF9012,0.44,0.88
traffic1.mp4,CAM-BATCH-traffi,85,2026-09-02T15:15:53Z,GJ27XY9999,GJ27XY9999,0.43,0.88
traffic1.mp4,CAM-BATCH-traffi,85,2026-09-02T15:15:53Z,GJ03KL4321,GJ03KL4321,0.36,0.88
traffic1.mp4,CAM-BATCH-traffi,90,2026-09-02T15:16:29Z,GJ01AB1234,GJ01AB1234,0.81,0.88
traffic1.mp4,CAM-BATCH-traffi,90,2026-09-02T15:16:29Z,TJL,TJL,0.72,0.01
traffic1.mp4,CAM-BATCH-traffi,90,2026-09-02T15:16:29Z,GJ18CD5678,GJ18CD5678,0.66,0.88
traffic1.mp4,CAM-BATCH-traffi,90,2026-09-02T15:16:29Z,GJ05EF9012,GJ05EF9012,0.54,0.88
traffic1.mp4,CAM-BATCH-traffi,90,2026-09-02T15:16:29Z,GJ27XY9999,GJ27XY9999,0.49,0.88
traffic1.mp4,CAM-BATCH-traffi,90,2026-09-02T15:16:29Z,GJ03KL4321,GJ03KL4321,0.43,0.88
traffic1.mp4,CAM-BATCH-traffi,90,2026-09-02T15:16:29Z,GJ01AB1234,GJ01AB1234,0.43,0.88
traffic1.mp4,CAM-BATCH-traffi,95,2026-09-02T15:16:43Z,GJ18CD5678,GJ18CD5678,0.79,0.88
traffic1.mp4,CAM-BATCH-traffi,95,2026-09-02T15:16:43Z,GJ05EF9012,GJ05EF9012,0.71,0.88
traffic1.mp4,CAM-BATCH-traffi,95,2026-09-02T15:16:43Z,GJ27XY9999,GJ27XY9999,0.64,0.88
traffic1.mp4,CAM-BATCH-traffi,95,2026-09-02T15:16:43Z,GJ03KL4321,GJ03KL4321,0.55,0.88
traffic1.mp4,CAM-BATCH-traffi,95,2026-09-02T15:16:43Z,GJ01AB1234,GJ01AB1234,0.5,0.88
traffic1.mp4,CAM-BATCH-traffi,95,2026-09-02T15:16:43Z,GJ18CD5678,GJ18CD5678,0.44,0.88
traffic1.mp4,CAM-BATCH-traffi,95,2026-09-02T15:16:43Z,GJ05EF9012,GJ05EF9012,0.42,0.88
traffic1.mp4,CAM-BATCH-traffi,100,2026-09-02T15:16:58Z,GJ27XY9999,GJ27XY9999,0.77,0.88
traffic1.mp4,CAM-BATCH-traffi,100,2026-09-02T15:16:58Z,GJ03KL4321,GJ03KL4321,0.74,0.88
traffic1.mp4,CAM-BATCH-traffi,100,2026-09-02T15:16:58Z,GJ01AB1234,GJ01AB1234,0.69,0.88
traffic1.mp4,CAM-BATCH-traffi,100,2026-09-02T15:16:58Z,GJ18CD5678,GJ18CD5678,0.54,0.88
traffic1.mp4,CAM-BATCH-traffi,100,2026-09-02T15:16:58Z,GJ05EF9012,GJ05EF9012,0.5,0.88
traffic1.mp4,CAM-BATCH-traffi,100,2026-09-02T15:16:58Z,GJ27XY9999,GJ27XY9999,0.49,0.88
traffic1.mp4,CAM-BATCH-traffi,100,2026-09-02T15:16:58Z,GJ03KL4321,GJ03KL4321,0.42,0.88
traffic1.mp4,CAM-BATCH-traffi,105,2026-09-02T15:17:13Z,GJ01AB1234,GJ01AB1234,0.86,0.88
traffic1.mp4,CAM-BATCH-traffi,105,2026-09-02T15:17:13Z,GJ18CD5678,GJ18CD5678,0.7,0.88
traffic1.mp4,CAM-BATCH-traffi,105,2026-09-02T15:17:13Z,GJ05EF9012,GJ05EF9012,0.69,0.88
traffic1.mp4,CAM-BATCH-traffi,105,2026-09-02T15:17:13Z,GJ27XY9999,GJ27XY9999,0.54,0.88
traffic1.mp4,CAM-BATCH-traffi,105,2026-09-02T15:17:13Z,GJ03KL4321,GJ03KL4321,0.5,0.88
traffic1.mp4,CAM-BATCH-traffi,105,2026-09-02T15:17:13Z,GJ01AB1234,GJ01AB1234,0.49,0.88
traffic1.mp4,CAM-BATCH-traffi,105,2026-09-02T15:17:13Z,GJ18CD5678,GJ18CD5678,0.43,0.88
traffic1.mp4,CAM-BATCH-traffi,110,2026-09-02T15:17:29Z,GJ05EF9012,GJ05EF9012,0.85,0.88
traffic1.mp4,CAM-BATCH-traffi,110,2026-09-02T15:17:29Z,GJ27XY9999,GJ27XY9999,0.71,0.88
traffic1.mp4,CAM-BATCH-traffi,110,2026-09-02T15:17:29Z,GJ03KL4321,GJ03KL4321,0.69,0.88
traffic1.mp4,CAM-BATCH-traffi,110,2026-09-02T15:17:29Z,GJ01AB1234,GJ01AB1234,0.54,0.88
traffic1.mp4,CAM-BATCH-traffi,110,2026-09-02T15:17:29Z,GJ18CD5678,GJ18CD5678,0.49,0.88
traffic1.mp4,CAM-BATCH-traffi,110,2026-09-02T15:17:29Z,GJ05EF9012,GJ05EF9012,0.48,0.88
traffic1.mp4,CAM-BATCH-traffi,110,2026-09-02T15:17:29Z,GJ27XY9999,GJ27XY9999,0.43,0.88
traffic1.mp4,CAM-BATCH-traffi,110,2026-09-02T15:17:29Z,GJ03KL4321,GJ03KL4321,0.35,0.88
traffic1.mp4,CAM-BATCH-traffi,115,2026-09-02T15:17:46Z,GJ01AB1234,GJ01AB1234,0.72,0.88
traffic1.mp4,CAM-BATCH-traffi,115,2026-09-02T15:17:46Z,ZE3,ZE3,0.7,0.0
traffic1.mp4,CAM-BATCH-traffi,115,2026-09-02T15:17:46Z,GJ18CD5678,GJ18CD5678,0.68,0.88
traffic1.mp4,CAM-BATCH-traffi,115,2026-09-02T15:17:46Z,GJ05EF9012,GJ05EF9012,0.54,0.88
traffic1.mp4,CAM-BATCH-traffi,115,2026-09-02T15:17:46Z,GJ27XY9999,GJ27XY9999,0.5,0.88
traffic1.mp4,CAM-BATCH-traffi,115,2026-09-02T15:17:46Z,GJ03KL4321,GJ03KL4321,0.47,0.88
traffic1.mp4,CAM-BATCH-traffi,115,2026-09-02T15:17:46Z,GJ01AB1234,GJ01AB1234,0.43,0.88
traffic1.mp4,CAM-BATCH-traffi,115,2026-09-02T15:17:46Z,GJ18CD5678,GJ18CD5678,0.43,0.88
traffic1.mp4,CAM-BATCH-traffi,120,2026-09-02T15:18:02Z,GJ05EF9012,GJ05EF9012,0.73,0.88
traffic1.mp4,CAM-BATCH-traffi,120,2026-09-02T15:18:02Z,VEJ,VEJ,0.69,0.08
traffic1.mp4,CAM-BATCH-traffi,120,2026-09-02T15:18:02Z,GJ27XY9999,GJ27XY9999,0.67,0.88
traffic1.mp4,CAM-BATCH-traffi,120,2026-09-02T15:18:02Z,GJ03KL4321,GJ03KL4321,0.52,0.88
traffic1.mp4,CAM-BATCH-traffi,120,2026-09-02T15:18:02Z,GJ01AB1234,GJ01AB1234,0.52,0.88
traffic1.mp4,CAM-BATCH-traffi,120,2026-09-02T15:18:02Z,GJ18CD5678,GJ18CD5678,0.44,0.88
traffic1.mp4,CAM-BATCH-traffi,120,2026-09-02T15:18:02Z,GJ05EF9012,GJ05EF9012,0.43,0.88
traffic1.mp4,CAM-BATCH-traffi,120,2026-09-02T15:18:02Z,GJ27XY9999,GJ27XY9999,0.37,0.88
traffic1.mp4,CAM-BATCH-traffi,120,2026-09-02T15:18:02Z,GJ03KL4321,GJ03KL4321,0.36,0.88
traffic1.mp4,CAM-BATCH-traffi,125,2026-09-02T15:18:21Z,GJ01AB1234,GJ01AB1234,0.72,0.88
traffic1.mp4,CAM-BATCH-traffi,125,2026-09-02T15:18:21Z,GJ18CD5678,GJ18CD5678,0.69,0.88
traffic1.mp4,CAM-BATCH-traffi,125,2026-09-02T15:18:21Z,GJ05EF9012,GJ05EF9012,0.65,0.88
traffic1.mp4,CAM-BATCH-traffi,125,2026-09-02T15:18:21Z,GJ27XY9999,GJ27XY9999,0.52,0.88
traffic1.mp4,CAM-BATCH-traffi,125,2026-09-02T15:18:21Z,GJ03KL4321,GJ03KL4321,0.51,0.88
traffic1.mp4,CAM-BATCH-traffi,125,2026-09-02T15:18:21Z,GJ01AB1234,GJ01AB1234,0.45,0.88
traffic1.mp4,CAM-BATCH-traffi,125,2026-09-02T15:18:21Z,GJ18CD5678,GJ18CD5678,0.44,0.88
traffic1.mp4,CAM-BATCH-traffi,125,2026-09-02T15:18:21Z,GJ05EF9012,GJ05EF9012,0.36,0.88
traffic1.mp4,CAM-BATCH-traffi,130,2026-09-02T15:18:39Z,GJ27XY9999,GJ27XY9999,0.73,0.88
traffic1.mp4,CAM-BATCH-traffi,130,2026-09-02T15:18:39Z,GJ03KL4321,GJ03KL4321,0.69,0.88
traffic1.mp4,CAM-BATCH-traffi,130,2026-09-02T15:18:39Z,GJ01AB1234,GJ01AB1234,0.65,0.88
traffic1.mp4,CAM-BATCH-traffi,130,2026-09-02T15:18:39Z,GJ18CD5678,GJ18CD5678,0.54,0.88
traffic1.mp4,CAM-BATCH-traffi,130,2026-09-02T15:18:39Z,GJ05EF9012,GJ05EF9012,0.51,0.88
traffic1.mp4,CAM-BATCH-traffi,130,2026-09-02T15:18:39Z,GJ27XY9999,GJ27XY9999,0.45,0.88
traffic1.mp4,CAM-BATCH-traffi,130,2026-09-02T15:18:39Z,GJ03KL4321,GJ03KL4321,0.44,0.88
traffic1.mp4,CAM-BATCH-traffi,130,2026-09-02T15:18:39Z,GJ01AB1234,GJ01AB1234,0.38,0.88
traffic1.mp4,CAM-BATCH-traffi,135,2026-09-02T15:18:56Z,GJ18CD5678,GJ18CD5678,0.89,0.88
traffic1.mp4,CAM-BATCH-traffi,135,2026-09-02T15:18:56Z,GJ05EF9012,GJ05EF9012,0.69,0.88
traffic1.mp4,CAM-BATCH-traffi,135,2026-09-02T15:18:56Z,GJ27XY9999,GJ27XY9999,0.68,0.88
traffic1.mp4,CAM-BATCH-traffi,135,2026-09-02T15:18:56Z,GJ03KL4321,GJ03KL4321,0.57,0.88
traffic1.mp4,CAM-BATCH-traffi,135,2026-09-02T15:18:56Z,GJ01AB1234,GJ01AB1234,0.53,0.88
traffic1.mp4,CAM-BATCH-traffi,135,2026-09-02T15:18:56Z,GJ18CD5678,GJ18CD5678,0.47,0.88
traffic1.mp4,CAM-BATCH-traffi,135,2026-09-02T15:18:56Z,GJ05EF9012,GJ05EF9012,0.4,0.88
traffic1.mp4,CAM-BATCH-traffi,140,2026-09-02T15:19:10Z,GJ27XY9999,GJ27XY9999,0.88,0.88
traffic1.mp4,CAM-BATCH-traffi,140,2026-09-02T15:19:10Z,GJ03KL4321,GJ03KL4321,0.69,0.88
traffic1.mp4,CAM-BATCH-traffi,140,2026-09-02T15:19:10Z,GJ01AB1234,GJ01AB1234,0.68,0.88
traffic1.mp4,CAM-BATCH-traffi,140,2026-09-02T15:19:10Z,GJ18CD5678,GJ18CD5678,0.57,0.88
traffic1.mp4,CAM-BATCH-traffi,140,2026-09-02T15:19:10Z,GJ05EF9012,GJ05EF9012,0.53,0.88
traffic1.mp4,CAM-BATCH-traffi,140,2026-09-02T15:19:10Z,GJ27XY9999,GJ27XY9999,0.48,0.88
traffic1.mp4,CAM-BATCH-traffi,140,2026-09-02T15:19:10Z,GJ03KL4321,GJ03KL4321,0.38,0.88
traffic1.mp4,CAM-BATCH-traffi,145,2026-09-02T15:19:25Z,GJ01AB1234,GJ01AB1234,0.74,0.88
traffic1.mp4,CAM-BATCH-traffi,145,2026-09-02T15:19:25Z,GJ18CD5678,GJ18CD5678,0.72,0.88
traffic1.mp4,CAM-BATCH-traffi,145,2026-09-02T15:19:25Z,GJ05EF9012,GJ05EF9012,0.65,0.88
traffic1.mp4,CAM-BATCH-traffi,145,2026-09-02T15:19:25Z,GJ27XY9999,GJ27XY9999,0.53,0.88
traffic1.mp4,CAM-BATCH-traffi,145,2026-09-02T15:19:25Z,GJ03KL4321,GJ03KL4321,0.52,0.88
traffic1.mp4,CAM-BATCH-traffi,145,2026-09-02T15:19:25Z,GJ01AB1234,GJ01AB1234,0.49,0.88
traffic1.mp4,CAM-BATCH-traffi,145,2026-09-02T15:19:25Z,GJ18CD5678,GJ18CD5678,0.44,0.88
traffic1.mp4,CAM-BATCH-traffi,145,2026-09-02T15:19:25Z,GJ05EF9012,GJ05EF9012,0.42,0.88
traffic1.mp4,CAM-BATCH-traffi,145,2026-09-02T15:19:25Z,GJ27XY9999,GJ27XY9999,0.36,0.88
traffic1.mp4,CAM-BATCH-traffi,145,2026-09-02T15:19:25Z,GJ03KL4321,GJ03KL4321,0.35,0.88
traffic1.mp4,CAM-BATCH-traffi,150,2026-09-02T15:20:06Z,GJ01AB1234,GJ01AB1234,0.74,0.88
traffic1.mp4,CAM-BATCH-traffi,150,2026-09-02T15:20:06Z,GJ18CD5678,GJ18CD5678,0.71,0.88
traffic1.mp4,CAM-BATCH-traffi,150,2026-09-02T15:20:06Z,GJ05EF9012,GJ05EF9012,0.65,0.88
traffic1.mp4,CAM-BATCH-traffi,150,2026-09-02T15:20:06Z,GJ27XY9999,GJ27XY9999,0.53,0.88
traffic1.mp4,CAM-BATCH-traffi,150,2026-09-02T15:20:06Z,GJ03KL4321,GJ03KL4321,0.52,0.88
                                                                                                                                                                                                                                                                                                                                                                                                                                                                                                                                                                                                                                                                                                                                                                                                                                                                                                                                                                                                                                                                                                                                                                                                                                                                                                                                                                                                                                                                                                                                                                                                                                                                                                                                                                                                                                                                                                                                                                                                                                                                                                                                                                                                                                                                                                                                                                                                                                                                                                                                                                                                                                                                                                                                                                                                                                                                                                                                                                                                                                                                                                                                                                                                                                                                                                                                                                                                                                                                                                                                                                                                                                                                                                                                                                                                                                                                                                                                                                                                                                                                                                                                                                                                                                                                                                                                                                                                                                                                                                                                                                                                                                                                                                                                                                                                                                                                                                                                                                                                                                                                                                                                                                                                                                                                                                                                                                                                                                                                                                                                                                                                                                                                                                                                                                                                                                                                                                                                                                                                                                                                                                                                                                                                                                                                                                                                                                                                                                                                                                                                                                                                                                                                                                                                                                                                                                                                                                                                                                                                                                                                                                                                                                                                                                                                                                                                                                                                                                                                                                                                                                                                                                                                                                                                                                                                                                                                                                                                                                                                                                                                                                                                                                                                                                                                                                                                                                                                                                                                                                                                                                                                                                                                                                                                                                                                                                                                                                                                                                                                                                                                                                                                                                                                                                                                                                                                                                                                                                                                                                                                                                                                                                                                                                                                                                                                                                                                                                                                                                                                                                                                                                                                                                                                                                                                                                                                                                                                                                                                                                                                                                                                                                                                                                                                                                                                                                                                                                                                                                                                                                                                                                                                                                                                                                                                                                                                                                                                                                                                                                                                                                                                                                                                                                                                                                                                                                                                                                                                                                                                                                                                                                                                                                                                                                                                                                                                                                                                                                                                                                                                                                                                                                                                                                                                                                                                                                                                                                                                                                                                                                                                                                                                                                                                                                                                                                                                                                                                                                                                                                                                                                                                                                                                                                                                                                                                                                                                                                                                                                                                                                                                                                                                                                                                                                                                                                                                                                                                                                                                                                                                                                                                                                                                                                                                                                                                                                                                                                                                                                                                                                                                                                                                                                                                                                                                                                                                                                                                                                                                                                                                                                                                                                                                                                                                                                                                                                                                                                                                                                                                                                                                                                                                                                                                                                                                                                                                                                                                                                                                                                                                                                                                                                                                                                                                                                                                                                                                                                                                                                               traffic1.mp4,CAM-BATCH-traffi,335,2026-09-02T15:29:26Z,GJ05EF9012,GJ05EF9012,0.57,0.88
traffic1.mp4,CAM-BATCH-traffi,335,2026-09-02T15:29:26Z,GJ27XY9999,GJ27XY9999,0.49,0.88
traffic1.mp4,CAM-BATCH-traffi,335,2026-09-02T15:29:26Z,GJ03KL4321,GJ03KL4321,0.39,0.88
traffic1.mp4,CAM-BATCH-traffi,340,2026-09-02T15:29:42Z,GJ01AB1234,GJ01AB1234,0.78,0.88
traffic1.mp4,CAM-BATCH-traffi,340,2026-09-02T15:29:42Z,GJ18CD5678,GJ18CD5678,0.63,0.88
traffic1.mp4,CAM-BATCH-traffi,340,2026-09-02T15:29:42Z,GJ05EF9012,GJ05EF9012,0.59,0.88
traffic1.mp4,CAM-BATCH-traffi,340,2026-09-02T15:29:42Z,GJ27XY9999,GJ27XY9999,0.52,0.88
traffic1.mp4,CAM-BATCH-traffi,340,2026-09-02T15:29:42Z,GJ03KL4321,GJ03KL4321,0.48,0.88
traffic1.mp4,CAM-BATCH-traffi,340,2026-09-02T15:29:42Z,GJ01AB1234,GJ01AB1234,0.48,0.88
traffic1.mp4,CAM-BATCH-traffi,340,2026-09-02T15:29:42Z,GJ18CD5678,GJ18CD5678,0.38,0.88
traffic1.mp4,CAM-BATCH-traffi,340,2026-09-02T15:29:42Z,GJ05EF9012,GJ05EF9012,0.37,0.88
traffic1.mp4,CAM-BATCH-traffi,345,2026-09-02T15:30:05Z,GJ27XY9999,GJ27XY9999,0.75,0.88
traffic1.mp4,CAM-BATCH-traffi,345,2026-09-02T15:30:05Z,GJ03KL4321,GJ03KL4321,0.63,0.88
traffic1.mp4,CAM-BATCH-traffi,345,2026-09-02T15:30:05Z,GJ01AB1234,GJ01AB1234,0.59,0.88
traffic1.mp4,CAM-BATCH-traffi,345,2026-09-02T15:30:05Z,GJ18CD5678,GJ18CD5678,0.54,0.88
traffic1.mp4,CAM-BATCH-traffi,345,2026-09-02T15:30:05Z,GJ05EF9012,GJ05EF9012,0.48,0.88
traffic1.mp4,CAM-BATCH-traffi,345,2026-09-02T15:30:05Z,GJ27XY9999,GJ27XY9999,0.48,0.88
traffic1.mp4,CAM-BATCH-traffi,345,2026-09-02T15:30:05Z,GJ03KL4321,GJ03KL4321,0.39,0.88
traffic1.mp4,CAM-BATCH-traffi,345,2026-09-02T15:30:05Z,GJ01AB1234,GJ01AB1234,0.35,0.88
traffic1.mp4,CAM-BATCH-traffi,350,2026-09-02T15:30:27Z,GJ18CD5678,GJ18CD5678,0.65,0.88
traffic1.mp4,CAM-BATCH-traffi,350,2026-09-02T15:30:27Z,GJ05EF9012,GJ05EF9012,0.6,0.88
traffic1.mp4,CAM-BATCH-traffi,350,2026-09-02T15:30:27Z,GJ27XY9999,GJ27XY9999,0.57,0.88
traffic1.mp4,CAM-BATCH-traffi,350,2026-09-02T15:30:27Z,GJ03KL4321,GJ03KL4321,0.54,0.88
traffic1.mp4,CAM-BATCH-traffi,350,2026-09-02T15:30:27Z,GJ01AB1234,GJ01AB1234,0.48,0.88
traffic1.mp4,CAM-BATCH-traffi,350,2026-09-02T15:30:27Z,GJ18CD5678,GJ18CD5678,0.46,0.88
traffic1.mp4,CAM-BATCH-traffi,350,2026-09-02T15:30:27Z,GJ05EF9012,GJ05EF9012,0.39,0.88
traffic1.mp4,CAM-BATCH-traffi,355,2026-09-02T15:30:44Z,GJ27XY9999,GJ27XY9999,0.67,0.88
traffic1.mp4,CAM-BATCH-traffi,355,2026-09-02T15:30:44Z,GJ03KL4321,GJ03KL4321,0.59,0.88
traffic1.mp4,CAM-BATCH-traffi,355,2026-09-02T15:30:44Z,GJ01AB1234,GJ01AB1234,0.57,0.88
traffic1.mp4,CAM-BATCH-traffi,355,2026-09-02T15:30:44Z,GJ18CD5678,GJ18CD5678,0.54,0.88
traffic1.mp4,CAM-BATCH-traffi,355,2026-09-02T15:30:44Z,GJ05EF9012,GJ05EF9012,0.48,0.88
traffic1.mp4,CAM-BATCH-traffi,355,2026-09-02T15:30:44Z,GJ27XY9999,GJ27XY9999,0.45,0.88
traffic1.mp4,CAM-BATCH-traffi,355,2026-09-02T15:30:44Z,GJ03KL4321,GJ03KL4321,0.36,0.88
traffic1.mp4,CAM-BATCH-traffi,355,2026-09-02T15:30:44Z,GJ01AB1234,GJ01AB1234,0.35,0.88
traffic1.mp4,CAM-BATCH-traffi,360,2026-09-02T15:31:07Z,GJ18CD5678,GJ18CD5678,0.76,0.88
traffic1.mp4,CAM-BATCH-traffi,360,2026-09-02T15:31:07Z,GJ05EF9012,GJ05EF9012,0.63,0.88
traffic1.mp4,CAM-BATCH-traffi,360,2026-09-02T15:31:07Z,GJ27XY9999,GJ27XY9999,0.61,0.88
traffic1.mp4,CAM-BATCH-traffi,360,2026-09-02T15:31:07Z,GJ03KL4321,GJ03KL4321,0.56,0.88
traffic1.mp4,CAM-BATCH-traffi,360,2026-09-02T15:31:07Z,GJ01AB1234,GJ01AB1234,0.55,0.88
traffic1.mp4,CAM-BATCH-traffi,360,2026-09-02T15:31:07Z,GJ18CD5678,GJ18CD5678,0.5,0.88
traffic1.mp4,CAM-BATCH-traffi,360,2026-09-02T15:31:07Z,GJ05EF9012,GJ05EF9012,0.36,0.88
traffic1.mp4,CAM-BATCH-traffi,365,2026-09-02T15:31:27Z,GJ27XY9999,GJ27XY9999,0.76,0.88
traffic1.mp4,CAM-BATCH-traffi,365,2026-09-02T15:31:27Z,GJ03KL4321,GJ03KL4321,0.63,0.88
traffic1.mp4,CAM-BATCH-traffi,365,2026-09-02T15:31:27Z,GJ01AB1234,GJ01AB1234,0.61,0.88
traffic1.mp4,CAM-BATCH-traffi,365,2026-09-02T15:31:27Z,GJ18CD5678,GJ18CD5678,0.56,0.88
traffic1.mp4,CAM-BATCH-traffi,365,2026-09-02T15:31:27Z,GJ05EF9012,GJ05EF9012,0.55,0.88
traffic1.mp4,CAM-BATCH-traffi,365,2026-09-02T15:31:27Z,GJ27XY9999,GJ27XY9999,0.5,0.88
traffic1.mp4,CAM-BATCH-traffi,365,2026-09-02T15:31:27Z,GJ03KL4321,GJ03KL4321,0.36,0.88
traffic1.mp4,CAM-BATCH-traffi,370,2026-09-02T15:31:54Z,GJ01AB1234,GJ01AB1234,0.77,0.88
traffic1.mp4,CAM-BATCH-traffi,370,2026-09-02T15:31:54Z,GJ18CD5678,GJ18CD5678,0.64,0.88
traffic1.mp4,CAM-BATCH-traffi,370,2026-09-02T15:31:54Z,GJ05EF9012,GJ05EF9012,0.61,0.88
traffic1.mp4,CAM-BATCH-traffi,370,2026-09-02T15:31:54Z,GJ27XY9999,GJ27XY9999,0.56,0.88
traffic1.mp4,CAM-BATCH-traffi,370,2026-09-02T15:31:54Z,GJ03KL4321,GJ03KL4321,0.55,0.88
traffic1.mp4,CAM-BATCH-traffi,370,2026-09-02T15:31:54Z,GJ01AB1234,GJ01AB1234,0.5,0.88
traffic1.mp4,CAM-BATCH-traffi,370,2026-09-02T15:31:54Z,GJ18CD5678,GJ18CD5678,0.36,0.88
traffic1.mp4,CAM-BATCH-traffi,375,2026-09-02T15:32:29Z,GJ05EF9012,GJ05EF9012,0.8,0.88
traffic1.mp4,CAM-BATCH-traffi,375,2026-09-02T15:32:29Z,GJ27XY9999,GJ27XY9999,0.65,0.88
traffic1.mp4,CAM-BATCH-traffi,375,2026-09-02T15:32:29Z,GJ03KL4321,GJ03KL4321,0.62,0.88
traffic1.mp4,CAM-BATCH-traffi,375,2026-09-02T15:32:29Z,GJ01AB1234,GJ01AB1234,0.55,0.88
traffic1.mp4,CAM-BATCH-traffi,375,2026-09-02T15:32:29Z,GJ18CD5678,GJ18CD5678,0.54,0.88
traffic1.mp4,CAM-BATCH-traffi,375,2026-09-02T15:32:29Z,GJ05EF9012,GJ05EF9012,0.51,0.88
traffic1.mp4,CAM-BATCH-traffi,375,2026-09-02T15:32:29Z,GJ27XY9999,GJ27XY9999,0.5,0.88
traffic1.mp4,CAM-BATCH-traffi,375,2026-09-02T15:32:29Z,GJ03KL4321,GJ03KL4321,0.36,0.88
traffic1.mp4,CAM-BATCH-traffi,380,2026-09-02T15:33:00Z,GJ01AB1234,GJ01AB1234,0.79,0.88
traffic1.mp4,CAM-BATCH-traffi,380,2026-09-02T15:33:00Z,GJ18CD5678,GJ18CD5678,0.73,0.88
traffic1.mp4,CAM-BATCH-traffi,380,2026-09-02T15:33:00Z,JEE,JEE,0.65,0.02
traffic1.mp4,CAM-BATCH-traffi,380,2026-09-02T15:33:00Z,GJ05EF9012,GJ05EF9012,0.61,0.88
traffic1.mp4,CAM-BATCH-traffi,380,2026-09-02T15:33:00Z,GJ27XY9999,GJ27XY9999,0.56,0.88
traffic1.mp4,CAM-BATCH-traffi,380,2026-09-02T15:33:00Z,GJ03KL4321,GJ03KL4321,0.54,0.88
traffic1.mp4,CAM-BATCH-traffi,380,2026-09-02T15:33:00Z,GJ01AB1234,GJ01AB1234,0.5,0.88
traffic1.mp4,CAM-BATCH-traffi,380,2026-09-02T15:33:00Z,GJ18CD5678,GJ18CD5678,0.37,0.88
traffic1.mp4,CAM-BATCH-traffi,385,2026-09-02T15:33:34Z,GJ05EF9012,GJ05EF9012,0.82,0.88
traffic1.mp4,CAM-BATCH-traffi,385,2026-09-02T15:33:34Z,GJ27XY9999,GJ27XY9999,0.8,0.88
traffic1.mp4,CAM-BATCH-traffi,385,2026-09-02T15:33:34Z,JEEM,JEEM,0.67,0.01
traffic1.mp4,CAM-BATCH-traffi,385,2026-09-02T15:33:34Z,GJ03KL4321,GJ03KL4321,0.62,0.88
traffic1.mp4,CAM-BATCH-traffi,385,2026-09-02T15:33:34Z,GJ01AB1234,GJ01AB1234,0.55,0.88
traffic1.mp4,CAM-BATCH-traffi,385,2026-09-02T15:33:34Z,GJ18CD5678,GJ18CD5678,0.54,0.88
traffic1.mp4,CAM-BATCH-traffi,385,2026-09-02T15:33:34Z,GJ05EF9012,GJ05EF9012,0.5,0.88
traffic1.mp4,CAM-BATCH-traffi,385,2026-09-02T15:33:34Z,GJ27XY9999,GJ27XY9999,0.37,0.88
traffic1.mp4,CAM-BATCH-traffi,385,2026-09-02T15:33:34Z,GJ03KL4321,GJ03KL4321,0.36,0.88
traffic1.mp4,CAM-BATCH-traffi,390,2026-09-02T15:34:09Z,GJ01AB1234,GJ01AB1234,0.86,0.88
traffic1.mp4,CAM-BATCH-traffi,390,2026-09-02T15:34:09Z,GJ18CD5678,GJ18CD5678,0.84,0.88
traffic1.mp4,CAM-BATCH-traffi,390,2026-09-02T15:34:09Z,DEL,DEL,0.68,0.02
traffic1.mp4,CAM-BATCH-traffi,390,2026-09-02T15:34:09Z,GJ05EF9012,GJ05EF9012,0.62,0.88
traffic1.mp4,CAM-BATCH-traffi,390,2026-09-02T15:34:09Z,GJ27XY9999,GJ27XY9999,0.55,0.88
traffic1.mp4,CAM-BATCH-traffi,390,2026-09-02T15:34:09Z,GJ03KL4321,GJ03KL4321,0.55,0.88
traffic1.mp4,CAM-BATCH-traffi,390,2026-09-02T15:34:09Z,GJ01AB1234,GJ01AB1234,0.49,0.88
traffic1.mp4,CAM-BATCH-traffi,390,2026-09-02T15:34:09Z,GJ18CD5678,GJ18CD5678,0.38,0.88
traffic1.mp4,CAM-BATCH-traffi,395,2026-09-02T15:34:44Z,GJ05EF9012,GJ05EF9012,0.84,0.88
traffic1.mp4,CAM-BATCH-traffi,395,2026-09-02T15:34:44Z,GJ27XY9999,GJ27XY9999,0.83,0.88
traffic1.mp4,CAM-BATCH-traffi,395,2026-09-02T15:34:44Z,OCE,OCE,0.68,0.01
traffic1.mp4,CAM-BATCH-traffi,395,2026-09-02T15:34:44Z,GJ03KL4321,GJ03KL4321,0.61,0.88
traffic1.mp4,CAM-BATCH-traffi,395,2026-09-02T15:34:44Z,GJ01AB1234,GJ01AB1234,0.55,0.88
traffic1.mp4,CAM-BATCH-traffi,395,2026-09-02T15:34:44Z,GJ18CD5678,GJ18CD5678,0.54,0.88
traffic1.mp4,CAM-BATCH-traffi,395,2026-09-02T15:34:44Z,GJ05EF9012,GJ05EF9012,0.49,0.88
traffic1.mp4,CAM-BATCH-traffi,395,2026-09-02T15:34:44Z,GJ27XY9999,GJ27XY9999,0.49,0.88
traffic1.mp4,CAM-BATCH-traffi,395,2026-09-02T15:34:44Z,GJ03KL4321,GJ03KL4321,0.37,0.88
traffic1.mp4,CAM-BATCH-traffi,400,2026-09-02T15:35:16Z,GJ01AB1234,GJ01AB1234,0.84,0.88
traffic1.mp4,CAM-BATCH-traffi,400,2026-09-02T15:35:16Z,GJ18CD5678,GJ18CD5678,0.83,0.88
traffic1.mp4,CAM-BATCH-traffi,400,2026-09-02T15:35:16Z,EEM,EEM,0.67,0.02
traffic1.mp4,CAM-BATCH-traffi,400,2026-09-02T15:35:16Z,GJ05EF9012,GJ05EF9012,0.61,0.88
traffic1.mp4,CAM-BATCH-traffi,400,2026-09-02T15:35:16Z,GJ27XY9999,GJ27XY9999,0.55,0.88
traffic1.mp4,CAM-BATCH-traffi,400,2026-09-02T15:35:16Z,GJ03KL4321,GJ03KL4321,0.54,0.88
traffic1.mp4,CAM-BATCH-traffi,400,2026-09-02T15:35:16Z,GJ01AB1234,GJ01AB1234,0.49,0.88
traffic1.mp4,CAM-BATCH-traffi,400,2026-09-02T15:35:16Z,GJ18CD5678,GJ18CD5678,0.37,0.88
traffic1.mp4,CAM-BATCH-traffi,405,2026-09-02T15:35:36Z,GJ05EF9012,GJ05EF9012,0.89,0.88
traffic1.mp4,CAM-BATCH-traffi,405,2026-09-02T15:35:36Z,GJ27XY9999,GJ27XY9999,0.84,0.88
traffic1.mp4,CAM-BATCH-traffi,405,2026-09-02T15:35:36Z,ZESA,ZESA,0.67,0.0
traffic1.mp4,CAM-BATCH-traffi,405,2026-09-02T15:35:36Z,GJ03KL4321,GJ03KL4321,0.61,0.88
traffic1.mp4,CAM-BATCH-traffi,405,2026-09-02T15:35:36Z,GJ01AB1234,GJ01AB1234,0.55,0.88
traffic1.mp4,CAM-BATCH-traffi,405,2026-09-02T15:35:36Z,GJ18CD5678,GJ18CD5678,0.55,0.88
traffic1.mp4,CAM-BATCH-traffi,405,2026-09-02T15:35:36Z,GJ05EF9012,GJ05EF9012,0.49,0.88
traffic1.mp4,CAM-BATCH-traffi,405,2026-09-02T15:35:36Z,GJ27XY9999,GJ27XY9999,0.37,0.88
traffic1.mp4,CAM-BATCH-traffi,410,2026-09-02T15:35:56Z,3733,3733,0.91,0.1
traffic1.mp4,CAM-BATCH-traffi,410,2026-09-02T15:35:56Z,GJ03KL4321,GJ03KL4321,0.85,0.88
traffic1.mp4,CAM-BATCH-traffi,410,2026-09-02T15:35:56Z,TEZY,TEZY,0.67,0.0
traffic1.mp4,CAM-BATCH-traffi,410,2026-09-02T15:35:56Z,GJ01AB1234,GJ01AB1234,0.61,0.88
traffic1.mp4,CAM-BATCH-traffi,410,2026-09-02T15:35:56Z,GJ18CD5678,GJ18CD5678,0.55,0.88
traffic1.mp4,CAM-BATCH-traffi,410,2026-09-02T15:35:56Z,GJ05EF9012,GJ05EF9012,0.55,0.88
traffic1.mp4,CAM-BATCH-traffi,410,2026-09-02T15:35:56Z,GJ27XY9999,GJ27XY9999,0.49,0.88
traffic1.mp4,CAM-BATCH-traffi,410,2026-09-02T15:35:56Z,GJ03KL4321,GJ03KL4321,0.36,0.88
traffic1.mp4,CAM-BATCH-traffi,415,2026-09-02T15:36:17Z,GJ01AB1234,GJ01AB1234,0.91,0.88
traffic1.mp4,CAM-BATCH-traffi,415,2026-09-02T15:36:17Z,GJ18CD5678,GJ18CD5678,0.86,0.88
traffic1.mp4,CAM-BATCH-traffi,415,2026-09-02T15:36:17Z,ZEH,ZEH,0.65,0.0
traffic1.mp4,CAM-BATCH-traffi,415,2026-09-02T15:36:17Z,GJ05EF9012,GJ05EF9012,0.61,0.88
traffic1.mp4,CAM-BATCH-traffi,415,2026-09-02T15:36:17Z,GJ27XY9999,GJ27XY9999,0.56,0.88
traffic1.mp4,CAM-BATCH-traffi,415,2026-09-02T15:36:17Z,GJ03KL4321,GJ03KL4321,0.55,0.88
traffic1.mp4,CAM-BATCH-traffi,415,2026-09-02T15:36:17Z,GJ01AB1234,GJ01AB1234,0.48,0.88
traffic1.mp4,CAM-BATCH-traffi,415,2026-09-02T15:36:17Z,GJ18CD5678,GJ18CD5678,0.37,0.88
traffic1.mp4,CAM-BATCH-traffi,420,2026-09-02T15:36:38Z,GJ05EF9012,GJ05EF9012,0.89,0.88
traffic1.mp4,CAM-BATCH-traffi,420,2026-09-02T15:36:38Z,GJ27XY9999,GJ27XY9999,0.86,0.88
traffic1.mp4,CAM-BATCH-traffi,420,2026-09-02T15:36:38Z,ZEN,ZEN,0.66,0.0
traffic1.mp4,CAM-BATCH-traffi,420,2026-09-02T15:36:38Z,GJ03KL4321,GJ03KL4321,0.61,0.88
traffic1.mp4,CAM-BATCH-traffi,420,2026-09-02T15:36:38Z,GJ01AB1234,GJ01AB1234,0.56,0.88
traffic1.mp4,CAM-BATCH-traffi,420,2026-09-02T15:36:38Z,GJ18CD5678,GJ18CD5678,0.55,0.88
traffic1.mp4,CAM-BATCH-traffi,420,2026-09-02T15:36:38Z,GJ05EF9012,GJ05EF9012,0.49,0.88
traffic1.mp4,CAM-BATCH-traffi,420,2026-09-02T15:36:38Z,GJ27XY9999,GJ27XY9999,0.37,0.88
traffic1.mp4,CAM-BATCH-traffi,425,2026-09-02T15:37:00Z,GJ03KL4321,GJ03KL4321,0.88,0.88
traffic1.mp4,CAM-BATCH-traffi,425,2026-09-02T15:37:00Z,GJ01AB1234,GJ01AB1234,0.85,0.88
traffic1.mp4,CAM-BATCH-traffi,425,2026-09-02T15:37:00Z,ZEN,ZEN,0.67,0.0
traffic1.mp4,CAM-BATCH-traffi,425,2026-09-02T15:37:00Z,GJ18CD5678,GJ18CD5678,0.61,0.88
traffic1.mp4,CAM-BATCH-traffi,425,2026-09-02T15:37:00Z,GJ05EF9012,GJ05EF9012,0.55,0.88
traffic1.mp4,CAM-BATCH-traffi,425,2026-09-02T15:37:00Z,GJ27XY9999,GJ27XY9999,0.52,0.88
traffic1.mp4,CAM-BATCH-traffi,425,2026-09-02T15:37:00Z,GJ03KL4321,GJ03KL4321,0.46,0.88
traffic1.mp4,CAM-BATCH-traffi,425,2026-09-02T15:37:00Z,GJ01AB1234,GJ01AB1234,0.39,0.88
traffic1.mp4,CAM-BATCH-traffi,430,2026-09-02T15:37:22Z,GJ18CD5678,GJ18CD5678,0.89,0.88
traffic1.mp4,CAM-BATCH-traffi,430,2026-09-02T15:37:22Z,GJ05EF9012,GJ05EF9012,0.84,0.88
traffic1.mp4,CAM-BATCH-traffi,430,2026-09-02T15:37:22Z,GJ27XY9999,GJ27XY9999,0.72,0.88
traffic1.mp4,CAM-BATCH-traffi,430,2026-09-02T15:37:22Z,GJ03KL4321,GJ03KL4321,0.61,0.88
traffic1.mp4,CAM-BATCH-traffi,430,2026-09-02T15:37:22Z,GJ01AB1234,GJ01AB1234,0.56,0.88
traffic1.mp4,CAM-BATCH-traffi,430,2026-09-02T15:37:22Z,GJ18CD5678,GJ18CD5678,0.52,0.88
traffic1.mp4,CAM-BATCH-traffi,430,2026-09-02T15:37:22Z,GJ05EF9012,GJ05EF9012,0.46,0.88
traffic1.mp4,CAM-BATCH-traffi,430,2026-09-02T15:37:22Z,GJ27XY9999,GJ27XY9999,0.39,0.88
traffic1.mp4,CAM-BATCH-traffi,435,2026-09-02T15:37:48Z,GJ03KL4321,GJ03KL4321,0.88,0.88
traffic1.mp4,CAM-BATCH-traffi,435,2026-09-02T15:37:48Z,GJ01AB1234,GJ01AB1234,0.85,0.88
traffic1.mp4,CAM-BATCH-traffi,435,2026-09-02T15:37:48Z,GJ18CD5678,GJ18CD5678,0.73,0.88
traffic1.mp4,CAM-BATCH-traffi,435,2026-09-02T15:37:48Z,GJ05EF9012,GJ05EF9012,0.61,0.88
traffic1.mp4,CAM-BATCH-traffi,435,2026-09-02T15:37:48Z,GJ27XY9999,GJ27XY9999,0.56,0.88
traffic1.mp4,CAM-BATCH-traffi,435,2026-09-02T15:37:48Z,GJ03KL4321,GJ03KL4321,0.52,0.88
traffic1.mp4,CAM-BATCH-traffi,435,2026-09-02T15:37:48Z,GJ01AB1234,GJ01AB1234,0.46,0.88
traffic1.mp4,CAM-BATCH-traffi,435,2026-09-02T15:37:48Z,GJ18CD5678,GJ18CD5678,0.38,0.88
traffic1.mp4,CAM-BATCH-traffi,440,2026-09-02T15:38:13Z,GJ05EF9012,GJ05EF9012,0.87,0.88
traffic1.mp4,CAM-BATCH-traffi,440,2026-09-02T15:38:13Z,GJ27XY9999,GJ27XY9999,0.86,0.88
traffic1.mp4,CAM-BATCH-traffi,440,2026-09-02T15:38:13Z,DEJ,DEJ,0.73,0.02
traffic1.mp4,CAM-BATCH-traffi,440,2026-09-02T15:38:13Z,GJ03KL4321,GJ03KL4321,0.62,0.88
traffic1.mp4,CAM-BATCH-traffi,440,2026-09-02T15:38:13Z,GJ01AB1234,GJ01AB1234,0.57,0.88
traffic1.mp4,CAM-BATCH-traffi,440,2026-09-02T15:38:13Z,GJ18CD5678,GJ18CD5678,0.53,0.88
traffic1.mp4,CAM-BATCH-traffi,440,2026-09-02T15:38:13Z,GJ05EF9012,GJ05EF9012,0.46,0.88
traffic1.mp4,CAM-BATCH-traffi,440,2026-09-02T15:38:13Z,GJ27XY9999,GJ27XY9999,0.37,0.88
traffic1.mp4,CAM-BATCH-traffi,445,2026-09-02T15:38:38Z,GJ03KL4321,GJ03KL4321,0.86,0.88
traffic1.mp4,CAM-BATCH-traffi,445,2026-09-02T15:38:38Z,GJ01AB1234,GJ01AB1234,0.85,0.88
traffic1.mp4,CAM-BATCH-traffi,445,2026-09-02T15:38:38Z,GJ18CD5678,GJ18CD5678,0.72,0.88
traffic1.mp4,CAM-BATCH-traffi,445,2026-09-02T15:38:38Z,GJ05EF9012,GJ05EF9012,0.6,0.88
traffic1.mp4,CAM-BATCH-traffi,445,2026-09-02T15:38:38Z,GJ27XY9999,GJ27XY9999,0.55,0.88
traffic1.mp4,CAM-BATCH-traffi,445,2026-09-02T15:38:38Z,GJ03KL4321,GJ03KL4321,0.49,0.88
traffic1.mp4,CAM-BATCH-traffi,445,2026-09-02T15:38:38Z,GJ01AB1234,GJ01AB1234,0.45,0.88
traffic1.mp4,CAM-BATCH-traffi,450,2026-09-02T15:38:59Z,EOD,EOD,0.86,0.0
traffic1.mp4,CAM-BATCH-traffi,450,2026-09-02T15:38:59Z,GJ18CD5678,GJ18CD5678,0.85,0.88
traffic1.mp4,CAM-BATCH-traffi,450,2026-09-02T15:38:59Z,GJ05EF9012,GJ05EF9012,0.71,0.88
traffic1.mp4,CAM-BATCH-traffi,450,2026-09-02T15:38:59Z,GJ27XY9999,GJ27XY9999,0.61,0.88
traffic1.mp4,CAM-BATCH-traffi,450,2026-09-02T15:38:59Z,GJ03KL4321,GJ03KL4321,0.54,0.88
traffic1.mp4,CAM-BATCH-traffi,450,2026-09-02T15:38:59Z,GJ01AB1234,GJ01AB1234,0.51,0.88
traffic1.mp4,CAM-BATCH-traffi,450,2026-09-02T15:38:59Z,GJ18CD5678,GJ18CD5678,0.46,0.88
traffic1.mp4,CAM-BATCH-traffi,455,2026-09-02T15:39:20Z,GJ05EF9012,GJ05EF9012,0.88,0.88
traffic1.mp4,CAM-BATCH-traffi,455,2026-09-02T15:39:20Z,EOD,EOD,0.87,0.0
traffic1.mp4,CAM-BATCH-traffi,455,2026-09-02T15:39:20Z,GJ27XY9999,GJ27XY9999,0.7,0.88
traffic1.mp4,CAM-BATCH-traffi,455,2026-09-02T15:39:20Z,GJ03KL4321,GJ03KL4321,0.59,0.88
traffic1.mp4,CAM-BATCH-traffi,455,2026-09-02T15:39:20Z,GJ01AB1234,GJ01AB1234,0.54,0.88
traffic1.mp4,CAM-BATCH-traffi,455,2026-09-02T15:39:20Z,GJ18CD5678,GJ18CD5678,0.5,0.88
traffic1.mp4,CAM-BATCH-traffi,455,2026-09-02T15:39:20Z,GJ05EF9012,GJ05EF9012,0.46,0.88
traffic1.mp4,CAM-BATCH-traffi,460,2026-09-02T15:39:41Z,GJ27XY9999,GJ27XY9999,0.85,0.88
traffic1.mp4,CAM-BATCH-traffi,460,2026-09-02T15:39:41Z,GJ03KL4321,GJ03KL4321,0.84,0.88
traffic1.mp4,CAM-BATCH-traffi,460,2026-09-02T15:39:41Z,GJ01AB1234,GJ01AB1234,0.73,0.88
traffic1.mp4,CAM-BATCH-traffi,460,2026-09-02T15:39:41Z,GJ18CD5678,GJ18CD5678,0.6,0.88
traffic1.mp4,CAM-BATCH-traffi,460,2026-09-02T15:39:41Z,GJ05EF9012,GJ05EF9012,0.54,0.88
traffic1.mp4,CAM-BATCH-traffi,460,2026-09-02T15:39:41Z,GJ27XY9999,GJ27XY9999,0.5,0.88
traffic1.mp4,CAM-BATCH-traffi,460,2026-09-02T15:39:41Z,GJ03KL4321,GJ03KL4321,0.46,0.88
traffic1.mp4,CAM-BATCH-traffi,465,2026-09-02T15:40:03Z,GJ01AB1234,GJ01AB1234,0.84,0.88
traffic1.mp4,CAM-BATCH-traffi,465,2026-09-02T15:40:03Z,GJ18CD5678,GJ18CD5678,0.83,0.88
traffic1.mp4,CAM-BATCH-traffi,465,2026-09-02T15:40:03Z,GJ05EF9012,GJ05EF9012,0.74,0.88
traffic1.mp4,CAM-BATCH-traffi,465,2026-09-02T15:40:03Z,GJ27XY9999,GJ27XY9999,0.62,0.88
traffic1.mp4,CAM-BATCH-traffi,465,2026-09-02T15:40:03Z,GJ03KL4321,GJ03KL4321,0.53,0.88
traffic1.mp4,CAM-BATCH-traffi,465,2026-09-02T15:40:03Z,GJ01AB1234,GJ01AB1234,0.5,0.88
traffic1.mp4,CAM-BATCH-traffi,465,2026-09-02T15:40:03Z,GJ18CD5678,GJ18CD5678,0.46,0.88
traffic1.mp4,CAM-BATCH-traffi,470,2026-09-02T15:40:26Z,GJ05EF9012,GJ05EF9012,0.84,0.88
traffic1.mp4,CAM-BATCH-traffi,470,2026-09-02T15:40:26Z,GJ27XY9999,GJ27XY9999,0.83,0.88
traffic1.mp4,CAM-BATCH-traffi,470,2026-09-02T15:40:26Z,GJ03KL4321,GJ03KL4321,0.74,0.88
traffic1.mp4,CAM-BATCH-traffi,470,2026-09-02T15:40:26Z,GJ01AB1234,GJ01AB1234,0.62,0.88
traffic1.mp4,CAM-BATCH-traffi,470,2026-09-02T15:40:26Z,GJ18CD5678,GJ18CD5678,0.52,0.88
traffic1.mp4,CAM-BATCH-traffi,470,2026-09-02T15:40:26Z,GJ05EF9012,GJ05EF9012,0.49,0.88
traffic1.mp4,CAM-BATCH-traffi,470,2026-09-02T15:40:26Z,GJ27XY9999,GJ27XY9999,0.46,0.88
traffic1.mp4,CAM-BATCH-traffi,475,2026-09-02T15:40:49Z,GJ03KL4321,GJ03KL4321,0.88,0.88
traffic1.mp4,CAM-BATCH-traffi,475,2026-09-02T15:40:49Z,GJ01AB1234,GJ01AB1234,0.86,0.88
traffic1.mp4,CAM-BATCH-traffi,475,2026-09-02T15:40:49Z,GJ18CD5678,GJ18CD5678,0.73,0.88
traffic1.mp4,CAM-BATCH-traffi,475,2026-09-02T15:40:49Z,GJ05EF9012,GJ05EF9012,0.61,0.88
traffic1.mp4,CAM-BATCH-traffi,475,2026-09-02T15:40:49Z,GJ27XY9999,GJ27XY9999,0.52,0.88
traffic1.mp4,CAM-BATCH-traffi,475,2026-09-02T15:40:49Z,GJ03KL4321,GJ03KL4321,0.49,0.88
traffic1.mp4,CAM-BATCH-traffi,475,2026-09-02T15:40:49Z,GJ01AB1234,GJ01AB1234,0.46,0.88
traffic1.mp4,CAM-BATCH-traffi,480,2026-09-02T15:41:13Z,GJ18CD5678,GJ18CD5678,0.86,0.88
traffic1.mp4,CAM-BATCH-traffi,480,2026-09-02T15:41:13Z,GJ05EF9012,GJ05EF9012,0.85,0.88
traffic1.mp4,CAM-BATCH-traffi,480,2026-09-02T15:41:13Z,IJL,IJL,0.72,0.03
traffic1.mp4,CAM-BATCH-traffi,480,2026-09-02T15:41:13Z,GJ27XY9999,GJ27XY9999,0.61,0.88
traffic1.mp4,CAM-BATCH-traffi,480,2026-09-02T15:41:13Z,GJ03KL4321,GJ03KL4321,0.52,0.88
traffic1.mp4,CAM-BATCH-traffi,480,2026-09-02T15:41:13Z,GJ01AB1234,GJ01AB1234,0.49,0.88
traffic1.mp4,CAM-BATCH-traffi,480,2026-09-02T15:41:13Z,GJ18CD5678,GJ18CD5678,0.46,0.88
traffic1.mp4,CAM-BATCH-traffi,485,2026-09-02T15:41:37Z,VHIC,VHIC,0.87,0.03
traffic1.mp4,CAM-BATCH-traffi,485,2026-09-02T15:41:37Z,GJ05EF9012,GJ05EF9012,0.86,0.88
traffic1.mp4,CAM-BATCH-traffi,485,2026-09-02T15:41:37Z,VEJ,VEJ,0.7,0.03
traffic1.mp4,CAM-BATCH-traffi,485,2026-09-02T15:41:37Z,GJ27XY9999,GJ27XY9999,0.66,0.88
traffic1.mp4,CAM-BATCH-traffi,485,2026-09-02T15:41:37Z,GJ03KL4321,GJ03KL4321,0.66,0.88
traffic1.mp4,CAM-BATCH-traffi,485,2026-09-02T15:41:37Z,GJ01AB1234,GJ01AB1234,0.5,0.88
traffic1.mp4,CAM-BATCH-traffi,485,2026-09-02T15:41:37Z,GJ18CD5678,GJ18CD5678,0.48,0.88
traffic1.mp4,CAM-BATCH-traffi,485,2026-09-02T15:41:37Z,GJ05EF9012,GJ05EF9012,0.48,0.88
traffic1.mp4,CAM-BATCH-traffi,490,2026-09-02T15:41:59Z,GJ27XY9999,GJ27XY9999,0.86,0.88
traffic1.mp4,CAM-BATCH-traffi,490,2026-09-02T15:41:59Z,GJ03KL4321,GJ03KL4321,0.85,0.88
traffic1.mp4,CAM-BATCH-traffi,490,2026-09-02T15:41:59Z,GJ01AB1234,GJ01AB1234,0.7,0.88
traffic1.mp4,CAM-BATCH-traffi,490,2026-09-02T15:41:59Z,GJ18CD5678,GJ18CD5678,0.67,0.88
traffic1.mp4,CAM-BATCH-traffi,490,2026-09-02T15:41:59Z,GJ05EF9012,GJ05EF9012,0.66,0.88
traffic1.mp4,CAM-BATCH-traffi,490,2026-09-02T15:41:59Z,GJ27XY9999,GJ27XY9999,0.5,0.88
traffic1.mp4,CAM-BATCH-traffi,490,2026-09-02T15:41:59Z,GJ03KL4321,GJ03KL4321,0.48,0.88
traffic1.mp4,CAM-BATCH-traffi,490,2026-09-02T15:41:59Z,GJ01AB1234,GJ01AB1234,0.47,0.88
traffic1.mp4,CAM-BATCH-traffi,495,2026-09-02T15:42:26Z,JID,JID,0.9,0.46
traffic1.mp4,CAM-BATCH-traffi,495,2026-09-02T15:42:26Z,GJ18CD5678,GJ18CD5678,0.88,0.88
traffic1.mp4,CAM-BATCH-traffi,495,2026-09-02T15:42:26Z,DJLS,DJLS,0.68,0.01
traffic1.mp4,CAM-BATCH-traffi,495,2026-09-02T15:42:26Z,GJ05EF9012,GJ05EF9012,0.64,0.88
traffic1.mp4,CAM-BATCH-traffi,495,2026-09-02T15:42:26Z,GJ27XY9999,GJ27XY9999,0.5,0.88
traffic1.mp4,CAM-BATCH-traffi,495,2026-09-02T15:42:26Z,GJ03KL4321,GJ03KL4321,0.49,0.88
traffic1.mp4,CAM-BATCH-traffi,495,2026-09-02T15:42:26Z,GJ01AB1234,GJ01AB1234,0.46,0.88
traffic1.mp4,CAM-BATCH-traffi,500,2026-09-02T15:42:59Z,IQD,IQD,0.9,0.09
traffic1.mp4,CAM-BATCH-traffi,500,2026-09-02T15:42:59Z,GJ18CD5678,GJ18CD5678,0.88,0.88
traffic1.mp4,CAM-BATCH-traffi,500,2026-09-02T15:42:59Z,GJ05EF9012,GJ05EF9012,0.67,0.88
traffic1.mp4,CAM-BATCH-traffi,500,2026-09-02T15:42:59Z,GJ27XY9999,GJ27XY9999,0.65,0.88
traffic1.mp4,CAM-BATCH-traffi,500,2026-09-02T15:42:59Z,GJ03KL4321,GJ03KL4321,0.49,0.88
traffic1.mp4,CAM-BATCH-traffi,500,2026-09-02T15:42:59Z,GJ01AB1234,GJ01AB1234,0.47,0.88
traffic1.mp4,CAM-BATCH-traffi,500,2026-09-02T15:42:59Z,GJ18CD5678,GJ18CD5678,0.46,0.88
traffic1.mp4,CAM-BATCH-traffi,505,2026-09-02T15:43:32Z,GJ05EF9012,GJ05EF9012,0.88,0.88
traffic1.mp4,CAM-BATCH-traffi,505,2026-09-02T15:43:32Z,GJ27XY9999,GJ27XY9999,0.88,0.88
traffic1.mp4,CAM-BATCH-traffi,505,2026-09-02T15:43:32Z,DEL,DEL,0.68,0.01
traffic1.mp4,CAM-BATCH-traffi,505,2026-09-02T15:43:32Z,GJ03KL4321,GJ03KL4321,0.62,0.88
traffic1.mp4,CAM-BATCH-traffi,505,2026-09-02T15:43:32Z,GJ01AB1234,GJ01AB1234,0.5,0.88
traffic1.mp4,CAM-BATCH-traffi,505,2026-09-02T15:43:32Z,GJ18CD5678,GJ18CD5678,0.47,0.88
traffic1.mp4,CAM-BATCH-traffi,505,2026-09-02T15:43:32Z,GJ05EF9012,GJ05EF9012,0.47,0.88
traffic1.mp4,CAM-BATCH-traffi,510,2026-09-02T15:44:07Z,CVS,CVS,0.87,0.01
traffic1.mp4,CAM-BATCH-traffi,510,2026-09-02T15:44:07Z,GJ27XY9999,GJ27XY9999,0.86,0.88
traffic1.mp4,CAM-BATCH-traffi,510,2026-09-02T15:44:07Z,GJ03KL4321,GJ03KL4321,0.66,0.88
traffic1.mp4,CAM-BATCH-traffi,510,2026-09-02T15:44:07Z,GJ01AB1234,GJ01AB1234,0.64,0.88
traffic1.mp4,CAM-BATCH-traffi,510,2026-09-02T15:44:07Z,GJ18CD5678,GJ18CD5678,0.49,0.88
traffic1.mp4,CAM-BATCH-traffi,510,2026-09-02T15:44:07Z,GJ05EF9012,GJ05EF9012,0.47,0.88
traffic1.mp4,CAM-BATCH-traffi,510,2026-09-02T15:44:07Z,GJ27XY9999,GJ27XY9999,0.47,0.88
traffic1.mp4,CAM-BATCH-traffi,515,2026-09-02T15:44:38Z,CVS,CVS,0.87,0.01
traffic1.mp4,CAM-BATCH-traffi,515,2026-09-02T15:44:38Z,GJ03KL4321,GJ03KL4321,0.86,0.88
traffic1.mp4,CAM-BATCH-traffi,515,2026-09-02T15:44:38Z,ZEJ,ZEJ,0.65,0.01
traffic1.mp4,CAM-BATCH-traffi,515,2026-09-02T15:44:38Z,GJ01AB1234,GJ01AB1234,0.64,0.88
traffic1.mp4,CAM-BATCH-traffi,515,2026-09-02T15:44:38Z,GJ18CD5678,GJ18CD5678,0.49,0.88
traffic1.mp4,CAM-BATCH-traffi,515,2026-09-02T15:44:38Z,GJ05EF9012,GJ05EF9012,0.47,0.88
traffic1.mp4,CAM-BATCH-traffi,515,2026-09-02T15:44:38Z,GJ27XY9999,GJ27XY9999,0.47,0.88
traffic1.mp4,CAM-BATCH-traffi,520,2026-09-02T15:45:10Z,MWE,MWE,0.93,0.14
traffic1.mp4,CAM-BATCH-traffi,520,2026-09-02T15:45:10Z,GJ03KL4321,GJ03KL4321,0.87,0.88
traffic1.mp4,CAM-BATCH-traffi,520,2026-09-02T15:45:10Z,DELS,DELS,0.65,0.0
traffic1.mp4,CAM-BATCH-traffi,520,2026-09-02T15:45:10Z,GJ01AB1234,GJ01AB1234,0.63,0.88
traffic1.mp4,CAM-BATCH-traffi,520,2026-09-02T15:45:10Z,GJ18CD5678,GJ18CD5678,0.5,0.88
traffic1.mp4,CAM-BATCH-traffi,520,2026-09-02T15:45:10Z,GJ05EF9012,GJ05EF9012,0.48,0.88
traffic1.mp4,CAM-BATCH-traffi,520,2026-09-02T15:45:10Z,GJ27XY9999,GJ27XY9999,0.47,0.88
traffic1.mp4,CAM-BATCH-traffi,525,2026-09-02T15:45:43Z,NVE,NVE,0.93,0.04
traffic1.mp4,CAM-BATCH-traffi,525,2026-09-02T15:45:43Z,GJ03KL4321,GJ03KL4321,0.88,0.88
traffic1.mp4,CAM-BATCH-traffi,525,2026-09-02T15:45:43Z,DEL,DEL,0.65,0.02
traffic1.mp4,CAM-BATCH-traffi,525,2026-09-02T15:45:43Z,GJ01AB1234,GJ01AB1234,0.63,0.88
traffic1.mp4,CAM-BATCH-traffi,525,2026-09-02T15:45:43Z,GJ18CD5678,GJ18CD5678,0.5,0.88
traffic1.mp4,CAM-BATCH-traffi,525,2026-09-02T15:45:43Z,GJ05EF9012,GJ05EF9012,0.49,0.88
traffic1.mp4,CAM-BATCH-traffi,525,2026-09-02T15:45:43Z,GJ27XY9999,GJ27XY9999,0.46,0.88
traffic1.mp4,CAM-BATCH-traffi,530,2026-09-02T15:46:16Z,042,042,0.91,0.05
traffic1.mp4,CAM-BATCH-traffi,530,2026-09-02T15:46:16Z,GJ03KL4321,GJ03KL4321,0.87,0.88
traffic1.mp4,CAM-BATCH-traffi,530,2026-09-02T15:46:16Z,GJ01AB1234,GJ01AB1234,0.63,0.88
traffic1.mp4,CAM-BATCH-traffi,530,2026-09-02T15:46:16Z,DJLL,DJLL,0.63,0.01
traffic1.mp4,CAM-BATCH-traffi,530,2026-09-02T15:46:16Z,GJ18CD5678,GJ18CD5678,0.51,0.88
traffic1.mp4,CAM-BATCH-traffi,530,2026-09-02T15:46:16Z,GJ05EF9012,GJ05EF9012,0.49,0.88
traffic1.mp4,CAM-BATCH-traffi,530,2026-09-02T15:46:16Z,GJ27XY9999,GJ27XY9999,0.47,0.88
traffic1.mp4,CAM-BATCH-traffi,535,2026-09-02T15:46:49Z,RV4IS,RV4IS,0.89,0.1
traffic1.mp4,CAM-BATCH-traffi,535,2026-09-02T15:46:49Z,GJ03KL4321,GJ03KL4321,0.86,0.88
traffic1.mp4,CAM-BATCH-traffi,535,2026-09-02T15:46:49Z,JZT,JZT,0.66,0.04
traffic1.mp4,CAM-BATCH-traffi,535,2026-09-02T15:46:49Z,GJ01AB1234,GJ01AB1234,0.63,0.88
traffic1.mp4,CAM-BATCH-traffi,535,2026-09-02T15:46:49Z,GJ18CD5678,GJ18CD5678,0.52,0.88
traffic1.mp4,CAM-BATCH-traffi,535,2026-09-02T15:46:49Z,GJ05EF9012,GJ05EF9012,0.49,0.88
traffic1.mp4,CAM-BATCH-traffi,535,2026-09-02T15:46:49Z,GJ27XY9999,GJ27XY9999,0.47,0.88
traffic1.mp4,CAM-BATCH-traffi,540,2026-09-02T15:47:22Z,RV4IS,RV4IS,0.89,0.1
traffic1.mp4,CAM-BATCH-traffi,540,2026-09-02T15:47:22Z,GJ03KL4321,GJ03KL4321,0.86,0.88
traffic1.mp4,CAM-BATCH-traffi,540,2026-09-02T15:47:22Z,JZT,JZT,0.66,0.04
traffic1.mp4,CAM-BATCH-traffi,540,2026-09-02T15:47:22Z,GJ01AB1234,GJ01AB1234,0.63,0.88
traffic1.mp4,CAM-BATCH-traffi,540,2026-09-02T15:47:22Z,GJ18CD5678,GJ18CD5678,0.52,0.88
traffic1.mp4,CAM-BATCH-traffi,540,2026-09-02T15:47:22Z,GJ05EF9012,GJ05EF9012,0.49,0.88
traffic1.mp4,CAM-BATCH-traffi,540,2026-09-02T15:47:22Z,GJ27XY9999,GJ27XY9999,0.47,0.88
traffic1.mp4,CAM-BATCH-traffi,545,2026-09-02T15:47:54Z,QW4E4,QW4E4,0.86,0.03
traffic1.mp4,CAM-BATCH-traffi,545,2026-09-02T15:47:54Z,GJ03KL4321,GJ03KL4321,0.85,0.88
traffic1.mp4,CAM-BATCH-traffi,545,2026-09-02T15:47:54Z,GJEL,GJEL,0.67,0.03
traffic1.mp4,CAM-BATCH-traffi,545,2026-09-02T15:47:54Z,GJ01AB1234,GJ01AB1234,0.62,0.88
traffic1.mp4,CAM-BATCH-traffi,545,2026-09-02T15:47:54Z,GJ18CD5678,GJ18CD5678,0.5,0.88
traffic1.mp4,CAM-BATCH-traffi,545,2026-09-02T15:47:54Z,GJ05EF9012,GJ05EF9012,0.49,0.88
traffic1.mp4,CAM-BATCH-traffi,545,2026-09-02T15:47:54Z,GJ27XY9999,GJ27XY9999,0.47,0.88
traffic1.mp4,CAM-BATCH-traffi,550,2026-09-02T15:48:27Z,QW4E4,QW4E4,0.87,0.03
traffic1.mp4,CAM-BATCH-traffi,550,2026-09-02T15:48:27Z,GJ03KL4321,GJ03KL4321,0.85,0.88
traffic1.mp4,CAM-BATCH-traffi,550,2026-09-02T15:48:27Z,GELN,GELN,0.67,0.01
traffic1.mp4,CAM-BATCH-traffi,550,2026-09-02T15:48:27Z,GJ01AB1234,GJ01AB1234,0.62,0.88
traffic1.mp4,CAM-BATCH-traffi,550,2026-09-02T15:48:27Z,GJ18CD5678,GJ18CD5678,0.5,0.88
traffic1.mp4,CAM-BATCH-traffi,550,2026-09-02T15:48:27Z,GJ05EF9012,GJ05EF9012,0.49,0.88
traffic1.mp4,CAM-BATCH-traffi,550,2026-09-02T15:48:27Z,GJ27XY9999,GJ27XY9999,0.47,0.88
traffic1.mp4,CAM-BATCH-traffi,555,2026-09-02T15:49:00Z,044I9,044I9,0.9,0.64
traffic1.mp4,CAM-BATCH-traffi,555,2026-09-02T15:49:00Z,GJ03KL4321,GJ03KL4321,0.86,0.88
traffic1.mp4,CAM-BATCH-traffi,555,2026-09-02T15:49:00Z,GJ01AB1234,GJ01AB1234,0.68,0.88
traffic1.mp4,CAM-BATCH-traffi,555,2026-09-02T15:49:00Z,GJ18CD5678,GJ18CD5678,0.62,0.88
traffic1.mp4,CAM-BATCH-traffi,555,2026-09-02T15:49:00Z,GJ05EF9012,GJ05EF9012,0.51,0.88
traffic1.mp4,CAM-BATCH-traffi,555,2026-09-02T15:49:00Z,GJ27XY9999,GJ27XY9999,0.5,0.88
traffic1.mp4,CAM-BATCH-traffi,555,2026-09-02T15:49:00Z,GJ03KL4321,GJ03KL4321,0.47,0.88
traffic1.mp4,CAM-BATCH-traffi,560,2026-09-02T15:49:32Z,KW4HCO,KW4HCO,0.91,0.06
traffic1.mp4,CAM-BATCH-traffi,560,2026-09-02T15:49:32Z,GJ01AB1234,GJ01AB1234,0.85,0.88
traffic1.mp4,CAM-BATCH-traffi,560,2026-09-02T15:49:32Z,ZJE,ZJE,0.71,0.0
traffic1.mp4,CAM-BATCH-traffi,560,2026-09-02T15:49:32Z,GJ18CD5678,GJ18CD5678,0.63,0.88
traffic1.mp4,CAM-BATCH-traffi,560,2026-09-02T15:49:32Z,GJ05EF9012,GJ05EF9012,0.51,0.88
traffic1.mp4,CAM-BATCH-traffi,560,2026-09-02T15:49:32Z,GJ27XY9999,GJ27XY9999,0.49,0.88
traffic1.mp4,CAM-BATCH-traffi,560,2026-09-02T15:49:32Z,GJ03KL4321,GJ03KL4321,0.46,0.88
traffic1.mp4,CAM-BATCH-traffi,565,2026-09-02T15:50:06Z,KW4HCO,KW4HCO,0.91,0.07
traffic1.mp4,CAM-BATCH-traffi,565,2026-09-02T15:50:06Z,GJ01AB1234,GJ01AB1234,0.85,0.88
traffic1.mp4,CAM-BATCH-traffi,565,2026-09-02T15:50:06Z,ZJE,ZJE,0.71,0.0
traffic1.mp4,CAM-BATCH-traffi,565,2026-09-02T15:50:06Z,GJ18CD5678,GJ18CD5678,0.63,0.88
traffic1.mp4,CAM-BATCH-traffi,565,2026-09-02T15:50:06Z,GJ05EF9012,GJ05EF9012,0.51,0.88
traffic1.mp4,CAM-BATCH-traffi,565,2026-09-02T15:50:06Z,GJ27XY9999,GJ27XY9999,0.49,0.88
traffic1.mp4,CAM-BATCH-traffi,565,2026-09-02T15:50:06Z,GJ03KL4321,GJ03KL4321,0.46,0.88
traffic1.mp4,CAM-BATCH-traffi,570,2026-09-02T15:50:40Z,GJ01AB1234,GJ01AB1234,0.92,0.88
traffic1.mp4,CAM-BATCH-traffi,570,2026-09-02T15:50:40Z,GJ18CD5678,GJ18CD5678,0.86,0.88
traffic1.mp4,CAM-BATCH-traffi,570,2026-09-02T15:50:40Z,GLJ,GLJ,0.7,0.01
traffic1.mp4,CAM-BATCH-traffi,570,2026-09-02T15:50:40Z,GJ05EF9012,GJ05EF9012,0.64,0.88
traffic1.mp4,CAM-BATCH-traffi,570,2026-09-02T15:50:40Z,GJ27XY9999,GJ27XY9999,0.51,0.88
traffic1.mp4,CAM-BATCH-traffi,570,2026-09-02T15:50:40Z,GJ03KL4321,GJ03KL4321,0.5,0.88
traffic1.mp4,CAM-BATCH-traffi,570,2026-09-02T15:50:40Z,GJ01AB1234,GJ01AB1234,0.46,0.88
traffic1.mp4,CAM-BATCH-traffi,575,2026-09-02T15:51:12Z,VN9MF,VN9MF,0.92,0.01
traffic1.mp4,CAM-BATCH-traffi,575,2026-09-02T15:51:12Z,GJ18CD5678,GJ18CD5678,0.87,0.88
traffic1.mp4,CAM-BATCH-traffi,575,2026-09-02T15:51:12Z,GJ05EF9012,GJ05EF9012,0.69,0.88
traffic1.mp4,CAM-BATCH-traffi,575,2026-09-02T15:51:12Z,GJ27XY9999,GJ27XY9999,0.63,0.88
traffic1.mp4,CAM-BATCH-traffi,575,2026-09-02T15:51:12Z,GJ03KL4321,GJ03KL4321,0.5,0.88
traffic1.mp4,CAM-BATCH-traffi,575,2026-09-02T15:51:12Z,GJ01AB1234,GJ01AB1234,0.5,0.88
traffic1.mp4,CAM-BATCH-traffi,575,2026-09-02T15:51:12Z,GJ18CD5678,GJ18CD5678,0.46,0.88
traffic1.mp4,CAM-BATCH-traffi,580,2026-09-02T15:51:43Z,34602HH9C9I,34602HH9C9I,0.93,0.04
traffic1.mp4,CAM-BATCH-traffi,580,2026-09-02T15:51:43Z,GJ05EF9012,GJ05EF9012,0.86,0.88
traffic1.mp4,CAM-BATCH-traffi,580,2026-09-02T15:51:43Z,EJELI,EJELI,0.69,0.05
traffic1.mp4,CAM-BATCH-traffi,580,2026-09-02T15:51:43Z,GJ27XY9999,GJ27XY9999,0.62,0.88
traffic1.mp4,CAM-BATCH-traffi,580,2026-09-02T15:51:43Z,GJ03KL4321,GJ03KL4321,0.51,0.88
traffic1.mp4,CAM-BATCH-traffi,580,2026-09-02T15:51:43Z,GJ01AB1234,GJ01AB1234,0.5,0.88
traffic1.mp4,CAM-BATCH-traffi,580,2026-09-02T15:51:43Z,GJ18CD5678,GJ18CD5678,0.46,0.88
traffic1.mp4,CAM-BATCH-traffi,585,2026-09-02T15:52:13Z,GJ05EF9012,GJ05EF9012,0.93,0.88
traffic1.mp4,CAM-BATCH-traffi,585,2026-09-02T15:52:13Z,GJ27XY9999,GJ27XY9999,0.85,0.88
traffic1.mp4,CAM-BATCH-traffi,585,2026-09-02T15:52:13Z,LEJL,LEJL,0.72,0.01
traffic1.mp4,CAM-BATCH-traffi,585,2026-09-02T15:52:13Z,GJ03KL4321,GJ03KL4321,0.62,0.88
traffic1.mp4,CAM-BATCH-traffi,585,2026-09-02T15:52:13Z,GJ01AB1234,GJ01AB1234,0.51,0.88
traffic1.mp4,CAM-BATCH-traffi,585,2026-09-02T15:52:13Z,GJ18CD5678,GJ18CD5678,0.5,0.88
traffic1.mp4,CAM-BATCH-traffi,585,2026-09-02T15:52:13Z,GJ05EF9012,GJ05EF9012,0.46,0.88
traffic1.mp4,CAM-BATCH-traffi,590,2026-09-02T15:52:44Z,MRA9091,MRA9091,0.92,0.44
traffic1.mp4,CAM-BATCH-traffi,590,2026-09-02T15:52:44Z,GJ27XY9999,GJ27XY9999,0.87,0.88
traffic1.mp4,CAM-BATCH-traffi,590,2026-09-02T15:52:44Z,TCZL,TCZL,0.64,0.01
traffic1.mp4,CAM-BATCH-traffi,590,2026-09-02T15:52:44Z,GJ03KL4321,GJ03KL4321,0.62,0.88
traffic1.mp4,CAM-BATCH-traffi,590,2026-09-02T15:52:44Z,GJ01AB1234,GJ01AB1234,0.61,0.88
traffic1.mp4,CAM-BATCH-traffi,590,2026-09-02T15:52:44Z,GJ18CD5678,GJ18CD5678,0.51,0.88
traffic1.mp4,CAM-BATCH-traffi,590,2026-09-02T15:52:44Z,GJ05EF9012,GJ05EF9012,0.5,0.88
traffic1.mp4,CAM-BATCH-traffi,590,2026-09-02T15:52:44Z,GJ27XY9999,GJ27XY9999,0.46,0.88
traffic1.mp4,CAM-BATCH-traffi,595,2026-09-02T15:53:17Z,KA02LM9491,KA02LM9491,0.92,0.27
traffic1.mp4,CAM-BATCH-traffi,595,2026-09-02T15:53:17Z,GJ03KL4321,GJ03KL4321,0.88,0.88
traffic1.mp4,CAM-BATCH-traffi,595,2026-09-02T15:53:17Z,GJ01AB1234,GJ01AB1234,0.61,0.88
traffic1.mp4,CAM-BATCH-traffi,595,2026-09-02T15:53:17Z,S5E7,S5E7,0.6,0.05
traffic1.mp4,CAM-BATCH-traffi,595,2026-09-02T15:53:17Z,GJ18CD5678,GJ18CD5678,0.52,0.88
traffic1.mp4,CAM-BATCH-traffi,595,2026-09-02T15:53:17Z,GJ05EF9012,GJ05EF9012,0.51,0.88
traffic1.mp4,CAM-BATCH-traffi,595,2026-09-02T15:53:17Z,GJ27XY9999,GJ27XY9999,0.46,0.88
traffic1.mp4,CAM-BATCH-traffi,595,2026-09-02T15:53:17Z,GJ03KL4321,GJ03KL4321,0.37,0.88
traffic1.mp4,CAM-BATCH-traffi,600,2026-09-02T15:53:53Z,O2MM9091,02MM9091,0.93,0.8
traffic1.mp4,CAM-BATCH-traffi,600,2026-09-02T15:53:53Z,GJ01AB1234,GJ01AB1234,0.89,0.88
traffic1.mp4,CAM-BATCH-traffi,600,2026-09-02T15:53:53Z,GJ18CD5678,GJ18CD5678,0.6,0.88
traffic1.mp4,CAM-BATCH-traffi,600,2026-09-02T15:53:53Z,GJ05EF9012,GJ05EF9012,0.53,0.88
traffic1.mp4,CAM-BATCH-traffi,600,2026-09-02T15:53:53Z,GJ27XY9999,GJ27XY9999,0.53,0.88
traffic1.mp4,CAM-BATCH-traffi,600,2026-09-02T15:53:53Z,GJ03KL4321,GJ03KL4321,0.53,0.88
traffic1.mp4,CAM-BATCH-traffi,600,2026-09-02T15:53:53Z,GJ01AB1234,GJ01AB1234,0.46,0.88
traffic1.mp4,CAM-BATCH-traffi,600,2026-09-02T15:53:53Z,GJ18CD5678,GJ18CD5678,0.39,0.88
traffic1.mp4,CAM-BATCH-traffi,605,2026-09-02T15:54:31Z,KA02HM90918,KA02HM90918,0.93,0.27
traffic1.mp4,CAM-BATCH-traffi,605,2026-09-02T15:54:31Z,GJ05EF9012,GJ05EF9012,0.88,0.88
traffic1.mp4,CAM-BATCH-traffi,605,2026-09-02T15:54:31Z,GJ27XY9999,GJ27XY9999,0.68,0.88
traffic1.mp4,CAM-BATCH-traffi,605,2026-09-02T15:54:31Z,GJ03KL4321,GJ03KL4321,0.59,0.88
traffic1.mp4,CAM-BATCH-traffi,605,2026-09-02T15:54:31Z,GJ01AB1234,GJ01AB1234,0.48,0.88
traffic1.mp4,CAM-BATCH-traffi,605,2026-09-02T15:54:31Z,GJ18CD5678,GJ18CD5678,0.44,0.88
traffic1.mp4,CAM-BATCH-traffi,605,2026-09-02T15:54:31Z,GJ05EF9012,GJ05EF9012,0.43,0.88
traffic1.mp4,CAM-BATCH-traffi,605,2026-09-02T15:54:31Z,GJ27XY9999,GJ27XY9999,0.38,0.88
traffic1.mp4,CAM-BATCH-traffi,610,2026-09-02T15:55:04Z,KA02HM9091,KA02HM9091,0.93,0.57
traffic1.mp4,CAM-BATCH-traffi,610,2026-09-02T15:55:04Z,GJ03KL4321,GJ03KL4321,0.88,0.88
traffic1.mp4,CAM-BATCH-traffi,610,2026-09-02T15:55:04Z,756,756,0.69,0.02
traffic1.mp4,CAM-BATCH-traffi,610,2026-09-02T15:55:04Z,GJ01AB1234,GJ01AB1234,0.6,0.88
traffic1.mp4,CAM-BATCH-traffi,610,2026-09-02T15:55:04Z,GJ18CD5678,GJ18CD5678,0.48,0.88
traffic1.mp4,CAM-BATCH-traffi,610,2026-09-02T15:55:04Z,GJ05EF9012,GJ05EF9012,0.43,0.88
traffic1.mp4,CAM-BATCH-traffi,610,2026-09-02T15:55:04Z,GJ27XY9999,GJ27XY9999,0.43,0.88
traffic1.mp4,CAM-BATCH-traffi,610,2026-09-02T15:55:04Z,GJ03KL4321,GJ03KL4321,0.38,0.88
traffic1.mp4,CAM-BATCH-traffi,615,2026-09-02T15:55:37Z,O2MM9091,02MM9091,0.93,0.76
traffic1.mp4,CAM-BATCH-traffi,615,2026-09-02T15:55:37Z,GJ01AB1234,GJ01AB1234,0.87,0.88
traffic1.mp4,CAM-BATCH-traffi,615,2026-09-02T15:55:37Z,GJ18CD5678,GJ18CD5678,0.69,0.88
traffic1.mp4,CAM-BATCH-traffi,615,2026-09-02T15:55:37Z,GJ05EF9012,GJ05EF9012,0.6,0.88
traffic1.mp4,CAM-BATCH-traffi,615,2026-09-02T15:55:37Z,GJ27XY9999,GJ27XY9999,0.5,0.88
traffic1.mp4,CAM-BATCH-traffi,615,2026-09-02T15:55:37Z,GJ03KL4321,GJ03KL4321,0.44,0.88
traffic1.mp4,CAM-BATCH-traffi,615,2026-09-02T15:55:37Z,GJ01AB1234,GJ01AB1234,0.4,0.88
traffic1.mp4,CAM-BATCH-traffi,615,2026-09-02T15:55:37Z,GJ18CD5678,GJ18CD5678,0.37,0.88
traffic1.mp4,CAM-BATCH-traffi,620,2026-09-02T15:56:11Z,KA02MM9091,KA02MM9091,0.9,1.0
traffic1.mp4,CAM-BATCH-traffi,620,2026-09-02T15:56:11Z,GJ05EF9012,GJ05EF9012,0.88,0.88
traffic1.mp4,CAM-BATCH-traffi,620,2026-09-02T15:56:11Z,8785,8785,0.77,0.09
traffic1.mp4,CAM-BATCH-traffi,620,2026-09-02T15:56:11Z,GJ27XY9999,GJ27XY9999,0.6,0.88
traffic1.mp4,CAM-BATCH-traffi,620,2026-09-02T15:56:11Z,GJ03KL4321,GJ03KL4321,0.49,0.88
traffic1.mp4,CAM-BATCH-traffi,620,2026-09-02T15:56:11Z,GJ01AB1234,GJ01AB1234,0.44,0.88
traffic1.mp4,CAM-BATCH-traffi,620,2026-09-02T15:56:11Z,GJ18CD5678,GJ18CD5678,0.35,0.88
traffic1.mp4,CAM-BATCH-traffi,625,2026-09-02T15:56:42Z,GJ05EF9012,GJ05EF9012,0.89,0.88
traffic1.mp4,CAM-BATCH-traffi,625,2026-09-02T15:56:42Z,GJ27XY9999,GJ27XY9999,0.71,0.88
traffic1.mp4,CAM-BATCH-traffi,625,2026-09-02T15:56:42Z,GJ03KL4321,GJ03KL4321,0.62,0.88
traffic1.mp4,CAM-BATCH-traffi,625,2026-09-02T15:56:42Z,GJ01AB1234,GJ01AB1234,0.49,0.88
traffic1.mp4,CAM-BATCH-traffi,625,2026-09-02T15:56:42Z,GJ18CD5678,GJ18CD5678,0.44,0.88
traffic1.mp4,CAM-BATCH-traffi,630,2026-09-02T15:57:09Z,GJ05EF9012,GJ05EF9012,0.89,0.88
traffic1.mp4,CAM-BATCH-traffi,630,2026-09-02T15:57:09Z,GJ27XY9999,GJ27XY9999,0.64,0.88
traffic1.mp4,CAM-BATCH-traffi,630,2026-09-02T15:57:09Z,GJ03KL4321,GJ03KL4321,0.6,0.88
traffic1.mp4,CAM-BATCH-traffi,630,2026-09-02T15:57:09Z,GJ01AB1234,GJ01AB1234,0.44,0.88
traffic1.mp4,CAM-BATCH-traffi,635,2026-09-02T15:57:30Z,GJ18CD5678,GJ18CD5678,0.89,0.88
traffic1.mp4,CAM-BATCH-traffi,635,2026-09-02T15:57:30Z,GJ05EF9012,GJ05EF9012,0.67,0.88
traffic1.mp4,CAM-BATCH-traffi,635,2026-09-02T15:57:30Z,GJ27XY9999,GJ27XY9999,0.63,0.88
traffic1.mp4,CAM-BATCH-traffi,635,2026-09-02T15:57:30Z,GJ03KL4321,GJ03KL4321,0.44,0.88
traffic1.mp4,CAM-BATCH-traffi,640,2026-09-02T15:57:51Z,GJ01AB1234,GJ01AB1234,0.89,0.88
traffic1.mp4,CAM-BATCH-traffi,640,2026-09-02T15:57:51Z,GJ18CD5678,GJ18CD5678,0.72,0.88
traffic1.mp4,CAM-BATCH-traffi,640,2026-09-02T15:57:51Z,GJ05EF9012,GJ05EF9012,0.51,0.88
traffic1.mp4,CAM-BATCH-traffi,640,2026-09-02T15:57:51Z,GJ27XY9999,GJ27XY9999,0.42,0.88
traffic1.mp4,CAM-BATCH-traffi,645,2026-09-02T15:58:12Z,GJ03KL4321,GJ03KL4321,0.88,0.88
traffic1.mp4,CAM-BATCH-traffi,645,2026-09-02T15:58:12Z,GJ01AB1234,GJ01AB1234,0.41,0.88
traffic1.mp4,CAM-BATCH-traffi,650,2026-09-02T15:58:25Z,GJ18CD5678,GJ18CD5678,0.88,0.88
traffic1.mp4,CAM-BATCH-traffi,650,2026-09-02T15:58:25Z,GJ05EF9012,GJ05EF9012,0.42,0.88
traffic1.mp4,CAM-BATCH-traffi,655,2026-09-02T15:58:38Z,GJ27XY9999,GJ27XY9999,0.87,0.88
traffic1.mp4,CAM-BATCH-traffi,655,2026-09-02T15:58:38Z,GJ03KL4321,GJ03KL4321,0.41,0.88
traffic1.mp4,CAM-BATCH-traffi,660,2026-09-02T15:58:50Z,GJ01AB1234,GJ01AB1234,0.86,0.88
traffic1.mp4,CAM-BATCH-traffi,660,2026-09-02T15:58:50Z,GJ18CD5678,GJ18CD5678,0.47,0.88
traffic1.mp4,CAM-BATCH-traffi,665,2026-09-02T15:59:03Z,GJ05EF9012,GJ05EF9012,0.81,0.88
traffic1.mp4,CAM-BATCH-traffi,665,2026-09-02T15:59:03Z,GJ27XY9999,GJ27XY9999,0.39,0.88
traffic1.mp4,CAM-BATCH-traffi,670,2026-09-02T15:59:16Z,GJ03KL4321,GJ03KL4321,0.87,0.88
traffic1.mp4,CAM-BATCH-traffi,670,2026-09-02T15:59:16Z,GJ01AB1234,GJ01AB1234,0.45,0.88
traffic1.mp4,CAM-BATCH-traffi,675,2026-09-02T15:59:28Z,GJ18CD5678,GJ18CD5678,0.86,0.88
traffic1.mp4,CAM-BATCH-traffi,675,2026-09-02T15:59:28Z,GJ05EF9012,GJ05EF9012,0.77,0.88
traffic1.mp4,CAM-BATCH-traffi,680,2026-09-02T15:59:39Z,GJ27XY9999,GJ27XY9999,0.86,0.88
traffic1.mp4,CAM-BATCH-traffi,680,2026-09-02T15:59:39Z,050,050,0.84,0.3
traffic1.mp4,CAM-BATCH-traffi,680,2026-09-02T15:59:39Z,GJ03KL4321,GJ03KL4321,0.45,0.88
traffic1.mp4,CAM-BATCH-traffi,685,2026-09-02T15:59:53Z,GJ01AB1234,GJ01AB1234,0.88,0.88
traffic1.mp4,CAM-BATCH-traffi,685,2026-09-02T15:59:53Z,GJ18CD5678,GJ18CD5678,0.84,0.88
traffic1.mp4,CAM-BATCH-traffi,690,2026-09-02T16:00:04Z,GJ05EF9012,GJ05EF9012,0.86,0.88
traffic1.mp4,CAM-BATCH-traffi,690,2026-09-02T16:00:04Z,GJ27XY9999,GJ27XY9999,0.85,0.88
traffic1.mp4,CAM-BATCH-traffi,690,2026-09-02T16:00:04Z,GJ03KL4321,GJ03KL4321,0.37,0.88
traffic1.mp4,CAM-BATCH-traffi,695,2026-09-02T16:00:21Z,GJ01AB1234,GJ01AB1234,0.81,0.88
traffic1.mp4,CAM-BATCH-traffi,695,2026-09-02T16:00:21Z,GJ18CD5678,GJ18CD5678,0.36,0.88
traffic1.mp4,CAM-BATCH-traffi,700,2026-09-02T16:00:34Z,GJ05EF9012,GJ05EF9012,0.82,0.88
traffic1.mp4,CAM-BATCH-traffi,700,2026-09-02T16:00:34Z,GJ27XY9999,GJ27XY9999,0.78,0.88
traffic1.mp4,CAM-BATCH-traffi,705,2026-09-02T16:00:50Z,GJ03KL4321,GJ03KL4321,0.82,0.88
traffic1.mp4,CAM-BATCH-traffi,705,2026-09-02T16:00:50Z,GJ01AB1234,GJ01AB1234,0.81,0.88
traffic1.mp4,CAM-BATCH-traffi,710,2026-09-02T16:01:07Z,GJ18CD5678,GJ18CD5678,0.84,0.88
traffic1.mp4,CAM-BATCH-traffi,710,2026-09-02T16:01:07Z,GJ05EF9012,GJ05EF9012,0.66,0.88
traffic1.mp4,CAM-BATCH-traffi,710,2026-09-02T16:01:07Z,GJ27XY9999,GJ27XY9999,0.5,0.88
traffic1.mp4,CAM-BATCH-traffi,715,2026-09-02T16:01:29Z,GJ03KL4321,GJ03KL4321,0.8,0.88
traffic1.mp4,CAM-BATCH-traffi,715,2026-09-02T16:01:29Z,GJ01AB1234,GJ01AB1234,0.76,0.88
traffic1.mp4,CAM-BATCH-traffi,715,2026-09-02T16:01:29Z,GJ18CD5678,GJ18CD5678,0.49,0.88
traffic1.mp4,CAM-BATCH-traffi,715,2026-09-02T16:01:29Z,GJ05EF9012,GJ05EF9012,0.39,0.88
traffic1.mp4,CAM-BATCH-traffi,720,2026-09-02T16:01:51Z,GJ27XY9999,GJ27XY9999,0.79,0.88
traffic1.mp4,CAM-BATCH-traffi,720,2026-09-02T16:01:51Z,YAN,YAN,0.78,0.0
traffic1.mp4,CAM-BATCH-traffi,720,2026-09-02T16:01:51Z,GJ03KL4321,GJ03KL4321,0.6,0.88
traffic1.mp4,CAM-BATCH-traffi,720,2026-09-02T16:01:51Z,GJ01AB1234,GJ01AB1234,0.54,0.88
traffic1.mp4,CAM-BATCH-traffi,720,2026-09-02T16:01:51Z,GJ18CD5678,GJ18CD5678,0.42,0.88
traffic1.mp4,CAM-BATCH-traffi,720,2026-09-02T16:01:51Z,GJ05EF9012,GJ05EF9012,0.41,0.88
traffic1.mp4,CAM-BATCH-traffi,725,2026-09-02T16:02:22Z,3EEL,3EEL,0.78,0.0
traffic1.mp4,CAM-BATCH-traffi,725,2026-09-02T16:02:22Z,GJ27XY9999,GJ27XY9999,0.77,0.88
traffic1.mp4,CAM-BATCH-traffi,725,2026-09-02T16:02:22Z,GJ03KL4321,GJ03KL4321,0.61,0.88
traffic1.mp4,CAM-BATCH-traffi,725,2026-09-02T16:02:22Z,GJ01AB1234,GJ01AB1234,0.57,0.88
traffic1.mp4,CAM-BATCH-traffi,725,2026-09-02T16:02:22Z,GJ18CD5678,GJ18CD5678,0.41,0.88
traffic1.mp4,CAM-BATCH-traffi,725,2026-09-02T16:02:22Z,GJ05EF9012,GJ05EF9012,0.39,0.88
traffic1.mp4,CAM-BATCH-traffi,730,2026-09-02T16:02:52Z,GJ27XY9999,GJ27XY9999,0.77,0.88
traffic1.mp4,CAM-BATCH-traffi,730,2026-09-02T16:02:52Z,DEEL,DEEL,0.75,0.01
traffic1.mp4,CAM-BATCH-traffi,730,2026-09-02T16:02:52Z,GJ03KL4321,GJ03KL4321,0.62,0.88
traffic1.mp4,CAM-BATCH-traffi,730,2026-09-02T16:02:52Z,GJ01AB1234,GJ01AB1234,0.55,0.88
traffic1.mp4,CAM-BATCH-traffi,730,2026-09-02T16:02:52Z,GJ18CD5678,GJ18CD5678,0.42,0.88
traffic1.mp4,CAM-BATCH-traffi,730,2026-09-02T16:02:52Z,GJ05EF9012,GJ05EF9012,0.4,0.88
traffic1.mp4,CAM-BATCH-traffi,735,2026-09-02T16:03:22Z,GJ27XY9999,GJ27XY9999,0.78,0.88
traffic1.mp4,CAM-BATCH-traffi,735,2026-09-02T16:03:22Z,VEL,VEL,0.74,0.05
traffic1.mp4,CAM-BATCH-traffi,735,2026-09-02T16:03:22Z,GJ03KL4321,GJ03KL4321,0.61,0.88
traffic1.mp4,CAM-BATCH-traffi,735,2026-09-02T16:03:22Z,GJ01AB1234,GJ01AB1234,0.55,0.88
traffic1.mp4,CAM-BATCH-traffi,735,2026-09-02T16:03:22Z,GJ18CD5678,GJ18CD5678,0.42,0.88
traffic1.mp4,CAM-BATCH-traffi,735,2026-09-02T16:03:22Z,GJ05EF9012,GJ05EF9012,0.4,0.88
traffic1.mp4,CAM-BATCH-traffi,740,2026-09-02T16:03:52Z,GJ27XY9999,GJ27XY9999,0.8,0.88
traffic1.mp4,CAM-BATCH-traffi,740,2026-09-02T16:03:52Z,ZET,ZET,0.73,0.0
traffic1.mp4,CAM-BATCH-traffi,740,2026-09-02T16:03:52Z,GJ03KL4321,GJ03KL4321,0.63,0.88
traffic1.mp4,CAM-BATCH-traffi,740,2026-09-02T16:03:52Z,GJ01AB1234,GJ01AB1234,0.53,0.88
traffic1.mp4,CAM-BATCH-traffi,740,2026-09-02T16:03:52Z,GJ18CD5678,GJ18CD5678,0.42,0.88
traffic1.mp4,CAM-BATCH-traffi,740,2026-09-02T16:03:52Z,GJ05EF9012,GJ05EF9012,0.4,0.88
traffic1.mp4,CAM-BATCH-traffi,745,2026-09-02T16:04:23Z,GJ27XY9999,GJ27XY9999,0.8,0.88
traffic1.mp4,CAM-BATCH-traffi,745,2026-09-02T16:04:23Z,LEL,LEL,0.73,0.02
traffic1.mp4,CAM-BATCH-traffi,745,2026-09-02T16:04:23Z,GJ03KL4321,GJ03KL4321,0.62,0.88
traffic1.mp4,CAM-BATCH-traffi,745,2026-09-02T16:04:23Z,GJ01AB1234,GJ01AB1234,0.52,0.88
traffic1.mp4,CAM-BATCH-traffi,745,2026-09-02T16:04:23Z,GJ18CD5678,GJ18CD5678,0.42,0.88
traffic1.mp4,CAM-BATCH-traffi,745,2026-09-02T16:04:23Z,GJ05EF9012,GJ05EF9012,0.39,0.88
traffic1.mp4,CAM-BATCH-traffi,750,2026-09-02T16:04:53Z,GJ27XY9999,GJ27XY9999,0.81,0.88
traffic1.mp4,CAM-BATCH-traffi,750,2026-09-02T16:04:53Z,ELE,ELE,0.7,0.0
traffic1.mp4,CAM-BATCH-traffi,750,2026-09-02T16:04:53Z,GJ03KL4321,GJ03KL4321,0.64,0.88
traffic1.mp4,CAM-BATCH-traffi,750,2026-09-02T16:04:53Z,GJ01AB1234,GJ01AB1234,0.53,0.88
traffic1.mp4,CAM-BATCH-traffi,750,2026-09-02T16:04:53Z,GJ18CD5678,GJ18CD5678,0.42,0.88
traffic1.mp4,CAM-BATCH-traffi,750,2026-09-02T16:04:53Z,GJ05EF9012,GJ05EF9012,0.39,0.88
traffic1.mp4,CAM-BATCH-traffi,755,2026-09-02T16:05:22Z,GJ27XY9999,GJ27XY9999,0.82,0.88
traffic1.mp4,CAM-BATCH-traffi,755,2026-09-02T16:05:22Z,GJ03KL4321,GJ03KL4321,0.68,0.88
traffic1.mp4,CAM-BATCH-traffi,755,2026-09-02T16:05:22Z,GJ01AB1234,GJ01AB1234,0.64,0.88
traffic1.mp4,CAM-BATCH-traffi,755,2026-09-02T16:05:22Z,GJ18CD5678,GJ18CD5678,0.51,0.88
traffic1.mp4,CAM-BATCH-traffi,755,2026-09-02T16:05:22Z,GJ05EF9012,GJ05EF9012,0.41,0.88
traffic1.mp4,CAM-BATCH-traffi,760,2026-09-02T16:05:48Z,GJ27XY9999,GJ27XY9999,0.81,0.88
traffic1.mp4,CAM-BATCH-traffi,760,2026-09-02T16:05:48Z,GJ03KL4321,GJ03KL4321,0.67,0.88
traffic1.mp4,CAM-BATCH-traffi,760,2026-09-02T16:05:48Z,GJ01AB1234,GJ01AB1234,0.64,0.88
traffic1.mp4,CAM-BATCH-traffi,760,2026-09-02T16:05:48Z,GJ18CD5678,GJ18CD5678,0.52,0.88
traffic1.mp4,CAM-BATCH-traffi,760,2026-09-02T16:05:48Z,GJ05EF9012,GJ05EF9012,0.51,0.88
traffic1.mp4,CAM-BATCH-traffi,760,2026-09-02T16:05:48Z,GJ27XY9999,GJ27XY9999,0.43,0.88
traffic1.mp4,CAM-BATCH-traffi,760,2026-09-02T16:05:48Z,GJ03KL4321,GJ03KL4321,0.41,0.88
traffic1.mp4,CAM-BATCH-traffi,760,2026-09-02T16:05:48Z,GJ01AB1234,GJ01AB1234,0.39,0.88
traffic1.mp4,CAM-BATCH-traffi,760,2026-09-02T16:05:48Z,GJ18CD5678,GJ18CD5678,0.38,0.88
traffic1.mp4,CAM-BATCH-traffi,760,2026-09-02T16:05:48Z,GJ05EF9012,GJ05EF9012,0.37,0.88
traffic1.mp4,CAM-BATCH-traffi,765,2026-09-02T16:06:30Z,GJ27XY9999,GJ27XY9999,0.81,0.88
traffic1.mp4,CAM-BATCH-traffi,765,2026-09-02T16:06:30Z,EUELT,EUELT,0.68,0.0
traffic1.mp4,CAM-BATCH-traffi,765,2026-09-02T16:06:30Z,GJ03KL4321,GJ03KL4321,0.65,0.88
traffic1.mp4,CAM-BATCH-traffi,765,2026-09-02T16:06:30Z,GJ01AB1234,GJ01AB1234,0.52,0.88
traffic1.mp4,CAM-BATCH-traffi,765,2026-09-02T16:06:30Z,GJ18CD5678,GJ18CD5678,0.43,0.88
traffic1.mp4,CAM-BATCH-traffi,765,2026-09-02T16:06:30Z,GJ05EF9012,GJ05EF9012,0.36,0.88
traffic1.mp4,CAM-BATCH-traffi,765,2026-09-02T16:06:30Z,GJ27XY9999,GJ27XY9999,0.35,0.88
traffic1.mp4,CAM-BATCH-traffi,770,2026-09-02T16:07:03Z,GJ03KL4321,GJ03KL4321,0.8,0.88
traffic1.mp4,CAM-BATCH-traffi,770,2026-09-02T16:07:03Z,GJ01AB1234,GJ01AB1234,0.67,0.88
traffic1.mp4,CAM-BATCH-traffi,770,2026-09-02T16:07:03Z,GJ18CD5678,GJ18CD5678,0.65,0.88
traffic1.mp4,CAM-BATCH-traffi,770,2026-09-02T16:07:03Z,GJ05EF9012,GJ05EF9012,0.51,0.88
traffic1.mp4,CAM-BATCH-traffi,770,2026-09-02T16:07:03Z,GJ27XY9999,GJ27XY9999,0.43,0.88
traffic1.mp4,CAM-BATCH-traffi,770,2026-09-02T16:07:03Z,GJ03KL4321,GJ03KL4321,0.37,0.88
traffic1.mp4,CAM-BATCH-traffi,775,2026-09-02T16:07:34Z,GJ01AB1234,GJ01AB1234,0.8,0.88
traffic1.mp4,CAM-BATCH-traffi,775,2026-09-02T16:07:34Z,GJ18CD5678,GJ18CD5678,0.68,0.88
traffic1.mp4,CAM-BATCH-traffi,775,2026-09-02T16:07:34Z,GJ05EF9012,GJ05EF9012,0.66,0.88
traffic1.mp4,CAM-BATCH-traffi,775,2026-09-02T16:07:34Z,GJ27XY9999,GJ27XY9999,0.51,0.88
traffic1.mp4,CAM-BATCH-traffi,775,2026-09-02T16:07:34Z,GJ03KL4321,GJ03KL4321,0.43,0.88
traffic1.mp4,CAM-BATCH-traffi,775,2026-09-02T16:07:34Z,GJ01AB1234,GJ01AB1234,0.37,0.88
traffic1.mp4,CAM-BATCH-traffi,780,2026-09-02T16:08:04Z,GJ18CD5678,GJ18CD5678,0.79,0.88
traffic1.mp4,CAM-BATCH-traffi,780,2026-09-02T16:08:04Z,SEI,SEI,0.69,0.0
traffic1.mp4,CAM-BATCH-traffi,780,2026-09-02T16:08:04Z,GJ05EF9012,GJ05EF9012,0.66,0.88
traffic1.mp4,CAM-BATCH-traffi,780,2026-09-02T16:08:04Z,GJ27XY9999,GJ27XY9999,0.52,0.88
traffic1.mp4,CAM-BATCH-traffi,780,2026-09-02T16:08:04Z,GJ03KL4321,GJ03KL4321,0.43,0.88
traffic1.mp4,CAM-BATCH-traffi,780,2026-09-02T16:08:04Z,GJ01AB1234,GJ01AB1234,0.37,0.88
